timestamp,fossil_gas_mw,fossil_hard_coal_mw,fossil_oil_mw,fossil_peat_mw,hydro_pumped_storage_mw,hydro_run_of_river_mw,other_mw,solar_mw,wind_onshore_mw,load_mw,sem_price_currency_per_mwh,renewable_vre_mw,renewable_vre_share,residual_load_mw,known_generation_mw,generation_complete,load_complete,price_complete
2026-01-01 00:00:00,639.81,0.0,167.717,41.202,0.0,63.62,0.0,0.0,1326.084,3877.694,80.0,1326.084,0.34197747424113406,2551.6099999999997,2238.433,True,True,True
2026-01-01 00:30:00,604.56,0.0,173.771,41.061,0.0,63.784,0.0,0.0,1416.327,3868.898,80.0,1416.327,0.3660802119880131,2452.571,2299.5029999999997,True,True,True
2026-01-01 01:00:00,705.741,0.0,166.042,41.339,0.0,63.626,0.0,0.0,1404.501,3814.388,85.43,1404.501,0.36821136182265674,2409.8869999999997,2381.249,True,True,True
2026-01-01 01:30:00,659.983,0.0,164.366,41.13,0.0,63.646,0.0,0.0,1324.102,3714.44,85.43,1324.102,0.3564741926104608,2390.3379999999997,2253.227,True,True,True
2026-01-01 02:00:00,669.593,0.0,0.006,41.27,0.0,64.296,0.0,0.0,1453.805,3648.388,84.315,1453.805,0.3984787253987241,2194.5829999999996,2228.9700000000003,True,True,True
2026-01-01 02:30:00,620.196,0.0,0.006,41.339,0.0,63.538,0.0,0.0,1540.146,3634.986,84.315,1540.146,0.42370066899845005,2094.84,2265.225,True,True,True
2026-01-01 03:00:00,509.865,0.0,0.006,41.339,0.0,63.267,0.0,0.0,1564.955,3541.854,80.955,1564.955,0.4418462759899194,1976.899,2179.432,True,True,True
2026-01-01 03:30:00,457.756,0.0,0.006,41.339,0.0,63.27,0.0,0.0,1545.507,3459.948,80.955,1545.507,0.44668503688494743,1914.4409999999998,2107.878,True,True,True
2026-01-01 04:00:00,487.421,0.0,0.006,41.48,0.0,63.295,0.0,0.0,1455.568,3403.347,79.6,1455.568,0.42768721496808876,1947.7790000000002,2047.77,True,True,True
2026-01-01 04:30:00,480.608,0.0,0.006,41.339,0.0,63.004,0.0,0.0,1390.719,3358.361,79.6,1390.719,0.414106464433097,1967.6419999999998,1975.676,True,True,True
2026-01-01 05:00:00,499.8,0.0,0.006,41.061,0.0,63.196,0.0,0.0,1272.407,3315.682,73.75,1272.407,0.3837542321609853,2043.2749999999999,1876.4699999999998,True,True,True
2026-01-01 05:30:00,503.812,0.0,0.006,41.339,0.0,63.571,0.0,0.0,1246.367,3313.966,73.75,1246.367,0.37609528884726035,2067.599,1855.095,True,True,True
2026-01-01 06:00:00,502.545,0.0,0.006,41.48,0.0,63.764,0.0,0.0,1093.625,3322.59,76.495,1093.625,0.32914834511630986,2228.965,1701.42,True,True,True
2026-01-01 06:30:00,493.869,0.0,0.006,41.339,0.0,63.783,0.0,0.0,1163.071,3358.793,76.495,1163.071,0.34627647491226754,2195.722,1762.068,True,True,True
2026-01-01 07:00:00,485.837,0.0,0.006,41.339,0.0,63.266,0.0,0.0,1113.421,3401.777,76.915,1113.421,0.32730569934478365,2288.3559999999998,1703.8690000000001,True,True,True
2026-01-01 07:30:00,505.624,0.0,0.006,41.27,0.0,63.669,0.0,0.0,1097.115,3460.82,76.915,1097.115,0.31701013054709576,2363.705,1707.684,True,True,True
2026-01-01 08:00:00,514.499,0.0,0.006,41.202,0.0,63.396,0.0,0.0,1131.937,3456.395,79.9,1131.937,0.327490636920838,2324.458,1751.04,True,True,True
2026-01-01 08:30:00,501.124,0.0,0.006,41.061,0.0,63.272,0.0,0.0,1176.061,3486.873,79.9,1176.061,0.3372824304183146,2310.812,1781.524,True,True,True
2026-01-01 09:00:00,528.182,0.0,0.006,41.339,0.0,95.509,0.0,0.0,1139.933,3561.237,83.25,1139.933,0.3200946749682765,2421.304,1804.969,True,True,True
2026-01-01 09:30:00,700.831,0.0,0.006,41.061,0.0,94.173,0.0,0.0,1043.088,3668.61,83.25,1043.088,0.28432785169314806,2625.522,1879.159,True,True,True
2026-01-01 10:00:00,730.523,0.0,126.122,41.412,0.0,93.857,0.0,0.0,981.297,3772.632,93.97,981.297,0.26010938782261295,2791.335,1973.211,True,True,True
2026-01-01 10:30:00,654.93,0.0,163.026,41.339,0.0,94.699,0.0,0.0,1037.258,3862.328,93.97,1037.258,0.26855771959295016,2825.0699999999997,1991.252,True,True,True
2026-01-01 11:00:00,691.872,0.0,179.803,41.339,0.0,94.672,0.0,0.0,1000.38,3935.771,85.25,1000.38,0.2541763735745804,2935.391,2008.0659999999998,True,True,True
2026-01-01 11:30:00,838.281,0.0,177.122,70.452,0.0,94.818,0.0,0.0,948.145,4038.088,85.25,948.145,0.23480047983104874,3089.943,2128.818,True,True,True
2026-01-01 12:00:00,800.014,0.0,164.031,80.304,0.0,94.434,0.0,0.0,978.677,4092.347,85.575,978.677,0.2391480976564304,3113.67,2117.46,True,True,True
2026-01-01 12:30:00,857.472,0.0,183.824,80.445,0.0,95.772,0.0,0.0,930.465,4147.851,85.575,930.465,0.2243245960378037,3217.3859999999995,2147.978,True,True,True
2026-01-01 13:00:00,825.337,0.0,169.058,80.445,0.0,94.441,0.0,0.0,978.579,4169.547,80.63,978.579,0.23469671885219187,3190.968,2147.8599999999997,True,True,True
2026-01-01 13:30:00,781.451,0.0,165.036,76.604,0.0,93.532,0.0,0.0,1137.379,4188.054,80.63,1137.379,0.27157696629508593,3050.675,2254.002,True,True,True
2026-01-01 14:00:00,742.267,0.0,168.387,66.47,0.0,94.559,0.0,0.0,1157.702,4176.53,81.595,1157.702,0.2771923103629089,3018.8279999999995,2229.385,True,True,True
2026-01-01 14:30:00,730.878,0.0,168.052,66.337,0.0,94.324,0.0,0.0,1273.502,4233.498,81.595,1273.502,0.3008155430804503,2959.9959999999996,2333.093,True,True,True
2026-01-01 15:00:00,732.348,0.0,165.372,66.47,0.0,94.472,0.0,0.0,1323.062,4216.481,103.85,1323.062,0.3137834606630505,2893.419,2381.724,True,True,True
2026-01-01 15:30:00,807.843,0.0,167.717,80.578,0.0,94.633,0.0,0.0,1385.196,4270.759,103.85,1385.196,0.3243442207813646,2885.563,2535.9669999999996,True,True,True
2026-01-01 16:00:00,977.812,0.0,174.441,80.445,13.762,94.792,0.0,0.0,1282.229,4358.465,147.86,1282.229,0.29419279494042055,3076.236,2623.481,True,True,True
2026-01-01 16:30:00,1066.446,0.0,179.468,80.445,104.66,63.124,0.0,0.0,1233.965,4493.106,147.86,1233.965,0.27463518554870503,3259.1409999999996,2728.108,True,True,True
2026-01-01 17:00:00,1076.303,0.0,169.058,80.373,220.239,63.345,0.0,0.0,1190.266,4664.933,180.23,1190.266,0.2551517888895725,3474.667,2799.5840000000003,True,True,True
2026-01-01 17:30:00,978.572,0.0,164.031,80.578,216.432,63.545,0.0,0.0,1247.17,4762.992,180.23,1247.17,0.2618459153406094,3515.822,2750.328,True,True,True
2026-01-01 18:00:00,1025.882,0.0,162.356,80.505,219.072,63.498,0.0,0.0,1200.152,4737.116,169.8,1200.152,0.25335077291753044,3536.964,2751.465,True,True,True
2026-01-01 18:30:00,1079.5,0.0,164.031,80.304,217.088,63.653,0.0,0.0,1242.88,4707.213,169.8,1242.88,0.26403734014160823,3464.3329999999996,2847.456,True,True,True
2026-01-01 19:00:00,1124.365,0.0,167.047,80.445,220.163,63.599,0.0,0.0,1324.767,4657.201,140.43,1324.767,0.2844556204467018,3332.434,2980.386,True,True,True
2026-01-01 19:30:00,1049.708,0.0,140.888,76.673,213.281,63.47,0.0,0.0,1260.37,4533.958,140.43,1260.37,0.27798448949019816,3273.5879999999997,2804.39,True,True,True
2026-01-01 20:00:00,1094.522,0.0,0.006,70.661,220.392,63.381,0.0,0.0,1299.684,4469.114,133.65,1299.684,0.2908146894440375,3169.4299999999994,2748.6459999999997,True,True,True
2026-01-01 20:30:00,928.605,0.0,0.006,70.242,218.339,63.346,0.0,0.0,1354.83,4379.143,133.65,1354.83,0.3093824522286666,3024.313,2635.368,True,True,True
2026-01-01 21:00:00,924.282,0.0,0.006,69.273,82.534,63.984,0.0,0.0,1414.747,4287.283,111.695,1414.747,0.3299868471477157,2872.536,2554.826,True,True,True
2026-01-01 21:30:00,779.686,0.0,0.006,58.168,0.0,63.605,0.0,0.0,1504.107,4188.226,111.695,1504.107,0.359127468288483,2684.1189999999997,2405.572,True,True,True
2026-01-01 22:00:00,721.899,0.0,0.006,41.202,0.0,64.237,0.0,0.0,1567.315,4086.653,85.0,1567.315,0.38352045059857054,2519.3379999999997,2394.659,True,True,True
2026-01-01 22:30:00,500.475,0.0,0.006,41.202,0.0,63.424,0.0,0.0,1643.013,3981.502,85.0,1643.013,0.4126616035857824,2338.489,2248.12,True,True,True
2026-01-01 23:00:00,475.794,0.0,0.006,41.202,0.0,63.324,0.0,0.0,1584.352,3845.28,84.49,1584.352,0.4120251321100154,2260.928,2164.678,True,True,True
2026-01-01 23:30:00,518.322,0.0,0.006,41.27,0.0,63.805,0.0,0.0,1492.466,3864.11,84.49,1492.466,0.3862379694159845,2371.6440000000002,2115.8689999999997,True,True,True
2026-01-02 00:00:00,526.529,0.0,0.006,41.339,0.0,63.584,0.0,0.0,1445.882,3755.4,83.0,1445.882,0.38501411301059807,2309.518,2077.34,True,True,True
2026-01-02 00:30:00,502.124,0.0,0.006,41.339,0.0,63.124,0.0,0.0,1585.254,3672.085,83.0,1585.254,0.4317040591380646,2086.831,2191.8469999999998,True,True,True
2026-01-02 01:00:00,484.406,0.0,0.006,41.27,0.0,63.568,0.0,0.0,1513.85,3559.57,83.745,1513.85,0.42529013335880456,2045.7200000000003,2103.1,True,True,True
2026-01-02 01:30:00,531.053,0.0,0.006,41.27,0.0,63.932,0.0,0.0,1545.441,3513.117,83.745,1545.441,0.43990592969149617,1967.6760000000002,2181.702,True,True,True
2026-01-02 02:00:00,478.762,0.0,0.006,41.339,0.0,62.991,0.0,0.0,1520.664,3451.336,81.25,1520.664,0.4406015525581978,1930.6719999999998,2103.7619999999997,True,True,True
2026-01-02 02:30:00,501.281,0.0,0.006,41.339,0.0,63.782,0.0,0.0,1477.817,3485.599,81.25,1477.817,0.42397791599091,2007.7820000000002,2084.225,True,True,True
2026-01-02 03:00:00,521.812,0.0,0.006,41.339,0.0,63.47,0.0,0.0,1476.867,3450.23,80.745,1476.867,0.42804885471403353,1973.363,2103.494,True,True,True
2026-01-02 03:30:00,508.303,0.0,0.006,41.339,0.0,63.875,0.0,0.0,1411.848,3434.05,80.745,1411.848,0.4111320452526899,2022.2020000000002,2025.371,True,True,True
2026-01-02 04:00:00,488.363,0.0,0.006,41.27,0.0,63.537,0.0,0.0,1381.747,3397.291,79.9,1381.747,0.40672023680043895,2015.544,1974.9230000000002,True,True,True
2026-01-02 04:30:00,503.858,0.0,0.006,41.339,0.0,62.993,0.0,0.0,1379.583,3362.988,79.9,1379.583,0.41022537100935247,1983.4049999999997,1987.779,True,True,True
2026-01-02 05:00:00,521.914,0.0,0.006,41.339,0.0,63.137,0.0,0.0,1449.041,3365.649,72.43,1449.041,0.43053835976359983,1916.608,2075.437,True,True,True
2026-01-02 05:30:00,566.273,0.0,0.006,41.339,0.0,62.956,0.0,0.0,1497.031,3381.857,72.43,1497.031,0.44266537585711047,1884.826,2167.605,True,True,True
2026-01-02 06:00:00,524.331,0.0,0.006,41.339,0.0,62.956,0.0,0.0,1635.945,3471.886,82.6,1635.945,0.4711977870241131,1835.941,2264.577,True,True,True
2026-01-02 06:30:00,658.363,0.0,0.006,41.412,0.0,64.002,0.0,0.0,1486.318,3596.593,82.6,1486.318,0.4132572131458856,2110.2749999999996,2250.101,True,True,True
2026-01-02 07:00:00,834.33,0.0,0.006,41.339,0.0,64.306,0.0,0.0,1352.337,3708.009,123.735,1352.337,0.3647070435913181,2355.672,2292.318,True,True,True
2026-01-02 07:30:00,1183.401,0.0,0.006,73.182,0.0,63.826,0.0,0.0,1287.467,3920.868,123.735,1287.467,0.32836275028896666,2633.401,2607.8820000000005,True,True,True
2026-01-02 08:00:00,1102.869,0.0,0.006,80.445,0.0,63.71,0.0,0.0,1295.094,3991.528,114.75,1295.094,0.3244607077790761,2696.4339999999997,2542.124,True,True,True
2026-01-02 08:30:00,1198.18,0.0,0.006,81.206,0.0,64.275,0.0,0.0,1359.792,4149.241,114.75,1359.792,0.32772066023641433,2789.449,2703.459,True,True,True
2026-01-02 09:00:00,1224.386,0.0,75.456,74.152,0.0,63.533,0.0,0.0,1239.239,4297.69,118.28,1239.239,0.28835002059245785,3058.4509999999996,2676.7659999999996,True,True,True
2026-01-02 09:30:00,1187.202,0.0,202.611,81.274,0.0,67.956,0.0,0.0,1120.634,4477.673,118.28,1120.634,0.2502715137974569,3357.0389999999998,2659.6769999999997,True,True,True
2026-01-02 10:00:00,1199.417,0.0,192.558,78.066,0.0,67.395,0.0,0.0,1191.612,4502.542,114.615,1191.612,0.26465316703320035,3310.9300000000003,2729.048,True,True,True
2026-01-02 10:30:00,1211.105,0.0,196.58,78.903,0.0,102.683,0.0,0.0,1060.296,4561.324,114.615,1060.296,0.2324535595366609,3501.0279999999993,2649.567,True,True,True
2026-01-02 11:00:00,1218.274,0.0,201.271,80.646,0.0,115.455,0.0,0.0,1137.641,4554.312,97.5,1137.641,0.2497942609114176,3416.671,2753.287,True,True,True
2026-01-02 11:30:00,1258.702,0.0,270.053,78.206,0.0,114.984,0.0,0.0,1058.343,4501.015,97.5,1058.343,0.23513429748623366,3442.6720000000005,2780.288,True,True,True
2026-01-02 12:00:00,1289.943,0.0,285.49,80.787,0.0,115.644,0.0,0.0,1012.218,4496.686,91.985,1012.218,0.22510310926758062,3484.468,2784.082,True,True,True
2026-01-02 12:30:00,1273.304,0.0,230.133,79.044,0.0,115.553,0.0,0.0,1080.953,4487.774,91.985,1080.953,0.24086618443798638,3406.8210000000004,2778.987,True,True,True
2026-01-02 13:00:00,1099.794,0.0,171.068,81.137,0.0,114.829,0.0,0.0,1325.025,4500.887,93.59,1325.025,0.29439197207128287,3175.8619999999996,2791.853,True,True,True
2026-01-02 13:30:00,1203.494,0.0,226.09,81.834,0.0,115.34,0.0,0.0,1293.99,4497.224,93.59,1293.99,0.2877308312861445,3203.2340000000004,2920.7479999999996,True,True,True
2026-01-02 14:00:00,1292.632,0.0,166.712,80.445,0.0,114.651,0.0,0.0,1240.588,4459.956,99.5,1240.588,0.2781614885886766,3219.3680000000004,2895.0280000000002,True,True,True
2026-01-02 14:30:00,1306.829,0.0,174.441,80.996,0.0,115.495,0.0,0.0,1345.842,4494.186,99.5,1345.842,0.2994629060746485,3148.3439999999996,3023.603,True,True,True
2026-01-02 15:00:00,1320.092,0.0,180.473,81.347,0.0,108.925,0.0,0.0,1301.773,4556.798,115.715,1301.773,0.285677135567563,3255.0249999999996,2992.6099999999997,True,True,True
2026-01-02 15:30:00,1299.13,0.0,286.495,76.955,0.0,95.256,0.0,0.0,1134.99,4643.861,115.715,1134.99,0.24440654016130114,3508.871,2892.826,True,True,True
2026-01-02 16:00:00,1360.046,0.0,362.649,81.347,21.521,64.298,0.0,0.0,1170.704,4791.525,136.36,1170.704,0.24432805839476995,3620.821,3060.5649999999996,True,True,True
2026-01-02 16:30:00,1374.916,0.0,447.516,71.922,135.719,63.749,0.0,0.0,1171.731,4901.646,136.36,1171.731,0.2390484747368537,3729.915,3265.553,True,True,True
2026-01-02 17:00:00,1415.915,0.0,460.942,50.345,199.075,63.534,0.0,0.0,1222.45,5167.75,169.565,1222.45,0.2365536258526438,3945.3,3412.2610000000004,True,True,True
2026-01-02 17:30:00,1410.83,0.0,444.5,41.339,193.948,63.335,0.0,0.0,1248.171,5287.036,169.565,1248.171,0.23608142634171586,4038.865,3402.1229999999996,True,True,True
2026-01-02 18:00:00,1305.807,0.0,451.872,41.339,198.342,63.988,0.0,0.0,1333.181,5272.863,156.87,1333.181,0.2528381640107092,3939.6820000000002,3394.529,True,True,True
2026-01-02 18:30:00,1228.52,0.0,435.095,41.27,218.194,63.42,0.0,0.0,1499.393,5199.387,156.87,1499.393,0.2883788031165982,3699.9939999999997,3485.892,True,True,True
2026-01-02 19:00:00,1255.294,0.0,399.889,41.339,220.682,63.415,0.0,0.0,1426.468,5121.878,130.49,1426.468,0.278504876531616,3695.41,3407.0870000000004,True,True,True
2026-01-02 19:30:00,1196.547,0.0,262.659,41.339,211.747,63.207,0.0,0.0,1503.761,5023.584,130.49,1503.761,0.29934027180594575,3519.823,3279.26,True,True,True
2026-01-02 20:00:00,1184.374,0.0,164.366,41.339,214.967,63.578,0.0,0.0,1531.255,4907.988,120.89,1531.255,0.31199240910939474,3376.733,3199.879,True,True,True
2026-01-02 20:30:00,1115.725,0.0,173.436,41.13,154.03,64.388,0.0,0.0,1484.266,4836.663,120.89,1484.266,0.30687810996962167,3352.3969999999995,3032.975,True,True,True
2026-01-02 21:00:00,1209.105,0.0,187.51,41.548,0.0,63.68,0.0,0.0,1503.025,4715.387,103.99,1503.025,0.318749023144866,3212.3619999999996,3004.8680000000004,True,True,True
2026-01-02 21:30:00,1248.032,0.0,169.058,41.339,0.0,63.496,0.0,0.0,1518.578,4587.118,103.99,1518.578,0.3310527437925076,3068.5400000000004,3040.5029999999997,True,True,True
2026-01-02 22:00:00,1267.128,0.0,164.031,67.17,0.0,64.006,0.0,0.0,1448.129,4417.846,94.775,1448.129,0.3277907378392094,2969.7169999999996,3010.464,True,True,True
2026-01-02 22:30:00,1279.519,0.0,0.006,69.273,0.0,64.079,0.0,0.0,1561.225,4298.172,94.775,1561.225,0.36322999637985637,2736.9469999999997,2974.102,True,True,True
2026-01-02 23:00:00,963.225,0.0,0.006,70.311,91.549,63.96,0.0,0.0,1540.737,4165.388,116.74,1540.737,0.3698903919634858,2624.651,2729.788,True,True,True
2026-01-02 23:30:00,738.012,0.0,0.006,66.611,142.606,64.173,0.0,0.0,1598.794,4224.101,116.74,1598.794,0.37849331727626784,2625.307,2610.202,True,True,True
2026-01-03 00:00:00,598.236,0.0,0.006,68.149,0.0,63.708,0.0,0.0,1632.005,4118.951,102.32,1632.005,0.3962186003183821,2486.946,2362.1040000000003,True,True,True
2026-01-03 00:30:00,771.758,0.0,0.006,83.586,0.0,64.224,0.0,0.0,1582.318,4018.0,102.32,1582.318,0.3938073668491787,2435.682,2501.892,True,True,True
2026-01-03 01:00:00,838.476,0.0,0.006,73.041,0.0,63.559,0.0,0.0,1668.97,3941.892,94.005,1668.97,0.4233931320289851,2272.9219999999996,2644.052,True,True,True
2026-01-03 01:30:00,902.72,0.0,0.006,72.763,0.0,63.82,0.0,0.0,1512.18,3843.862,94.005,1512.18,0.3934012199189253,2331.682,2551.489,True,True,True
2026-01-03 02:00:00,921.49,0.0,0.006,66.888,0.0,63.496,0.0,0.0,1447.382,3794.034,94.55,1447.382,0.38148893763208236,2346.652,2499.262,True,True,True
2026-01-03 02:30:00,699.202,0.0,0.006,69.482,0.0,63.412,0.0,0.0,1641.86,3824.935,94.55,1641.86,0.4292517389184391,2183.075,2473.962,True,True,True
2026-01-03 03:00:00,597.488,0.0,0.006,65.427,0.0,63.466,0.0,0.0,1635.94,3739.688,94.3,1635.94,0.4374536057553464,2103.748,2362.327,True,True,True
2026-01-03 03:30:00,515.074,0.0,0.006,70.593,0.0,63.543,0.0,0.0,1675.149,3660.214,94.3,1675.149,0.4576642240043888,1985.065,2324.365,True,True,True
2026-01-03 04:00:00,496.207,0.0,0.006,67.17,0.0,63.36,0.0,0.0,1653.956,3613.966,94.105,1653.956,0.45765676821530693,1960.01,2280.699,True,True,True
2026-01-03 04:30:00,627.527,0.0,0.006,75.835,0.0,64.316,0.0,0.0,1479.375,3568.696,94.105,1479.375,0.41454217450856,2089.321,2247.059,True,True,True
2026-01-03 05:00:00,718.61,0.0,0.006,74.852,0.0,63.191,0.0,0.0,1494.976,3528.741,87.9,1494.976,0.42365704935556336,2033.7649999999999,2351.635,True,True,True
2026-01-03 05:30:00,939.925,0.0,0.006,70.52,0.0,62.884,0.0,0.0,1487.388,3541.887,87.9,1487.388,0.41994225112207134,2054.4990000000003,2560.723,True,True,True
2026-01-03 06:00:00,924.235,0.0,0.006,68.991,0.0,62.93,0.0,0.0,1607.802,3582.815,91.42,1607.802,0.4487538429977545,1975.0130000000001,2663.964,True,True,True
2026-01-03 06:30:00,925.749,0.0,0.006,69.55,0.0,63.122,0.0,0.0,1553.746,3660.545,91.42,1553.746,0.42445756028132425,2106.799,2612.1730000000002,True,True,True
2026-01-03 07:00:00,925.715,0.0,0.006,63.68,0.0,62.827,0.0,0.0,1494.724,3717.626,101.125,1494.724,0.4020641129581082,2222.902,2546.952,True,True,True
2026-01-03 07:30:00,1076.386,0.0,0.006,41.339,0.0,63.359,0.0,0.0,1545.945,3842.801,101.125,1545.945,0.4022963978618721,2296.8559999999998,2727.035,True,True,True
2026-01-03 08:00:00,1211.892,0.0,0.006,41.27,0.0,95.264,0.0,0.0,1479.059,3946.515,96.805,1479.059,0.37477597323207945,2467.456,2827.491,True,True,True
2026-01-03 08:30:00,1173.451,0.0,205.292,68.363,0.0,95.527,0.0,0.0,1374.368,4071.293,96.805,1374.368,0.3375753108410522,2696.925,2917.001,True,True,True
2026-01-03 09:00:00,1217.911,0.0,191.218,82.676,0.0,96.511,0.0,0.0,1370.472,4205.716,102.78,1370.472,0.32585937804644916,2835.2440000000006,2958.788,True,True,True
2026-01-03 09:30:00,1338.196,0.0,229.463,95.382,0.0,97.638,0.0,0.0,1202.279,4339.012,102.78,1202.279,0.27708588959883035,3136.7329999999997,2962.9579999999996,True,True,True
2026-01-03 10:00:00,1396.181,0.0,301.239,100.624,0.0,96.257,0.0,0.0,1085.184,4414.742,98.8,1085.184,0.24580915487247046,3329.558,2979.4849999999997,True,True,True
2026-01-03 10:30:00,1415.803,0.0,304.947,101.043,0.0,96.002,0.0,0.0,1023.19,4444.19,98.8,1023.19,0.2302309307207838,3420.9999999999995,2940.985,True,True,True
2026-01-03 11:00:00,1421.71,0.0,311.314,101.252,0.0,96.088,0.0,0.0,944.271,4443.948,94.715,944.271,0.2124847095420558,3499.6770000000006,2874.635,True,True,True
2026-01-03 11:30:00,1246.314,0.0,213.356,98.454,0.0,95.734,0.0,0.0,1017.339,4463.645,94.715,1017.339,0.2279166465971196,3446.3060000000005,2671.197,True,True,True
2026-01-03 12:00:00,1281.644,0.0,235.83,99.15,0.0,96.062,0.0,0.0,892.682,4433.251,95.0,892.682,0.20136058165892254,3540.5690000000004,2605.368,True,True,True
2026-01-03 12:30:00,1318.859,0.0,269.048,98.732,0.0,95.308,0.0,0.0,782.214,4467.425,95.0,782.214,0.1750928107354908,3685.2110000000002,2564.161,True,True,True
2026-01-03 13:00:00,1239.528,0.0,264.669,97.83,0.0,95.213,0.0,0.0,871.848,4449.972,98.485,871.848,0.19592213164487327,3578.124,2569.0879999999997,True,True,True
2026-01-03 13:30:00,1258.116,0.0,270.388,99.291,0.0,96.076,0.0,0.0,864.614,4431.894,98.485,864.614,0.19508905222011175,3567.28,2588.485,True,True,True
2026-01-03 14:00:00,1247.592,0.0,267.708,98.313,0.0,95.989,0.0,0.0,872.737,4425.278,106.19,872.737,0.19721631047812135,3552.541,2582.339,True,True,True
2026-01-03 14:30:00,1261.03,0.0,271.394,99.291,0.0,95.365,0.0,0.0,857.379,4466.342,106.19,857.379,0.19196447562681052,3608.9629999999997,2584.459,True,True,True
2026-01-03 15:00:00,1287.179,0.0,299.563,101.594,0.0,97.21,0.0,0.0,835.791,4536.929,125.0,835.791,0.1842195458646146,3701.138,2621.337,True,True,True
2026-01-03 15:30:00,1317.864,0.0,377.393,101.594,0.0,96.03,0.0,0.0,746.252,4631.454,125.0,746.252,0.16112693767443226,3885.2019999999998,2639.133,True,True,True
2026-01-03 16:00:00,1409.946,0.0,437.441,98.591,95.496,95.587,0.0,0.0,669.882,4744.26,156.19,669.882,0.1411984166129175,4074.378,2806.9429999999998,True,True,True
2026-01-03 16:30:00,1430.058,0.0,433.42,98.591,149.636,95.253,0.0,0.0,790.29,4895.901,156.19,790.29,0.16141870515764106,4105.611,2997.248,True,True,True
2026-01-03 17:00:00,1422.35,0.0,429.064,97.412,214.822,95.811,0.0,0.0,843.635,5133.087,193.525,843.635,0.1643523672986645,4289.452,3103.094,True,True,True
2026-01-03 17:30:00,1464.564,0.0,434.76,101.663,220.682,96.566,0.0,0.0,854.32,5257.048,193.525,854.32,0.16250945397493044,4402.728,3172.5550000000003,True,True,True
2026-01-03 18:00:00,1432.339,0.0,414.968,97.903,215.631,94.551,0.0,0.0,929.333,5256.894,186.805,929.333,0.17678366731381684,4327.561000000001,3184.725,True,True,True
2026-01-03 18:30:00,1463.546,0.0,427.053,101.394,220.315,94.873,0.0,0.0,771.706,5202.529,186.805,771.706,0.14833285888459247,4430.823,3078.887,True,True,True
2026-01-03 19:00:00,1445.977,0.0,414.968,98.663,217.821,94.78,19.139,0.0,804.435,5128.121,158.07,804.435,0.1568673984096709,4323.686,3095.783,True,True,True
2026-01-03 19:30:00,1469.335,0.0,448.521,101.663,220.468,95.469,0.0,0.0,713.214,5038.342,158.07,713.214,0.14155728213765562,4325.128,3048.67,True,True,True
2026-01-03 20:00:00,1448.683,0.0,441.149,99.992,218.698,94.774,0.0,0.0,742.873,4962.95,154.96,742.873,0.1496837566366778,4220.076999999999,3046.1690000000003,True,True,True
2026-01-03 20:30:00,1458.231,0.0,440.814,99.851,199.144,95.381,0.0,0.0,644.875,4844.941,154.96,644.875,0.13310275605007368,4200.066,2938.296,True,True,True
2026-01-03 21:00:00,1462.136,0.0,450.196,101.522,86.418,96.239,0.0,0.0,602.24,4751.093,141.215,602.24,0.126758200691925,4148.853,2798.751,True,True,True
2026-01-03 21:30:00,1374.832,0.0,447.181,101.252,87.669,95.54,0.0,0.0,575.662,4634.675,141.215,575.662,0.12420763052425467,4059.013,2682.1360000000004,True,True,True
2026-01-03 22:00:00,1363.915,0.0,459.936,101.594,25.847,97.195,0.0,0.0,544.382,4527.823,113.305,544.382,0.12023040653311755,3983.4410000000003,2592.869,True,True,True
2026-01-03 22:30:00,1299.603,0.0,464.292,99.992,4.756,95.475,0.0,0.0,532.138,4390.535,113.305,532.138,0.12120117479988203,3858.397,2496.2560000000003,True,True,True
2026-01-03 23:00:00,1247.002,0.0,397.521,99.291,0.0,95.15,0.0,0.0,572.337,4280.492,101.635,572.337,0.1337082279326769,3708.155,2411.301,True,True,True
2026-01-03 23:30:00,1304.2,0.0,412.287,101.663,0.0,96.45,0.0,0.0,570.727,4346.637,101.635,570.727,0.1313031200903135,3775.91,2485.327,True,True,True
2026-01-04 00:00:00,1248.267,0.0,418.676,98.031,0.0,95.582,0.0,0.0,602.971,4220.666,95.45,602.971,0.1428615768222361,3617.695,2463.527,True,True,True
2026-01-04 00:30:00,1315.854,0.0,422.027,85.329,0.0,97.393,0.0,0.0,629.999,4123.243,95.45,629.999,0.1527921104819677,3493.2440000000006,2550.602,True,True,True
2026-01-04 01:00:00,1246.272,0.0,422.027,77.924,0.0,94.68,0.0,0.0,610.607,3994.782,96.105,610.607,0.1528511443177625,3384.175,2451.51,True,True,True
2026-01-04 01:30:00,1243.891,0.0,434.09,80.578,0.0,95.752,0.0,0.0,566.488,3934.323,96.105,566.488,0.14398614450313307,3367.835,2420.799,True,True,True
2026-01-04 02:00:00,1230.987,0.0,426.718,78.834,0.0,95.221,0.0,0.0,572.115,3855.274,96.055,572.115,0.14839801269637387,3283.1589999999997,2403.875,True,True,True
2026-01-04 02:30:00,1258.259,0.0,442.824,101.804,0.0,96.738,0.0,0.0,558.558,3909.167,96.055,558.558,0.1428841489759839,3350.609,2458.183,True,True,True
2026-01-04 03:00:00,1272.805,0.0,428.393,99.15,0.0,95.373,0.0,0.0,518.195,3852.34,94.98,518.195,0.13451434712408564,3334.145,2413.916,True,True,True
2026-01-04 03:30:00,1266.898,0.0,427.723,99.014,0.0,95.751,0.0,0.0,509.041,3816.985,94.98,509.041,0.1333620645614274,3307.944,2398.4269999999997,True,True,True
2026-01-04 04:00:00,1233.121,0.0,416.978,96.92,0.0,94.66,0.0,0.0,534.712,3736.648,94.96,534.712,0.14309937676762702,3201.936,2376.3910000000005,True,True,True
2026-01-04 04:30:00,1236.038,0.0,418.676,97.061,0.0,94.9,0.0,0.0,517.473,3719.355,94.96,517.473,0.13912976846791983,3201.882,2364.148,True,True,True
2026-01-04 05:00:00,1242.594,0.0,420.016,97.061,0.0,94.612,0.0,0.0,543.392,3671.95,89.865,543.392,0.1479845858467572,3128.558,2397.675,True,True,True
2026-01-04 05:30:00,1257.543,0.0,425.378,98.454,0.0,94.982,0.0,0.0,651.142,3643.392,89.865,651.142,0.17871862264614954,2992.25,2527.499,True,True,True
2026-01-04 06:00:00,1279.782,0.0,437.798,101.252,0.0,95.228,0.0,0.0,606.644,3659.107,94.68,606.644,0.16579017776741703,3052.4629999999997,2520.7039999999997,True,True,True
2026-01-04 06:30:00,1254.037,0.0,424.037,98.031,0.0,94.728,0.0,0.0,584.533,3719.512,94.68,584.533,0.1571531426703288,3134.9790000000003,2455.366,True,True,True
2026-01-04 07:00:00,1231.696,0.0,417.648,96.779,0.0,94.005,0.0,0.0,575.609,3762.198,95.555,575.609,0.15299806123973275,3186.589,2415.737,True,True,True
2026-01-04 07:30:00,1295.106,0.0,438.468,101.184,0.0,94.757,0.0,0.0,493.801,3853.007,95.555,493.801,0.12815990212319883,3359.206,2423.3160000000003,True,True,True
2026-01-04 08:00:00,1267.386,0.0,428.058,99.501,0.0,94.545,0.0,0.0,465.275,3896.78,107.005,465.275,0.11939986347702461,3431.505,2354.765,True,True,True
2026-01-04 08:30:00,1252.759,0.0,390.149,98.313,0.0,94.641,0.0,0.0,477.761,3979.109,107.005,477.761,0.12006733165640851,3501.348,2313.623,True,True,True
2026-01-04 09:00:00,1295.182,0.0,399.889,101.663,0.0,96.295,0.0,0.0,472.362,4104.755,134.225,472.362,0.11507678290178099,3632.393,2365.391,True,True,True
2026-01-04 09:30:00,1376.874,0.0,438.468,99.014,45.116,95.208,0.0,0.0,463.023,4292.875,134.225,463.023,0.10785848644556388,3829.852,2517.703,True,True,True
2026-01-04 10:00:00,1441.497,0.0,453.882,100.201,45.482,101.325,0.0,0.0,409.897,4393.894,145.605,409.897,0.09328786720844881,3983.9970000000003,2552.2839999999997,True,True,True
2026-01-04 10:30:00,1433.898,0.0,463.957,99.432,90.453,106.769,0.0,0.0,420.184,4483.207,145.605,420.184,0.09372397928536425,4063.023,2614.693,True,True,True
2026-01-04 11:00:00,1447.648,0.0,448.186,101.735,92.567,110.341,0.0,0.0,410.792,4539.228,147.255,410.792,0.09049820806533622,4128.436,2611.269,True,True,True
2026-01-04 11:30:00,1427.473,0.0,396.85,99.014,89.568,111.033,0.0,0.0,344.041,4602.896,147.255,344.041,0.07474446522363312,4258.855,2467.9790000000003,True,True,True
2026-01-04 12:00:00,1428.388,0.0,461.612,99.014,90.446,110.636,0.0,0.0,334.465,4652.529,150.92,334.465,0.07188885872608208,4318.064,2524.561,True,True,True
2026-01-04 12:30:00,1447.834,0.0,460.607,101.735,100.997,110.909,0.0,0.0,340.048,4717.687,150.92,340.048,0.07207938975179998,4377.639,2562.13,True,True,True
2026-01-04 13:00:00,1456.059,0.0,456.228,100.834,99.754,110.691,0.0,0.0,355.561,4762.671,151.83,355.561,0.07465579713568289,4407.110000000001,2579.1270000000004,True,True,True
2026-01-04 13:30:00,1461.413,0.0,473.675,101.594,26.572,112.39,0.0,0.0,311.907,4768.0,151.83,311.907,0.06541673657718121,4456.093,2487.5510000000004,True,True,True
2026-01-04 14:00:00,1448.042,0.0,460.607,98.381,15.959,110.426,0.0,0.0,348.212,4754.69,160.62,348.212,0.07323547907434555,4406.477999999999,2481.627,True,True,True
2026-01-04 14:30:00,1462.52,0.0,470.994,101.594,63.857,102.61,0.0,0.0,293.387,4771.703,160.62,293.387,0.0614847571192088,4478.316000000001,2494.962,True,True,True
2026-01-04 15:00:00,1499.124,0.0,460.942,98.454,15.585,95.634,22.201,0.0,309.156,4808.859,150.21,309.156,0.06428884689694582,4499.703,2501.096,True,True,True
2026-01-04 15:30:00,1506.875,0.0,464.292,98.732,55.51,95.67,23.128,0.0,305.552,4863.485,150.21,305.552,0.0628257309316262,4557.933,2549.759,True,True,True
2026-01-04 16:00:00,1509.73,0.0,463.957,98.454,135.788,95.398,23.545,0.0,392.347,4973.065,171.36,392.347,0.07889440415518398,4580.718,2719.219,True,True,True
2026-01-04 16:30:00,1534.417,0.0,458.931,97.963,176.583,95.623,21.569,0.0,409.921,5124.558,171.36,409.921,0.07999148414360809,4714.637,2795.0069999999996,True,True,True
2026-01-04 17:00:00,1504.982,0.0,446.846,95.382,171.166,94.674,19.342,0.0,542.608,5329.404,198.33,542.608,0.10181401147295267,4786.796,2875.0,True,True,True
2026-01-04 17:30:00,1501.98,0.0,453.547,96.501,174.02,95.082,20.767,0.0,528.352,5468.758,198.33,528.352,0.09661279581213869,4940.406,2870.2490000000003,True,True,True
2026-01-04 18:00:00,1423.475,0.0,446.846,74.434,126.266,94.755,19.055,0.0,617.911,5472.573,185.82,617.911,0.11291050845735633,4854.662,2802.742,True,True,True
2026-01-04 18:30:00,1448.562,0.0,453.212,45.731,174.241,95.622,20.514,0.0,629.411,5385.808,185.82,629.411,0.11686473041742297,4756.397,2867.293,True,True,True
2026-01-04 19:00:00,1463.216,0.0,468.649,60.189,180.176,95.633,23.885,0.0,644.245,5292.919,160.815,644.245,0.1217182805933739,4648.674,2935.9929999999995,True,True,True
2026-01-04 19:30:00,1442.267,0.0,435.43,98.381,177.613,95.13,21.889,0.0,625.307,5215.753,160.815,625.307,0.11988815421282412,4590.446,2896.017,True,True,True
2026-01-04 20:00:00,1433.352,0.0,437.441,98.732,164.574,95.305,0.0,0.0,656.696,5131.128,144.85,656.696,0.12798277493759658,4474.432,2886.1,True,True,True
2026-01-04 20:30:00,1451.021,0.0,471.664,101.594,65.253,95.769,0.0,0.0,633.552,5040.643,144.85,633.552,0.1256887266168225,4407.091,2818.853,True,True,True
2026-01-04 21:00:00,1361.93,0.0,456.563,98.873,0.0,95.852,0.0,0.0,764.463,4911.745,122.315,764.463,0.15563979807583658,4147.282,2777.681,True,True,True
2026-01-04 21:30:00,1286.588,0.0,414.968,98.172,0.0,94.993,0.0,0.0,909.336,4751.871,122.315,909.336,0.19136378070869348,3842.535,2804.057,True,True,True
2026-01-04 22:00:00,1262.151,0.0,397.856,98.873,0.0,96.378,0.0,0.0,854.546,4533.254,97.97,854.546,0.18850609297427412,3678.7079999999996,2709.804,True,True,True
2026-01-04 22:30:00,1318.059,0.0,419.681,99.432,0.0,96.294,0.0,0.0,752.093,4352.514,97.97,752.093,0.17279507889003917,3600.4210000000003,2685.559,True,True,True
2026-01-04 23:00:00,1310.628,0.0,426.383,101.735,0.0,95.952,0.0,0.0,845.924,4230.557,95.08,845.924,0.1999557032324585,3384.633,2780.622,True,True,True
2026-01-04 23:30:00,1410.288,0.0,426.383,101.594,0.0,97.186,0.0,0.0,878.812,4263.834,95.08,878.812,0.2061083991543761,3385.022,2914.263,True,True,True
2026-01-05 00:00:00,1328.204,0.0,393.164,95.382,0.0,95.791,0.0,0.0,811.45,4123.562,98.0,811.45,0.19678375152356145,3312.112,2723.991,True,True,True
2026-01-05 00:30:00,1208.201,0.0,403.575,98.172,0.0,96.416,0.0,0.0,907.713,4029.892,98.0,907.713,0.2252449941586524,3122.179,2714.0769999999998,True,True,True
2026-01-05 01:00:00,1198.667,0.0,332.782,97.412,0.0,96.408,0.0,0.0,954.042,3913.963,99.68,954.042,0.24375345398001974,2959.9210000000003,2679.3109999999997,True,True,True
2026-01-05 01:30:00,1223.862,0.0,296.212,99.291,0.0,96.826,0.0,0.0,888.741,3836.358,99.68,888.741,0.2316626863290652,2947.617,2604.932,True,True,True
2026-01-05 02:00:00,1007.38,0.0,286.16,96.779,0.0,95.628,0.0,0.0,1028.82,3801.319,99.385,1028.82,0.27064816186171164,2772.499,2514.767,True,True,True
2026-01-05 02:30:00,1019.442,0.0,362.649,101.804,0.0,97.289,0.0,0.0,901.378,3800.012,99.385,901.378,0.2372039877768807,2898.634,2482.562,True,True,True
2026-01-05 03:00:00,1016.254,0.0,384.452,98.522,0.0,96.226,0.0,0.0,921.439,3757.254,97.485,921.439,0.24524266924727472,2835.815,2516.893,True,True,True
2026-01-05 03:30:00,981.312,0.0,323.377,98.313,0.0,96.532,0.0,0.0,982.958,3732.412,97.485,982.958,0.26335731425148134,2749.4539999999997,2482.4919999999997,True,True,True
2026-01-05 04:00:00,992.626,0.0,326.415,99.014,0.0,96.202,0.0,0.0,972.507,3705.301,96.31,972.507,0.2624636972812735,2732.794,2486.764,True,True,True
2026-01-05 04:30:00,1014.095,0.0,383.782,98.454,0.0,96.328,0.0,0.0,870.282,3687.245,96.31,870.282,0.23602499969489418,2816.9629999999997,2462.9410000000003,True,True,True
2026-01-05 05:00:00,1051.584,0.0,319.356,102.222,0.0,96.492,0.0,0.0,1045.871,3689.232,97.895,1045.871,0.2834928787346527,2643.361,2615.525,True,True,True
2026-01-05 05:30:00,1226.507,0.0,301.909,70.52,0.0,97.101,0.0,0.0,1060.293,3734.743,97.895,1060.293,0.2838998560275767,2674.45,2756.33,True,True,True
2026-01-05 06:00:00,1117.808,0.0,190.19,60.399,0.0,96.517,0.0,0.0,1151.441,3875.499,116.08,1151.441,0.2971078046981821,2724.058,2616.355,True,True,True
2026-01-05 06:30:00,1166.961,0.0,202.611,50.273,0.0,95.83,0.0,0.0,1157.345,4132.739,116.08,1157.345,0.2800430900669024,2975.3939999999993,2673.02,True,True,True
2026-01-05 07:00:00,1325.645,0.0,253.946,56.767,0.0,96.061,0.0,0.0,1075.282,4472.19,149.905,1075.282,0.2404374590525,3396.9079999999994,2807.701,True,True,True
2026-01-05 07:30:00,1431.096,0.0,431.074,75.835,10.394,95.605,0.0,0.0,938.349,4813.981,149.905,938.349,0.19492162515805528,3875.6319999999996,2982.353,True,True,True
2026-01-05 08:00:00,1447.83,0.0,427.388,99.15,10.471,95.991,0.0,0.0,1037.321,5013.024,152.705,1037.321,0.2069252012358209,3975.7030000000004,3118.151,True,True,True
2026-01-05 08:30:00,1434.429,0.0,426.718,98.873,10.394,95.799,0.0,0.0,984.932,5110.554,152.705,984.932,0.19272509399176685,4125.622,3051.1450000000004,True,True,True
2026-01-05 09:00:00,1404.757,0.0,427.723,78.903,5.343,96.665,0.0,0.0,1017.672,5215.737,155.09,1017.672,0.19511566629989205,4198.0650000000005,3031.063,True,True,True
2026-01-05 09:30:00,1345.935,0.0,438.133,82.325,0.0,99.965,0.0,0.0,960.31,5369.339,155.09,960.31,0.17885069279477417,4409.029,2926.6679999999997,True,True,True
2026-01-05 10:00:00,1386.459,0.0,418.318,85.188,0.0,104.454,0.0,0.0,910.932,5352.117,144.5,910.932,0.17020031512764014,4441.185,2905.351,True,True,True
2026-01-05 10:30:00,1437.19,0.0,362.649,98.591,0.0,115.981,0.0,0.0,944.191,5323.599,144.5,944.191,0.17735952689148826,4379.408,2958.602,True,True,True
2026-01-05 11:00:00,1451.214,0.0,345.872,101.663,0.0,115.931,0.0,0.0,774.51,5287.941,138.4,774.51,0.14646721663498136,4513.431,2789.19,True,True,True
2026-01-05 11:30:00,1381.323,0.0,331.776,97.762,0.0,115.394,0.0,0.0,762.813,5218.176,138.4,762.813,0.14618383895062181,4455.363,2689.068,True,True,True
2026-01-05 12:00:00,1272.221,0.0,357.936,104.812,0.0,116.04,0.0,0.0,691.032,5161.266,143.195,691.032,0.13388808094758148,4470.2339999999995,2542.041,True,True,True
2026-01-05 12:30:00,1327.828,0.0,385.458,98.873,5.931,115.982,0.0,0.0,646.433,5162.905,143.195,646.433,0.12520722345268798,4516.472,2580.505,True,True,True
2026-01-05 13:00:00,1331.259,0.0,380.409,97.202,5.633,99.885,0.0,0.0,680.219,5159.315,144.37,680.219,0.1318428899960557,4479.096,2594.607,True,True,True
2026-01-05 13:30:00,1259.628,0.0,379.404,102.714,0.0,101.461,0.0,0.0,710.686,5091.922,144.37,710.686,0.13957126601703643,4381.236,2553.893,True,True,True
2026-01-05 14:00:00,1268.076,0.0,369.686,100.552,0.0,107.883,0.0,0.0,754.426,5090.12,156.07,754.426,0.14821379456672928,4335.6939999999995,2600.623,True,True,True
2026-01-05 14:30:00,1270.179,0.0,367.34,99.851,0.0,111.87,0.0,0.0,745.064,5125.372,156.07,745.064,0.14536778988920218,4380.308,2594.304,True,True,True
2026-01-05 15:00:00,1357.574,0.0,382.442,103.273,6.953,115.259,0.0,0.0,713.176,5170.825,186.205,713.176,0.13792305869953056,4457.648999999999,2678.677,True,True,True
2026-01-05 15:30:00,1431.656,0.0,433.085,100.552,180.398,130.674,0.0,0.0,648.07,5260.778,186.205,648.07,0.1231890036036495,4612.7080000000005,2924.435,True,True,True
2026-01-05 16:00:00,1434.093,0.0,427.053,99.082,180.543,131.074,22.493,0.0,668.878,5365.552,239.04,668.878,0.12466154460901695,4696.674,2963.2160000000003,True,True,True
2026-01-05 16:30:00,1446.454,0.0,396.85,108.994,193.07,131.052,34.004,0.0,686.24,5554.413,239.04,686.24,0.12354860900692838,4868.173,2996.6639999999998,True,True,True
2026-01-05 17:00:00,1405.741,0.0,423.032,105.226,185.967,131.046,29.605,0.0,758.491,5775.301,272.01,758.491,0.13133358763465314,5016.81,3039.108,True,True,True
2026-01-05 17:30:00,1406.829,0.0,427.388,105.017,156.96,131.229,30.746,0.0,926.733,5876.311,272.01,926.733,0.15770659517510222,4949.5779999999995,3184.902,True,True,True
2026-01-05 18:00:00,1442.419,0.0,437.798,65.359,193.139,131.158,34.179,0.0,906.226,5868.265,239.225,906.226,0.15442826798039966,4962.039000000001,3210.2780000000002,True,True,True
2026-01-05 18:30:00,1423.687,0.0,433.085,80.714,215.997,130.406,21.712,0.0,923.346,5826.18,239.225,923.346,0.15848223020915933,4902.834000000001,3228.9469999999997,True,True,True
2026-01-05 19:00:00,1408.937,0.0,442.824,95.66,219.285,129.218,0.0,0.0,929.534,5740.569,195.32,929.534,0.16192366993585477,4811.035000000001,3225.458,True,True,True
2026-01-05 19:30:00,1375.781,0.0,430.739,102.923,214.967,130.118,0.0,0.0,852.767,5630.863,195.32,852.767,0.1514451692395997,4778.0960000000005,3107.295,True,True,True
2026-01-05 20:00:00,1379.494,0.0,476.043,111.447,209.474,130.716,0.0,0.0,847.58,5532.592,167.57,847.58,0.15319763322507787,4685.012,3154.754,True,True,True
2026-01-05 20:30:00,1373.061,0.0,469.319,111.165,195.924,129.281,0.0,0.0,877.783,5380.254,167.57,877.783,0.16314898887673335,4502.471,3156.533,True,True,True
2026-01-05 21:00:00,1334.136,0.0,464.963,100.97,20.056,122.537,0.0,0.0,918.59,5258.143,149.145,918.59,0.17469855802704493,4339.553,2961.252,True,True,True
2026-01-05 21:30:00,1281.485,0.0,469.654,101.462,0.0,96.148,0.0,0.0,890.336,5070.303,149.145,890.336,0.1755981841716363,4179.967,2839.085,True,True,True
2026-01-05 22:00:00,1249.119,0.0,456.228,98.031,0.0,96.011,0.0,0.0,842.854,4846.756,135.085,842.854,0.17390064612289127,4003.902,2742.243,True,True,True
2026-01-05 22:30:00,1220.482,0.0,285.825,101.321,0.0,96.501,0.0,0.0,933.359,4613.848,135.085,933.359,0.20229513412665526,3680.489,2637.488,True,True,True
2026-01-05 23:00:00,1189.694,0.0,222.068,98.454,0.0,96.256,0.0,0.0,923.679,4410.283,107.285,923.679,0.20943758030947218,3486.6040000000003,2530.151,True,True,True
2026-01-05 23:30:00,1263.707,0.0,241.526,102.782,0.0,96.821,0.0,0.0,966.554,4431.02,107.285,966.554,0.21813352230411956,3464.4660000000003,2671.39,True,True,True
2026-01-06 00:00:00,1230.21,0.0,223.409,99.014,0.0,96.182,0.0,0.0,970.646,4288.427,102.015,970.646,0.22634080048465324,3317.781,2619.4610000000002,True,True,True
2026-01-06 00:30:00,1256.576,0.0,239.18,103.205,0.0,96.272,0.0,0.0,1034.645,4223.558,102.015,1034.645,0.24496999922813892,3188.913,2729.8779999999997,True,True,True
2026-01-06 01:00:00,1143.489,0.0,183.154,96.92,0.0,95.879,0.0,0.0,1132.472,4108.438,99.025,1132.472,0.27564539126548826,2975.9660000000003,2651.9139999999998,True,True,True
2026-01-06 01:30:00,1061.525,0.0,176.787,103.342,0.0,96.222,0.0,0.0,1207.108,4026.91,99.025,1207.108,0.29976036216354474,2819.8019999999997,2644.984,True,True,True
2026-01-06 02:00:00,1059.187,0.0,178.462,103.483,0.0,96.456,0.0,0.0,1236.951,4018.682,96.86,1236.951,0.3078001693092412,2781.7309999999998,2674.5389999999998,True,True,True
2026-01-06 02:30:00,1176.8,0.0,164.366,97.689,0.0,96.448,0.0,0.0,1255.116,4079.946,96.86,1255.116,0.3076305421689405,2824.83,2790.419,True,True,True
2026-01-06 03:00:00,1099.17,0.0,169.728,101.735,0.0,96.538,0.0,0.0,1412.198,4014.774,93.95,1412.198,0.3517503102291686,2602.576,2879.369,True,True,True
2026-01-06 03:30:00,956.098,0.0,164.031,100.552,0.0,96.042,0.0,0.0,1562.007,3959.464,93.95,1562.007,0.39449960903799103,2397.457,2878.73,True,True,True
2026-01-06 04:00:00,955.557,0.0,164.366,100.483,0.0,97.03,0.0,0.0,1621.874,3880.93,92.095,1621.874,0.4179085940741008,2259.0559999999996,2939.31,True,True,True
2026-01-06 04:30:00,917.567,0.0,164.366,95.869,0.0,96.458,0.0,0.0,1706.83,3855.581,92.095,1706.83,0.44269073843864254,2148.751,2981.09,True,True,True
2026-01-06 05:00:00,776.261,0.0,178.462,103.624,0.0,96.361,0.0,0.0,1753.177,3811.185,98.145,1753.177,0.4600083701001132,2058.008,2907.885,True,True,True
2026-01-06 05:30:00,1053.79,0.0,186.504,105.504,0.0,96.774,0.0,0.0,1750.038,3889.585,98.145,1750.038,0.4499292340956683,2139.547,3192.61,True,True,True
2026-01-06 06:00:00,1012.507,0.0,163.361,85.888,0.0,96.62,0.0,0.0,1898.864,3984.145,115.575,1898.864,0.47660514363809553,2085.281,3257.24,True,True,True
2026-01-06 06:30:00,1173.138,0.0,174.776,92.938,0.0,97.13,0.0,0.0,2128.789,4215.53,115.575,2128.789,0.5049872732491526,2086.7409999999995,3666.771,True,True,True
2026-01-06 07:00:00,1190.289,0.0,164.366,88.26,0.0,96.418,0.0,0.0,2248.708,4483.615,149.28,2248.708,0.5015390482902747,2234.9069999999997,3788.041,True,True,True
2026-01-06 07:30:00,1229.703,0.0,163.361,78.976,0.0,96.396,0.0,0.0,2324.992,4810.078,149.28,2324.992,0.4833584819206674,2485.0860000000002,3893.428,True,True,True
2026-01-06 08:00:00,1239.274,0.0,255.957,60.258,65.33,98.11,0.0,0.0,2289.669,4973.675,151.11,2289.669,0.4603575826727721,2684.0060000000003,4008.598,True,True,True
2026-01-06 08:30:00,1278.587,0.0,372.032,41.202,71.036,99.283,0.0,0.0,2361.485,5104.254,151.11,2361.485,0.4626503696720422,2742.769,4223.625,True,True,True
2026-01-06 09:00:00,1205.796,0.0,324.069,41.48,69.503,114.706,0.0,0.0,2506.836,,143.195,2506.836,,,4262.389999999999,True,False,True
2026-01-06 09:30:00,1280.022,0.0,187.845,41.27,61.153,115.605,0.0,0.0,2387.346,,143.195,2387.346,,,4073.241,True,False,True
2026-01-06 10:00:00,1212.923,0.0,247.915,41.339,5.122,115.659,0.0,0.0,2275.46,5317.486,131.105,2275.46,0.4279202615672143,3042.026,3898.418,True,True,True
2026-01-06 10:30:00,1169.904,0.0,172.096,41.339,0.0,115.165,0.0,0.0,2244.142,5351.907,131.105,2244.142,0.41931632967463744,3107.7650000000003,3742.6459999999997,True,True,True
2026-01-06 11:00:00,1206.967,0.0,164.031,41.27,0.0,115.438,0.0,0.0,1989.292,5333.163,125.63,1989.292,0.37300416282045007,3343.8709999999996,3516.998,True,True,True
2026-01-06 11:30:00,1333.672,0.0,350.899,60.399,10.104,115.87,0.0,0.0,1624.365,5263.657,125.63,1624.365,0.3086000854538964,3639.2920000000004,3495.309,True,True,True
2026-01-06 12:00:00,1381.287,0.0,471.664,50.136,14.133,114.981,0.0,0.0,1445.788,5199.67,128.285,1445.788,0.2780537995680495,3753.882,3477.989,True,True,True
2026-01-06 12:30:00,1382.134,0.0,462.282,41.48,13.324,115.638,0.0,0.0,1402.858,5211.782,128.285,1402.858,0.26917050636423395,3808.924,3417.716,True,True,True
2026-01-06 13:00:00,1429.897,0.0,461.612,41.202,114.257,115.831,0.0,0.0,1243.612,5211.214,129.8,1243.612,0.23864151424217084,3967.602,3406.411,True,True,True
2026-01-06 13:30:00,1443.244,0.0,459.936,63.821,15.226,116.031,0.0,0.0,1172.435,5137.267,129.8,1172.435,0.22822154269964945,3964.832,3270.6929999999998,True,True,True
2026-01-06 14:00:00,1457.237,0.0,450.867,80.445,10.104,116.22,0.0,0.0,1209.818,,132.675,1209.818,,,3324.691,True,False,True
2026-01-06 14:30:00,1471.858,0.0,459.601,86.098,12.592,96.868,0.0,0.0,1353.605,,132.675,1353.605,,,3480.622,True,False,True
2026-01-06 15:00:00,1496.284,0.0,445.84,107.255,15.524,96.238,50.118,0.0,1397.057,5156.547,142.5,1397.057,0.2709287823809228,3759.49,3608.316,True,True,True
2026-01-06 15:30:00,1511.584,0.0,451.872,108.926,15.592,96.144,53.42,0.0,1511.275,5234.755,142.5,1511.275,0.288700235254563,3723.48,3748.813,True,True,True
2026-01-06 16:00:00,1451.998,0.0,441.819,106.696,53.458,115.065,48.498,0.0,1648.362,5283.993,156.775,1648.362,0.31195385762244576,3635.6310000000003,3865.896,True,True,True
2026-01-06 16:30:00,1440.008,0.0,437.798,105.576,91.11,115.546,29.288,0.0,1902.729,5438.445,156.775,1902.729,0.3498663680518972,3535.7159999999994,4122.055,True,True,True
2026-01-06 17:00:00,1348.794,0.0,420.351,107.674,94.917,115.42,11.202,0.0,2238.925,5614.493,155.0,2238.925,0.3987759892122049,3375.568,4337.283,True,True,True
2026-01-06 17:30:00,1299.41,0.0,360.281,68.149,147.873,115.64,0.0,0.0,2386.718,5686.824,155.0,2386.718,0.41969260873907827,3300.1059999999998,4378.071,True,True,True
2026-01-06 18:00:00,1299.952,0.0,426.048,50.345,218.996,115.666,0.0,0.0,2617.792,5674.345,138.24,2617.792,0.4613381808825512,3056.5530000000003,4728.799,True,True,True
2026-01-06 18:30:00,1204.198,0.0,305.282,41.339,214.013,115.958,0.0,0.0,2654.301,5539.352,138.24,2654.301,0.479171751497287,2885.051,4535.091,True,True,True
2026-01-06 19:00:00,1165.946,0.0,175.112,41.27,0.0,116.069,0.0,0.0,2770.68,5510.789,112.83,2770.68,0.5027737407474683,2740.109,4269.076999999999,True,True,True
2026-01-06 19:30:00,1043.026,0.0,175.447,41.339,0.0,115.775,0.0,0.0,2880.702,5474.648,112.83,2880.702,0.5261894463351799,2593.946,4256.289000000001,True,True,True
2026-01-06 20:00:00,1139.086,0.0,179.132,41.48,0.0,115.453,0.0,0.0,2771.812,5324.424,100.205,2771.812,0.5205843862171757,2552.612,4246.963,True,True,True
2026-01-06 20:30:00,1211.017,0.0,323.734,41.27,0.0,115.187,0.0,0.0,2721.158,5226.746,100.205,2721.158,0.520621817092317,2505.588,4412.366,True,True,True
2026-01-06 21:00:00,1244.462,0.0,426.048,41.339,0.0,115.171,0.0,0.0,2633.028,5111.662,93.99,2633.028,0.5151021331222604,2478.6340000000005,4460.048,True,True,True
2026-01-06 21:30:00,1321.195,0.0,431.074,41.202,0.0,114.348,0.0,0.0,2481.356,4965.255,93.99,2481.356,0.4997439205035794,2483.899,4389.175,True,True,True
2026-01-06 22:00:00,1194.586,0.0,449.191,60.467,0.0,99.943,0.0,0.0,2441.427,4731.64,86.35,2441.427,0.5159790262995494,2290.213,4245.614,True,True,True
2026-01-06 22:30:00,1036.248,0.0,376.723,60.467,0.0,95.544,0.0,0.0,2373.532,4495.777,86.35,2373.532,0.5279470044888792,2122.245,3942.514,True,True,True
2026-01-06 23:00:00,915.63,0.0,319.691,50.273,0.0,96.196,0.0,0.0,2325.981,4293.647,89.735,2325.981,0.5417261828930046,1967.6659999999997,3707.771,True,True,True
2026-01-06 23:30:00,713.304,0.0,322.372,41.202,0.0,96.094,0.0,0.0,2424.865,4289.044,89.735,2424.865,0.5653625842961741,1864.179,3597.8369999999995,True,True,True
2026-01-07 00:00:00,869.46,0.0,304.254,41.339,0.0,96.684,0.0,0.0,2362.769,4130.351,87.75,2362.769,0.5720504141173474,1767.5819999999999,3674.506,True,True,True
2026-01-07 00:30:00,981.407,0.0,164.031,41.48,0.0,95.904,0.0,0.0,2382.334,4064.48,87.75,2382.334,0.5861350037397157,1682.1460000000002,3665.156,True,True,True
2026-01-07 01:00:00,1023.121,0.0,0.006,41.339,0.0,96.404,0.0,0.0,2317.528,3934.175,85.66,2317.528,0.5890759816225765,1616.6470000000004,3478.3979999999997,True,True,True
2026-01-07 01:30:00,1020.307,0.0,0.006,41.202,0.0,95.668,0.0,0.0,2061.574,3853.067,85.66,2061.574,0.5350475348598922,1791.493,3218.757,True,True,True
2026-01-07 02:00:00,790.509,0.0,0.006,41.061,0.0,96.37,0.0,0.0,2028.925,3808.596,84.525,2028.925,0.5327225570787765,1779.671,2956.871,True,True,True
2026-01-07 02:30:00,755.622,0.0,0.006,41.27,0.0,96.448,0.0,0.0,1982.782,3891.358,84.525,1982.782,0.5095347177000934,1908.5760000000002,2876.1279999999997,True,True,True
2026-01-07 03:00:00,706.12,0.0,0.006,41.339,0.0,96.384,0.0,0.0,1852.955,3847.973,81.86,1852.955,0.48154054095493914,1995.018,2696.804,True,True,True
2026-01-07 03:30:00,679.856,0.0,0.006,41.061,0.0,96.78,0.0,0.0,1764.325,3801.743,81.86,1764.325,0.46408318500224766,2037.418,2582.0280000000002,True,True,True
2026-01-07 04:00:00,688.875,0.0,0.006,41.48,0.0,96.379,0.0,0.0,1628.095,3752.271,85.285,1628.095,0.43389589931004446,2124.1760000000004,2454.835,True,True,True
2026-01-07 04:30:00,716.355,0.0,0.006,41.202,0.0,96.188,0.0,0.0,1542.923,3725.864,85.285,1542.923,0.4141114651527807,2182.941,2396.674,True,True,True
2026-01-07 05:00:00,984.553,0.0,0.006,60.467,0.0,96.938,0.0,0.0,1532.651,3730.465,89.135,1532.651,0.4108471732076296,2197.8140000000003,2674.6150000000002,True,True,True
2026-01-07 05:30:00,1063.042,0.0,0.006,41.412,0.0,96.424,0.0,0.0,1467.096,3761.25,89.135,1467.096,0.3900554336989033,2294.154,2667.9799999999996,True,True,True
2026-01-07 06:00:00,1031.977,0.0,0.006,52.994,0.0,97.296,0.0,0.0,1415.06,3890.368,104.545,1415.06,0.36373422771316233,2475.308,2597.333,True,True,True
2026-01-07 06:30:00,1132.207,0.0,0.006,65.5,0.0,97.014,0.0,0.0,1171.536,4124.184,104.545,1171.536,0.2840649204788147,2952.648,2466.263,True,True,True
2026-01-07 07:00:00,1286.435,0.0,0.006,97.343,0.0,96.694,0.0,0.0,1144.085,4447.797,131.555,1144.085,0.25722509368120894,3303.7119999999995,2624.563,True,True,True
2026-01-07 07:30:00,1411.468,0.0,0.006,100.761,0.0,100.724,0.0,0.0,972.242,4833.755,131.555,972.242,0.20113596986193963,3861.513,2585.201,True,True,True
2026-01-07 08:00:00,1468.759,0.0,0.006,110.327,90.82,110.28,0.0,0.0,729.359,4992.418,188.065,729.359,0.14609333593461127,4263.058999999999,2509.551,True,True,True
2026-01-07 08:30:00,1500.243,0.0,0.006,108.507,178.193,114.703,0.0,0.0,571.365,5072.935,188.065,571.365,0.11263006523836792,4501.570000000001,2473.017,True,True,True
2026-01-07 09:00:00,1474.808,0.0,0.006,108.093,174.683,128.679,20.86,0.0,407.697,5143.556,204.1,407.697,0.07926364561793436,4735.8589999999995,2314.826,True,True,True
2026-01-07 09:30:00,1586.915,0.0,0.006,109.977,180.39,130.704,23.498,0.0,316.044,5247.111,204.1,316.044,0.060232001953074744,4931.067,2347.5339999999997,True,True,True
2026-01-07 10:00:00,1633.303,0.0,0.006,109.135,207.276,129.68,81.057,0.0,213.737,5226.626,230.505,213.737,0.04089387685286837,5012.889,2374.1940000000004,True,True,True
2026-01-07 10:30:00,1667.813,0.0,0.006,109.977,206.254,129.467,144.502,0.0,165.02,5221.726,230.505,165.02,0.03160257738533198,5056.705999999999,2423.039,True,True,True
2026-01-07 11:00:00,1679.136,0.0,0.006,108.234,216.577,130.24,203.921,0.0,140.46,5199.194,234.545,140.46,0.027015725899052816,5058.734,2478.574,True,True,True
2026-01-07 11:30:00,1680.442,0.0,0.006,109.067,95.138,130.937,166.082,0.0,171.759,5179.622,234.545,171.759,0.03316052793041654,5007.863,2353.431,True,True,True
2026-01-07 12:00:00,1680.914,0.0,0.006,110.746,137.909,129.843,130.426,0.0,203.436,5159.845,218.875,203.436,0.03942676572648984,4956.409000000001,2393.28,True,True,True
2026-01-07 12:30:00,1654.354,0.0,0.006,111.028,181.931,129.769,160.269,0.0,264.534,5178.396,218.875,264.534,0.051084158106100806,4913.862,2501.891,True,True,True
2026-01-07 13:00:00,1659.71,0.0,0.006,111.165,155.274,130.608,196.486,0.0,332.147,5214.375,192.23,332.147,0.06369833393263814,4882.228,2585.396,True,True,True
2026-01-07 13:30:00,1656.29,0.0,0.006,111.165,61.591,130.148,195.99,0.0,412.243,5203.314,192.23,412.243,0.07922700801835138,4791.071,2567.433,True,True,True
2026-01-07 14:00:00,1651.725,0.0,0.006,110.605,54.847,130.786,41.662,0.0,733.028,5223.488,170.45,733.028,0.14033304948723918,4490.46,2722.659,True,True,True
2026-01-07 14:30:00,1445.495,0.0,0.006,108.648,10.023,110.185,0.0,0.0,1138.935,5244.794,170.45,1138.935,0.21715533536684187,4105.859,2813.292,True,True,True
2026-01-07 15:00:00,1406.123,0.0,0.006,106.204,0.0,111.652,0.0,0.0,1368.068,5299.596,149.11,1368.068,0.25814571525829516,3931.5279999999993,2992.053,True,True,True
2026-01-07 15:30:00,1414.7,0.0,0.006,106.555,0.0,111.005,0.0,0.0,1626.246,5352.812,149.11,1626.246,0.3038115293419609,3726.566,3258.512,True,True,True
2026-01-07 16:00:00,1417.887,0.0,0.006,106.555,0.0,115.452,0.0,0.0,1972.184,5457.338,151.8,1972.184,0.36138205110257055,3485.1539999999995,3612.084,True,True,True
2026-01-07 16:30:00,1347.492,0.0,0.006,108.717,0.0,116.104,0.0,0.0,2145.716,5581.771,151.8,2145.716,0.3844149106081206,3436.055,3718.035,True,True,True
2026-01-07 17:00:00,1262.463,0.0,124.111,107.747,0.0,116.074,0.0,0.0,2324.131,5769.706,154.4,2324.131,0.4028161920208759,3445.5750000000003,3934.526,True,True,True
2026-01-07 17:30:00,1256.388,0.0,203.616,110.605,15.516,116.052,0.0,0.0,2482.198,5866.209,154.4,2482.198,0.4231349411519433,3384.011,4184.375,True,True,True
2026-01-07 18:00:00,1168.181,0.0,243.872,107.187,16.172,115.514,0.0,0.0,2523.455,5824.421,144.055,2523.455,0.43325422389624646,3300.9660000000003,4174.380999999999,True,True,True
2026-01-07 18:30:00,1126.363,0.0,229.798,100.761,16.988,115.651,0.0,0.0,2486.021,5697.811,144.055,2486.021,0.43631159404901293,3211.7899999999995,4075.5820000000003,True,True,True
2026-01-07 19:00:00,1073.638,0.0,221.733,98.732,16.256,114.99,0.0,0.0,2481.459,5584.944,133.045,2481.459,0.4443122437754075,3103.4850000000006,4006.808,True,True,True
2026-01-07 19:30:00,1013.178,0.0,165.372,95.309,16.027,115.456,0.0,0.0,2557.677,5500.884,133.045,2557.677,0.46495745047523274,2943.207,3963.0190000000002,True,True,True
2026-01-07 20:00:00,1031.475,0.0,182.148,45.663,25.404,115.218,0.0,0.0,2479.418,5382.038,117.125,2479.418,0.4606838524737284,2902.6199999999994,3879.326,True,True,True
2026-01-07 20:30:00,1032.971,0.0,166.712,60.258,20.864,100.781,0.0,0.0,2454.95,5225.242,117.125,2454.95,0.46982512963035966,2770.2920000000004,3836.536,True,True,True
2026-01-07 21:00:00,929.23,0.0,165.036,80.855,0.0,100.098,0.0,0.0,2381.917,5075.459,110.055,2381.917,0.4693008060945818,2693.542,3657.136,True,True,True
2026-01-07 21:30:00,809.535,0.0,164.366,88.187,0.0,99.597,0.0,0.0,2349.319,4865.192,110.055,2349.319,0.4828831010163628,2515.873,3511.004,True,True,True
2026-01-07 22:00:00,836.758,0.0,169.728,60.399,0.0,99.668,0.0,0.0,2181.094,4608.886,99.615,2181.094,0.47323669971442117,2427.7920000000004,3347.647,True,True,True
2026-01-07 22:30:00,844.975,0.0,175.112,46.641,0.0,95.245,0.0,0.0,1998.471,4378.884,99.615,1998.471,0.4563882030215918,2380.413,3160.444,True,True,True
2026-01-07 23:00:00,1011.821,0.0,181.143,41.412,0.0,95.182,0.0,0.0,1791.261,4182.765,103.505,1791.261,0.42824806079232275,2391.5040000000004,3120.819,True,True,True
2026-01-07 23:30:00,1102.769,0.0,164.366,41.202,0.0,95.548,0.0,0.0,1614.284,4222.964,103.505,1614.284,0.38226326343298217,2608.68,3018.169,True,True,True
2026-01-08 00:00:00,1126.526,0.0,164.366,41.27,0.0,96.335,0.0,0.0,1390.375,4089.457,102.4,1390.375,0.3399901258284413,2699.082,2818.8720000000003,True,True,True
2026-01-08 00:30:00,1008.521,0.0,164.366,41.27,0.0,96.593,0.0,0.0,1261.383,3977.436,102.4,1261.383,0.3171347068815186,2716.053,2572.133,True,True,True
2026-01-08 01:00:00,889.4,0.0,164.366,41.202,0.0,96.42,0.0,0.0,1158.992,3909.121,107.915,1158.992,0.2964840433437594,2750.129,2350.38,True,True,True
2026-01-08 01:30:00,989.899,0.0,184.829,41.27,0.0,96.434,0.0,0.0,916.032,3834.032,107.915,916.032,0.23892132355702822,2918.0,2228.464,True,True,True
2026-01-08 02:00:00,1027.891,0.0,179.468,41.27,0.0,96.419,0.0,0.0,773.999,3824.502,114.77,773.999,0.20237902869445487,3050.5029999999997,2119.0470000000005,True,True,True
2026-01-08 02:30:00,1174.401,0.0,203.951,60.399,0.0,95.928,0.0,0.0,626.957,3885.67,114.77,626.957,0.16135106686877682,3258.713,2161.636,True,True,True
2026-01-08 03:00:00,1214.402,0.0,217.042,91.541,0.0,96.066,0.0,0.0,486.302,3851.807,119.13,486.302,0.1262529508877262,3365.5049999999997,2105.353,True,True,True
2026-01-08 03:30:00,1242.517,0.0,272.734,102.996,0.0,96.286,0.0,0.0,390.376,3832.812,119.13,390.376,0.10185106913670694,3442.4359999999997,2104.909,True,True,True
2026-01-08 04:00:00,1239.843,0.0,358.941,102.504,0.0,96.496,0.0,0.0,287.084,3802.305,129.17,287.084,0.07550262275119961,3515.221,2084.868,True,True,True
2026-01-08 04:30:00,1235.035,0.0,355.925,101.252,0.0,96.494,0.0,0.0,259.271,3789.97,129.17,259.271,0.06840977633068336,3530.6989999999996,2047.9769999999999,True,True,True
2026-01-08 05:00:00,1209.822,0.0,323.734,98.24,0.0,96.614,0.0,0.0,213.184,3796.157,129.75,213.184,0.056157845947888876,3582.973,1941.5939999999998,True,True,True
2026-01-08 05:30:00,1202.721,0.0,321.031,97.903,0.0,96.562,0.0,0.0,185.853,3853.49,129.75,185.853,0.048229786505219946,3667.6369999999997,1904.07,True,True,True
2026-01-08 06:00:00,1249.113,0.0,354.25,103.833,0.0,96.594,0.0,0.0,140.195,3983.27,149.94,140.195,0.035195957090531145,3843.075,1943.985,True,True,True
2026-01-08 06:30:00,1295.897,0.0,415.973,98.732,0.0,96.467,0.0,0.0,105.301,4215.092,149.94,105.301,0.024981898378493284,4109.790999999999,2012.37,True,True,True
2026-01-08 07:00:00,1428.662,0.0,440.479,102.855,0.0,96.44,38.418,0.0,99.942,4519.669,216.445,99.942,0.022112681260508235,4419.727,2206.7960000000003,True,True,True
2026-01-08 07:30:00,1553.764,0.0,451.537,105.153,0.0,96.749,41.644,0.0,101.557,4893.147,216.445,101.557,0.020754945641322447,4791.59,2350.4039999999995,True,True,True
2026-01-08 08:00:00,1638.327,0.0,414.297,95.801,58.143,112.314,229.254,0.0,105.435,5056.496,266.63,105.435,0.02085139590736352,4951.061,2653.5710000000004,True,True,True
2026-01-08 08:30:00,1654.61,0.0,418.676,97.202,15.737,115.568,238.7,0.0,142.756,5144.348,266.63,142.756,0.02775006667511607,5001.592,2683.249,True,True,True
2026-01-08 09:00:00,1520.817,0.0,403.91,93.498,15.806,115.484,232.068,0.0,200.606,5139.133,283.2,200.606,0.039034988975766925,4938.527,2582.1890000000003,True,True,True
2026-01-08 09:30:00,1507.152,0.0,421.357,98.031,16.035,114.876,241.692,0.0,259.334,5233.915,283.2,259.334,0.0495487603447897,4974.581,2658.477,True,True,True
2026-01-08 10:00:00,1547.121,0.0,416.308,96.642,15.882,115.24,238.142,0.0,317.465,5337.804,279.865,317.465,0.05947483272147122,5020.339,2746.8,True,True,True
2026-01-08 10:30:00,1553.404,0.0,416.643,97.061,15.585,114.856,238.803,0.0,366.699,5366.728,279.865,366.699,0.0683282253171765,5000.029,2803.0510000000004,True,True,True
2026-01-08 11:00:00,1595.705,0.0,431.074,100.761,16.172,114.915,246.422,0.0,442.637,5392.052,287.39,442.637,0.08209064007542954,4949.415,2947.686,True,True,True
2026-01-08 11:30:00,1568.796,0.0,448.856,107.956,16.027,115.19,241.48,0.0,481.348,5399.334,287.39,481.348,0.08914951362519896,4917.986,2979.6530000000002,True,True,True
2026-01-08 12:00:00,1604.459,0.0,443.83,110.605,139.16,115.47,245.182,0.0,565.145,5398.477,248.825,565.145,0.10468600681266216,4833.332,3223.851,True,True,True
2026-01-08 12:30:00,1814.36,0.0,435.765,108.926,164.506,115.532,244.073,0.0,610.655,5405.334,248.825,610.655,0.11297266736893594,4794.679,3493.817,True,True,True
2026-01-08 13:00:00,1805.798,0.0,449.861,111.165,190.278,115.787,226.378,0.0,726.095,5413.861,224.955,726.095,0.13411777657387214,4687.766,3625.362,True,True,True
2026-01-08 13:30:00,1652.696,0.0,439.474,105.576,173.074,115.209,217.608,0.0,854.569,5354.264,224.955,854.569,0.1596053164356483,4499.695,3558.206,True,True,True
2026-01-08 14:00:00,1504.949,0.0,445.505,107.533,176.293,100.741,195.026,0.0,1064.962,5354.329,207.645,1064.962,0.1988973781775457,4289.367,3595.009,True,True,True
2026-01-08 14:30:00,1519.786,0.0,450.867,108.507,10.47,96.402,196.499,0.0,1180.935,5319.239,207.645,1180.935,0.22201202089246225,4138.304,3563.466,True,True,True
2026-01-08 15:00:00,1521.392,0.0,456.228,110.887,6.366,96.593,184.163,0.0,1277.603,5355.181,200.0,1277.603,0.2385732620428703,4077.5779999999995,3653.232,True,True,True
2026-01-08 15:30:00,1589.439,0.0,456.228,111.028,6.297,95.757,173.72,0.0,1338.597,5386.911,200.0,1338.597,0.24849064705171478,4048.3140000000003,3771.066,True,True,True
2026-01-08 16:00:00,1593.307,0.0,450.196,110.118,10.534,100.126,171.396,0.0,1416.583,5451.97,199.5,1416.583,0.2598295661935044,4035.387,3852.26,True,True,True
2026-01-08 16:30:00,1583.577,0.0,448.856,108.858,20.498,104.997,191.954,0.0,1507.762,5605.012,199.5,1507.762,0.26900245708662174,4097.25,3966.5020000000004,True,True,True
2026-01-08 17:00:00,1600.394,0.0,446.175,94.822,20.788,125.191,161.725,0.0,1545.491,5723.585,184.985,1545.491,0.27002149876344983,4178.094,3994.5860000000002,True,True,True
2026-01-08 17:30:00,1485.758,0.0,445.17,78.066,59.027,130.495,43.774,0.0,1614.919,5813.74,184.985,1614.919,0.27777626794455895,4198.821,3857.209,True,True,True
2026-01-08 18:00:00,1448.33,0.0,398.526,77.224,159.455,129.807,31.233,0.0,1610.299,5793.614,145.105,1610.299,0.27794378431148503,4183.315,3854.874,True,True,True
2026-01-08 18:30:00,1449.377,0.0,385.122,83.517,142.815,129.827,25.888,0.0,1594.865,5705.986,145.105,1594.865,0.27950734544389,4111.121,3811.411,True,True,True
2026-01-08 19:00:00,1500.113,0.0,326.415,55.237,140.038,130.033,25.076,0.0,1611.867,5584.571,115.115,1611.867,0.2886286162356965,3972.7039999999997,3788.7790000000005,True,True,True
2026-01-08 19:30:00,1543.39,0.0,431.409,74.994,142.601,130.088,26.657,0.0,1445.051,5501.206,115.115,1445.051,0.2626789471254121,4056.155,3794.19,True,True,True
2026-01-08 20:00:00,1487.583,0.0,431.074,74.994,132.637,125.39,10.888,0.0,1405.289,5367.71,146.17,1405.289,0.2618041958302516,3962.4210000000003,3667.8549999999996,True,True,True
2026-01-08 20:30:00,1436.657,0.0,347.883,84.068,5.046,110.742,0.0,0.0,1388.184,5252.768,146.17,1388.184,0.26427666327543875,3864.584,3372.58,True,True,True
2026-01-08 21:00:00,1393.197,0.0,260.313,95.523,0.0,109.228,0.0,0.0,1430.192,5116.727,116.0,1430.192,0.27951305590468284,3686.535,3288.453,True,True,True
2026-01-08 21:30:00,1417.274,0.0,256.962,104.884,0.0,110.993,0.0,0.0,1337.834,4952.869,116.0,1337.834,0.27011293858165847,3615.035,3227.947,True,True,True
2026-01-08 22:00:00,1306.72,0.0,229.128,109.345,0.0,110.195,0.0,0.0,1376.344,4756.34,91.975,1376.344,0.2893703982473919,3379.996,3131.732,True,True,True
2026-01-08 22:30:00,1276.394,0.0,184.829,111.165,0.0,111.173,0.0,0.0,1285.479,4547.292,91.975,1285.479,0.2826911049477359,3261.813,2969.04,True,True,True
2026-01-08 23:00:00,1303.48,0.0,303.584,111.306,0.0,109.074,0.0,0.0,1308.74,4363.702,94.06,1308.74,0.2999150721107903,3054.9620000000004,3136.184,True,True,True
2026-01-08 23:30:00,1225.871,0.0,337.138,104.042,0.0,110.971,0.0,0.0,1112.107,4376.737,94.06,1112.107,0.25409500273834135,3264.63,2890.129,True,True,True
2026-01-09 00:00:00,1142.179,0.0,267.708,105.645,0.0,111.111,0.0,0.0,1052.396,4232.098,92.57,1052.396,0.24867004497532902,3179.702,2679.039,True,True,True
2026-01-09 00:30:00,1102.642,0.0,164.366,110.468,0.0,95.728,0.0,0.0,1116.386,4179.328,92.57,1116.386,0.26712093427460104,3062.9420000000005,2589.59,True,True,True
2026-01-09 01:00:00,1119.547,0.0,172.766,111.096,0.0,96.067,0.0,0.0,1031.726,4070.559,90.5,1031.726,0.25346051979592976,3038.833,2531.202,True,True,True
2026-01-09 01:30:00,1001.425,0.0,163.361,95.523,0.0,95.573,0.0,0.0,1085.542,4020.369,90.5,1085.542,0.27001053883362447,2934.827,2441.424,True,True,True
2026-01-09 02:00:00,704.192,0.0,165.372,100.274,0.0,95.7,0.0,0.0,1280.153,3929.278,89.3,1280.153,0.32579853092603783,2649.125,2345.691,True,True,True
2026-01-09 02:30:00,699.983,0.0,164.366,99.014,0.0,95.429,0.0,0.0,1245.172,3974.571,89.3,1245.172,0.31328462870584023,2729.399,2303.964,True,True,True
2026-01-09 03:00:00,746.104,0.0,181.813,103.906,0.0,96.496,0.0,0.0,1085.361,3904.298,87.285,1085.361,0.2779913316042987,2818.937,2213.6800000000003,True,True,True
2026-01-09 03:30:00,840.832,0.0,178.127,103.342,0.0,95.819,0.0,0.0,925.059,3888.961,87.285,925.059,0.23786790353516016,2963.902,2143.179,True,True,True
2026-01-09 04:00:00,982.759,0.0,177.792,103.906,0.0,95.964,0.0,0.0,831.605,3852.003,85.815,831.605,0.2158889803564535,3020.398,2192.026,True,True,True
2026-01-09 04:30:00,1010.602,0.0,164.031,98.732,0.0,95.452,0.0,0.0,835.685,3828.165,85.815,835.685,0.21829910675219066,2992.48,2204.502,True,True,True
2026-01-09 05:00:00,1048.681,0.0,164.701,96.292,0.0,95.847,0.0,0.0,889.841,3802.824,85.01,889.841,0.23399478913565286,2912.983,2295.362,True,True,True
2026-01-09 05:30:00,1047.613,0.0,164.031,78.976,0.0,96.145,0.0,0.0,890.839,3845.102,85.01,890.839,0.2316815002566902,2954.263,2277.6040000000003,True,True,True
2026-01-09 06:00:00,983.137,0.0,164.701,77.784,0.0,95.331,0.0,0.0,957.206,3960.047,98.08,957.206,0.2417158180193316,3002.841,2278.1589999999997,True,True,True
2026-01-09 06:30:00,1058.744,0.0,166.712,75.694,0.0,95.467,0.0,0.0,1074.808,4195.433,98.08,1074.808,0.25618523761432965,3120.625,2471.425,True,True,True
2026-01-09 07:00:00,1066.898,0.0,172.096,76.673,0.0,95.253,0.0,0.0,1304.065,4466.526,131.025,1304.065,0.2919640454348637,3162.461,2714.9849999999997,True,True,True
2026-01-09 07:30:00,1297.004,0.0,352.574,81.415,0.0,99.073,0.0,0.0,1089.576,4865.756,131.025,1089.576,0.2239273814798769,3776.1800000000003,2919.642,True,True,True
2026-01-09 08:00:00,1345.617,0.0,406.925,76.254,14.341,102.83,0.0,0.0,1116.233,5044.079,185.305,1116.233,0.2212957013559859,3927.8459999999995,3062.2,True,True,True
2026-01-09 08:30:00,1369.233,0.0,392.829,108.443,196.29,112.612,0.0,0.0,937.537,5148.833,185.305,937.537,0.18208728074886096,4211.295999999999,3116.9439999999995,True,True,True
2026-01-09 09:00:00,1383.666,0.0,401.899,110.605,199.365,114.386,0.0,0.0,918.562,5249.404,184.21,918.562,0.17498405533275777,4330.842000000001,3128.483,True,True,True
2026-01-09 09:30:00,1373.898,0.0,361.644,108.375,216.943,129.324,0.0,0.0,959.71,5341.589,184.21,959.71,0.1796675109223117,4381.879,3149.8940000000002,True,True,True
2026-01-09 10:00:00,1352.858,0.0,343.862,108.926,168.381,130.051,0.0,0.0,865.162,5303.469,193.955,865.162,0.16313133912916244,4438.307,2969.24,True,True,True
2026-01-09 10:30:00,1338.588,0.0,344.532,108.994,163.254,129.045,0.0,0.0,741.171,5204.847,193.955,741.171,0.1424001512436389,4463.6759999999995,2825.584,True,True,True
2026-01-09 11:00:00,1372.7,0.0,347.883,108.994,16.981,130.707,0.0,0.0,667.333,5152.148,179.57,667.333,0.12952519997484543,4484.8150000000005,2644.598,True,True,True
2026-01-09 11:30:00,1395.119,0.0,344.197,108.648,15.806,130.468,0.0,0.0,645.872,5102.439,179.57,645.872,0.12658103310985197,4456.567,2640.1099999999997,True,True,True
2026-01-09 12:00:00,1340.786,0.0,299.563,107.956,15.882,129.806,0.0,0.0,760.686,5060.142,162.35,760.686,0.1503289828625363,4299.456,2654.679,True,True,True
2026-01-09 12:30:00,1292.908,0.0,286.83,110.327,0.0,129.906,0.0,0.0,849.47,5016.317,162.35,849.47,0.16934137136867547,4166.847,2669.441,True,True,True
2026-01-09 13:00:00,1315.444,0.0,293.867,110.955,0.0,129.799,0.0,0.0,822.953,4958.173,142.0,822.953,0.1659790814076072,4135.219999999999,2673.018,True,True,True
2026-01-09 13:30:00,1333.639,0.0,274.744,108.994,0.0,128.957,0.0,0.0,841.18,4892.295,142.0,841.18,0.17193975424621777,4051.1150000000002,2687.5139999999997,True,True,True
2026-01-09 14:00:00,1340.986,0.0,277.425,109.627,0.0,130.79,0.0,0.0,825.434,4896.184,128.92,825.434,0.1685872099577957,4070.75,2684.2619999999997,True,True,True
2026-01-09 14:30:00,1317.506,0.0,269.048,107.883,0.0,110.303,0.0,0.0,1037.471,4942.126,128.92,1037.471,0.20992402864678075,3904.655,2842.2110000000002,True,True,True
2026-01-09 15:00:00,1376.494,0.0,275.08,109.208,0.0,110.358,0.0,0.0,1068.623,4969.12,137.345,1068.623,0.2150527658820878,3900.497,2939.763,True,True,True
2026-01-09 15:30:00,1367.891,0.0,283.122,101.735,0.0,109.967,0.0,0.0,1273.491,5104.523,137.345,1273.491,0.2494828605924589,3831.032,3136.206,True,True,True
2026-01-09 16:00:00,1337.184,0.0,274.744,109.208,50.831,110.977,0.0,0.0,1464.956,5212.673,170.5,1464.956,0.2810373871524264,3747.7169999999996,3347.8999999999996,True,True,True
2026-01-09 16:30:00,1383.464,0.0,348.553,111.237,192.773,130.909,0.0,0.0,1318.221,5387.299,170.5,1318.221,0.24469052116839998,4069.078,3485.1569999999997,True,True,True
2026-01-09 17:00:00,1406.969,0.0,373.372,108.093,231.668,131.071,54.972,0.0,1098.08,5535.701,180.5,1098.08,0.19836331478163288,4437.621,3404.2250000000004,True,True,True
2026-01-09 17:30:00,1414.49,0.0,376.723,108.785,234.445,129.889,62.548,0.0,1169.454,5639.799,180.5,1169.454,0.207357389864426,4470.345,3496.334,True,True,True
2026-01-09 18:00:00,1416.309,0.0,376.723,108.926,234.3,129.667,48.717,0.0,1297.697,5654.295,169.79,1297.697,0.22950641945636013,4356.598,3612.339,True,True,True
2026-01-09 18:30:00,1426.03,0.0,386.463,111.028,50.749,130.291,12.776,0.0,1602.128,5623.819,169.79,1602.128,0.28488256823343705,4021.6910000000007,3719.465,True,True,True
2026-01-09 19:00:00,1418.253,0.0,346.878,109.768,49.208,128.555,0.0,0.0,1789.261,5546.966,147.795,1789.261,0.3225657052882603,3757.7050000000004,3841.923,True,True,True
2026-01-09 19:30:00,1271.207,0.0,339.483,107.747,14.494,128.919,0.0,0.0,1902.286,5469.634,147.795,1902.286,0.3477903640353267,3567.348,3764.1360000000004,True,True,True
2026-01-09 20:00:00,1326.142,0.0,250.596,105.576,0.0,110.377,0.0,0.0,1783.123,5351.431,106.0,1783.123,0.33320489416756005,3568.3079999999995,3575.8140000000003,True,True,True
2026-01-09 20:30:00,1274.783,0.0,207.637,102.222,0.0,110.745,0.0,0.0,1827.714,5274.328,106.0,1827.714,0.34653021200046713,3446.6140000000005,3523.1009999999997,True,True,True
2026-01-09 21:00:00,1291.643,0.0,219.053,105.367,0.0,110.7,0.0,0.0,1704.093,5119.321,99.0,1704.093,0.332874808983457,3415.228,3430.856,True,True,True
2026-01-09 21:30:00,1331.946,0.0,250.596,103.132,0.0,110.344,0.0,0.0,1688.21,4957.933,99.0,1688.21,0.3405068200800616,3269.723,3484.228,True,True,True
2026-01-09 22:00:00,1326.821,0.0,262.324,98.313,0.0,110.504,0.0,0.0,1587.39,4788.331,90.975,1587.39,0.3315121698980292,3200.941,3385.352,True,True,True
2026-01-09 22:30:00,1310.716,0.0,276.42,101.735,0.0,110.908,0.0,0.0,1644.704,4646.237,90.975,1644.704,0.353986247365341,3001.5330000000004,3444.4829999999997,True,True,True
2026-01-09 23:00:00,1344.578,0.0,322.036,100.483,0.0,110.584,0.0,0.0,1593.059,4487.584,90.53,1593.059,0.3549925750693469,2894.5249999999996,3470.74,True,True,True
2026-01-09 23:30:00,1313.165,0.0,312.654,98.313,0.0,111.108,0.0,0.0,1465.873,4535.194,90.53,1465.873,0.32322167475084856,3069.3210000000004,3301.1130000000003,True,True,True
2026-01-10 00:00:00,1333.902,0.0,189.52,89.238,0.0,98.726,0.0,0.0,1461.913,4418.144,91.285,1461.913,0.33088849073276017,2956.231,3173.299,True,True,True
2026-01-10 00:30:00,1353.724,0.0,208.643,93.711,0.0,99.525,0.0,0.0,1347.534,4304.644,91.285,1347.534,0.31304191473208937,2957.11,3103.137,True,True,True
2026-01-10 01:00:00,1342.529,0.0,256.962,90.498,0.0,98.876,0.0,0.0,1267.286,4186.926,91.615,1267.286,0.3026769520168257,2919.6400000000003,3056.151,True,True,True
2026-01-10 01:30:00,1390.244,0.0,257.968,90.708,0.0,98.811,0.0,0.0,1058.904,4070.901,91.615,1058.904,0.26011538968891657,3011.997,2896.635,True,True,True
2026-01-10 02:00:00,1350.707,0.0,246.217,87.909,0.0,97.899,0.0,0.0,1121.482,4008.304,90.97,1121.482,0.27978965667274736,2886.822,2904.214,True,True,True
2026-01-10 02:30:00,1404.925,0.0,325.41,96.501,0.0,99.321,0.0,0.0,1020.652,4060.508,90.97,1020.652,0.25136066718745537,3039.8559999999998,2946.809,True,True,True
2026-01-10 03:00:00,1358.764,0.0,308.298,87.978,0.0,99.265,0.0,0.0,1004.641,3998.393,89.135,1004.641,0.2512611941847637,2993.752,2858.946,True,True,True
2026-01-10 03:30:00,1384.96,0.0,350.899,91.4,0.0,99.228,0.0,0.0,991.915,3929.503,89.135,991.915,0.2524275970777984,2937.588,2918.402,True,True,True
2026-01-10 04:00:00,1390.842,0.0,319.021,90.917,0.0,98.577,0.0,0.0,983.101,3883.575,87.785,983.101,0.2531433022408477,2900.4739999999997,2882.458,True,True,True
2026-01-10 04:30:00,1397.594,0.0,327.755,93.152,0.0,99.214,0.0,0.0,884.124,3833.119,87.785,884.124,0.23065394004203887,2948.995,2801.839,True,True,True
2026-01-10 05:00:00,1394.807,0.0,326.08,93.079,0.0,98.819,0.0,0.0,893.183,3814.96,85.8,893.183,0.23412643907144504,2921.777,2805.968,True,True,True
2026-01-10 05:30:00,1423.347,0.0,373.372,98.313,0.0,99.234,0.0,0.0,815.926,3804.454,85.8,815.926,0.2144659917034087,2988.5280000000002,2810.192,True,True,True
2026-01-10 06:00:00,1379.543,0.0,370.356,98.24,0.0,98.642,0.0,0.0,801.013,3817.231,87.575,801.013,0.20984137454610421,3016.2180000000003,2747.794,True,True,True
2026-01-10 06:30:00,1295.097,0.0,355.59,93.57,0.0,98.006,0.0,0.0,822.47,3885.486,87.575,822.47,0.21167750958309978,3063.0159999999996,2664.733,True,True,True
2026-01-10 07:00:00,1258.58,0.0,322.707,100.411,0.0,99.22,0.0,0.0,684.85,3977.914,96.345,684.85,0.1721630985486363,3293.0640000000003,2465.768,True,True,True
2026-01-10 07:30:00,1300.561,0.0,304.254,96.219,0.0,98.409,0.0,0.0,625.364,4143.805,96.345,625.364,0.15091540263115663,3518.4410000000003,2424.807,True,True,True
2026-01-10 08:00:00,1267.202,0.0,267.708,97.621,0.0,111.256,0.0,0.0,569.4,4234.504,108.83,569.4,0.13446675218632453,3665.104,2313.187,True,True,True
2026-01-10 08:30:00,1382.58,0.0,345.872,102.154,13.4,111.385,0.0,0.0,513.689,4371.936,108.83,513.689,0.11749691669777416,3858.247,2469.08,True,True,True
2026-01-10 09:00:00,1449.12,0.0,417.648,111.306,13.4,110.741,0.0,0.0,494.919,4531.482,156.35,494.919,0.1092179114912075,4036.563,2597.134,True,True,True
2026-01-10 09:30:00,1447.027,0.0,437.106,110.887,145.821,110.884,0.0,0.0,521.001,4698.578,156.35,521.001,0.1108848251534826,4177.577,2772.7259999999997,True,True,True
2026-01-10 10:00:00,1416.983,0.0,422.027,107.956,136.818,111.117,0.0,0.0,526.44,4753.831,167.57,526.44,0.1107401588318979,4227.391,2721.341,True,True,True
2026-01-10 10:30:00,1443.181,0.0,435.095,110.605,191.674,110.979,0.0,0.0,507.389,4785.564,167.57,507.389,0.10602491158826838,4278.175,2798.9230000000002,True,True,True
2026-01-10 11:00:00,1428.059,0.0,426.383,109.067,190.507,110.72,0.0,0.0,468.576,4768.078,173.8,468.576,0.09827356012212887,4299.502,2733.312,True,True,True
2026-01-10 11:30:00,1404.195,0.0,421.022,107.815,183.32,110.714,0.0,0.0,491.386,4746.223,173.8,491.386,0.10353200850444659,4254.8369999999995,2718.4519999999998,True,True,True
2026-01-10 12:00:00,1272.345,0.0,427.053,109.135,178.925,110.962,0.0,0.0,529.258,4734.641,181.79,529.258,0.11178418807254871,4205.383,2627.678,True,True,True
2026-01-10 12:30:00,1274.464,0.0,348.888,111.028,185.594,110.938,0.0,0.0,646.898,4790.376,181.79,646.898,0.13504117422097972,4143.478,2677.81,True,True,True
2026-01-10 13:00:00,1284.84,0.0,428.393,109.768,99.823,111.154,0.0,0.0,713.913,4815.071,177.75,713.913,0.14826634955123197,4101.157999999999,2747.8909999999996,True,True,True
2026-01-10 13:30:00,1316.193,0.0,426.383,109.345,60.706,110.757,0.0,0.0,748.118,4799.975,177.75,748.118,0.15585872843087725,4051.8570000000004,2771.502,True,True,True
2026-01-10 14:00:00,1324.629,0.0,431.744,110.327,11.564,110.671,0.0,0.0,889.83,4795.242,157.555,889.83,0.18556519149607048,3905.4120000000003,2878.765,True,True,True
2026-01-10 14:30:00,1311.984,0.0,426.048,108.926,10.61,110.796,0.0,0.0,973.823,4797.252,157.555,973.823,0.2029960068806058,3823.4290000000005,2942.187,True,True,True
2026-01-10 15:00:00,1266.191,0.0,422.362,104.884,10.977,110.729,0.0,0.0,1153.582,4819.784,144.0,1153.582,0.23934309089369984,3666.2019999999993,3068.725,True,True,True
2026-01-10 15:30:00,1299.707,0.0,440.144,109.135,16.981,110.518,0.0,0.0,1254.207,4861.097,144.0,1254.207,0.2580090461062596,3606.8899999999994,3230.692,True,True,True
2026-01-10 16:00:00,1327.137,0.0,474.01,110.327,70.083,111.064,0.0,0.0,1311.298,4878.665,144.615,1311.298,0.2687821360966576,3567.367,3403.919,True,True,True
2026-01-10 16:30:00,1366.137,0.0,461.277,106.136,99.609,111.188,0.0,0.0,1514.717,5009.226,144.615,1514.717,0.3023854383890845,3494.5089999999996,3659.064,True,True,True
2026-01-10 17:00:00,1379.083,0.0,457.256,105.017,97.923,111.229,0.0,0.0,1867.628,5208.623,144.715,1867.628,0.3585646340693116,3340.995,4018.1359999999995,True,True,True
2026-01-10 17:30:00,1378.234,0.0,457.926,105.367,97.923,110.442,0.0,0.0,2012.49,5261.223,144.715,2012.49,0.3825137235201777,3248.733,4162.382,True,True,True
2026-01-10 18:00:00,1288.929,0.0,452.877,97.552,150.658,110.677,0.0,0.0,2235.987,5216.458,132.7,2235.987,0.4286408517043558,2980.4709999999995,4336.68,True,True,True
2026-01-10 18:30:00,1173.912,0.0,382.107,95.66,9.006,110.499,0.0,0.0,2585.647,5140.106,132.7,2585.647,0.5030337895755457,2554.459,4356.831,True,True,True
2026-01-10 19:00:00,1249.638,0.0,265.004,74.434,15.742,111.182,0.0,0.0,2766.741,5034.406,111.985,2766.741,0.5495665228430127,2267.665,4482.741,True,True,True
2026-01-10 19:30:00,1213.743,0.0,240.521,45.945,0.0,111.152,0.0,0.0,3080.998,4940.364,111.985,3080.998,0.6236378534051338,1859.3659999999995,4692.359,True,True,True
2026-01-10 20:00:00,1020.547,0.0,191.553,41.339,0.0,110.468,0.0,0.0,3302.852,4858.504,100.61,3302.852,0.679808434859784,1555.652,4666.759,True,True,True
2026-01-10 20:30:00,584.172,0.0,186.84,41.061,0.0,109.733,0.0,0.0,3482.677,4725.59,100.61,3482.677,0.7369824720299476,1242.913,4404.483,True,True,True
2026-01-10 21:00:00,312.539,0.0,177.457,41.202,0.0,110.65,0.0,0.0,3592.494,4614.89,97.78,3592.494,0.7784571246551922,1022.3960000000002,4234.342000000001,True,True,True
2026-01-10 21:30:00,325.471,0.0,167.717,41.339,0.0,110.311,0.0,0.0,3616.537,4500.778,97.78,3616.537,0.8035359664484673,884.2410000000004,4261.375,True,True,True
2026-01-10 22:00:00,322.002,0.0,168.722,41.202,0.0,111.266,0.0,0.0,3543.069,4372.664,85.4,3543.069,0.8102769844653054,829.5949999999998,4186.261,True,True,True
2026-01-10 22:30:00,312.478,0.0,165.707,41.202,0.0,87.684,0.0,0.0,3456.093,4273.172,85.4,3456.093,0.8087886469348765,817.0789999999997,4063.1639999999998,True,True,True
2026-01-10 23:00:00,315.686,0.0,164.031,41.202,0.0,86.864,0.0,0.0,3321.211,4145.851,88.215,3321.211,0.8010927069014299,824.6399999999999,3928.9939999999997,True,True,True
2026-01-10 23:30:00,331.738,0.0,169.393,41.27,0.0,87.216,0.0,0.0,3366.292,4204.854,88.215,3366.292,0.8005728617450213,838.5620000000004,3995.909,True,True,True
2026-01-11 00:00:00,338.555,0.0,170.733,41.202,0.0,86.586,0.0,0.0,3373.453,4098.647,78.37,3373.453,0.823065026092757,725.194,4010.529,True,True,True
2026-01-11 00:30:00,324.531,0.0,166.042,41.202,0.0,87.202,0.0,0.0,3374.854,4025.348,78.37,3374.854,0.8384005556786642,650.4940000000001,3993.8309999999997,True,True,True
2026-01-11 01:00:00,322.366,0.0,164.701,41.202,0.0,86.541,0.0,0.0,3350.201,3903.978,75.35,3350.201,0.8581505838403802,553.777,3965.011,True,True,True
2026-01-11 01:30:00,325.774,0.0,167.047,41.202,0.0,87.041,0.0,0.0,3309.164,3814.34,75.35,3309.164,0.8675587388643907,505.17599999999993,3930.228,True,True,True
2026-01-11 02:00:00,314.625,0.0,164.031,40.92,0.0,87.171,0.0,0.0,3231.409,3730.099,72.53,3231.409,0.8663064974951067,498.69000000000005,3838.156,True,True,True
2026-01-11 02:30:00,326.922,0.0,164.031,41.202,0.0,87.692,0.0,0.0,3250.984,3762.994,72.53,3250.984,0.8639354726582077,512.0100000000002,3870.831,True,True,True
2026-01-11 03:00:00,322.279,0.0,163.361,41.27,0.0,87.226,0.0,0.0,3157.241,3692.787,70.25,3157.241,0.8549751177091991,535.5459999999998,3771.377,True,True,True
2026-01-11 03:30:00,327.56,0.0,164.701,41.27,0.0,86.942,0.0,0.0,3093.46,3629.379,70.25,3093.46,0.8523386507719365,535.9189999999999,3713.933,True,True,True
2026-01-11 04:00:00,327.446,0.0,164.366,41.339,0.0,86.497,0.0,0.0,3067.609,3561.163,70.5,3067.609,0.8614065124230483,493.5540000000001,3687.257,True,True,True
2026-01-11 04:30:00,323.192,0.0,165.036,41.202,0.0,86.988,0.0,0.0,3038.924,3528.704,70.5,3038.924,0.8612011662071967,489.7800000000002,3655.342,True,True,True
2026-01-11 05:00:00,336.272,0.0,169.058,41.061,0.0,86.769,0.0,0.0,2923.271,3454.972,70.535,2923.271,0.8461055545457388,531.701,3556.431,True,True,True
2026-01-11 05:30:00,320.824,0.0,164.031,41.339,0.0,86.721,0.0,0.0,2960.824,3462.145,70.535,2960.824,0.8551993056327797,501.3209999999999,3573.739,True,True,True
2026-01-11 06:00:00,324.632,0.0,164.031,41.202,0.0,87.074,0.0,0.0,2920.022,3475.534,73.175,2920.022,0.8401649933506621,555.5120000000002,3536.961,True,True,True
2026-01-11 06:30:00,334.777,0.0,168.387,41.27,0.0,86.943,0.0,0.0,2862.234,3502.542,73.175,2862.234,0.8171876311547441,640.308,3493.611,True,True,True
2026-01-11 07:00:00,338.992,0.0,173.436,41.202,0.0,87.31,0.0,0.0,2855.395,3532.545,79.895,2855.395,0.8083110052384329,677.1500000000001,3496.335,True,True,True
2026-01-11 07:30:00,341.906,0.0,172.096,41.202,0.0,87.141,0.0,0.0,2856.316,3649.511,79.895,2856.316,0.7826571833870345,793.1950000000002,3498.6609999999996,True,True,True
2026-01-11 08:00:00,347.374,0.0,170.733,41.202,0.0,86.612,0.0,0.0,2777.465,3658.933,84.95,2777.465,0.7590915165705412,881.4679999999998,3423.386,True,True,True
2026-01-11 08:30:00,366.628,0.0,183.489,41.339,0.0,87.02,0.0,0.0,2835.618,3777.814,84.95,2835.618,0.7505975677997911,942.1959999999999,3514.094,True,True,True
2026-01-11 09:00:00,347.297,0.0,171.426,41.202,0.0,86.637,0.0,0.0,2990.56,3908.254,90.5,2990.56,0.7651907987556592,917.694,3637.122,True,True,True
2026-01-11 09:30:00,369.717,0.0,184.159,41.339,0.0,86.868,0.0,0.0,2996.222,4052.233,90.5,2996.222,0.7394002269859606,1056.011,3678.3050000000003,True,True,True
2026-01-11 10:00:00,343.114,0.0,254.952,41.27,45.116,86.473,0.0,0.0,3210.933,4225.318,92.13,3210.933,0.7599269451435371,1014.3850000000002,3981.858,True,True,True
2026-01-11 10:30:00,335.949,0.0,233.149,41.339,41.599,98.254,0.0,0.0,3288.384,4321.852,92.13,3288.384,0.7608738105793535,1033.4679999999998,4038.674,True,True,True
2026-01-11 11:00:00,367.062,0.0,164.701,41.202,5.343,110.821,0.0,0.0,3243.407,4422.45,93.195,3243.407,0.7333959682981154,1179.0429999999997,3932.536,True,True,True
2026-01-11 11:30:00,400.417,0.0,183.824,41.27,9.296,111.662,0.0,0.0,3261.95,4504.08,93.195,3261.95,0.7242211506012326,1242.13,4008.419,True,True,True
2026-01-11 12:00:00,399.743,0.0,181.143,41.339,9.15,110.253,0.0,0.0,3356.219,4550.058,95.79,3356.219,0.7376211468073594,1193.839,4097.847,True,True,True
2026-01-11 12:30:00,396.001,0.0,178.798,41.061,47.901,111.148,0.0,0.0,3511.998,4641.396,95.79,3511.998,0.7566684678488972,1129.3979999999997,4286.907,True,True,True
2026-01-11 13:00:00,389.678,0.0,175.782,41.202,47.092,109.812,0.0,0.0,3646.46,4690.172,98.135,3646.46,0.7774682890094436,1043.7119999999995,4410.026,True,True,True
2026-01-11 13:30:00,567.524,0.0,211.346,41.061,46.436,110.871,0.0,0.0,3491.784,4726.577,98.135,3491.784,0.7387553402811379,1234.7930000000001,4469.022,True,True,True
2026-01-11 14:00:00,547.753,0.0,201.941,41.48,45.551,99.554,0.0,0.0,3453.175,4685.818,98.97,3453.175,0.7369417676913614,1232.643,4389.454,True,True,True
2026-01-11 14:30:00,543.155,0.0,197.585,41.339,43.941,86.602,0.0,0.0,3438.615,4659.517,98.97,3438.615,0.7379767044524143,1220.902,4351.237,True,True,True
2026-01-11 15:00:00,517.356,0.0,171.426,41.061,5.488,87.187,0.0,0.0,3524.667,4685.535,101.515,3524.667,0.7522443008108999,1160.868,4347.1849999999995,True,True,True
2026-01-11 15:30:00,513.098,0.0,164.031,41.061,5.412,87.299,0.0,0.0,3556.855,4720.814,101.515,3556.855,0.7534410379226972,1163.9590000000003,4367.756,True,True,True
2026-01-11 16:00:00,524.758,0.0,164.031,41.202,20.353,86.974,0.0,0.0,3605.244,4766.938,106.995,3605.244,0.7563018440768476,1161.694,4442.562,True,True,True
2026-01-11 16:30:00,552.672,0.0,175.447,41.202,68.397,86.865,0.0,0.0,3671.956,4914.766,106.995,3671.956,0.7471273301719757,1242.8099999999995,4596.539000000001,True,True,True
2026-01-11 17:00:00,532.634,0.0,165.707,41.202,181.42,87.278,0.0,0.0,3649.199,5035.357,108.335,3649.199,0.7247150499954621,1386.158,4657.4400000000005,True,True,True
2026-01-11 17:30:00,578.492,0.0,171.761,41.27,216.653,86.982,0.0,0.0,3682.497,5130.311,108.335,3682.497,0.7177921572395903,1447.8139999999999,4777.655,True,True,True
2026-01-11 18:00:00,547.665,0.0,169.728,41.339,235.33,87.114,0.0,0.0,3660.795,5134.973,104.39,3660.795,0.7129141672215219,1474.1779999999999,4741.971,True,True,True
2026-01-11 18:30:00,533.816,0.0,165.372,41.202,293.704,86.691,0.0,0.0,3611.035,5039.511,104.39,3611.035,0.7165447203111571,1428.4760000000006,4731.82,True,True,True
2026-01-11 19:00:00,490.451,0.0,163.696,41.202,222.948,87.117,0.0,0.0,3580.606,4953.776,96.035,3580.606,0.7228033726191899,1373.1699999999996,4586.02,True,True,True
2026-01-11 19:30:00,480.939,0.0,165.707,40.92,151.902,86.906,0.0,0.0,3520.516,4838.71,96.035,3520.516,0.7275732581617828,1318.194,4446.89,True,True,True
2026-01-11 20:00:00,387.07,0.0,164.366,41.339,152.634,86.776,0.0,0.0,3527.928,4743.306,91.58,3527.928,0.7437698516604242,1215.3779999999997,4360.112999999999,True,True,True
2026-01-11 20:30:00,348.788,0.0,176.452,41.13,65.101,86.918,0.0,0.0,3457.556,4640.754,91.58,3457.556,0.7450418617319513,1183.1979999999999,4175.945,True,True,True
2026-01-11 21:00:00,362.746,0.0,168.722,60.399,61.446,87.198,0.0,0.0,3362.716,4504.483,86.53,3362.716,0.7465265159175869,1141.7670000000003,4103.227,True,True,True
2026-01-11 21:30:00,360.253,0.0,163.361,60.326,0.0,86.888,0.0,0.0,3337.462,4402.8,86.53,3337.462,0.7580317070954846,1065.3380000000002,4008.29,True,True,True
2026-01-11 22:00:00,369.61,0.0,168.387,60.326,0.0,78.316,0.0,0.0,3199.111,4223.354,71.765,3199.111,0.7574811393977392,1024.2430000000004,3875.75,True,True,True
2026-01-11 22:30:00,354.541,0.0,164.366,60.326,0.0,78.39,0.0,0.0,3122.207,4044.548,71.765,3122.207,0.7719544928135357,922.3409999999999,3779.83,True,True,True
2026-01-11 23:00:00,329.413,0.0,164.366,41.27,0.0,78.487,0.0,0.0,3061.134,3901.269,64.73,3061.134,0.7846508405341954,840.1349999999998,3674.67,True,True,True
2026-01-11 23:30:00,344.026,0.0,173.771,41.27,0.0,78.18,0.0,0.0,3152.832,3935.303,64.73,3152.832,0.801166263436386,782.471,3790.0789999999997,True,True,True
2026-01-12 00:00:00,350.143,0.0,175.447,41.548,0.0,78.633,0.0,0.0,3259.548,3803.941,59.735,3259.548,0.8568871073447248,544.393,3905.3189999999995,True,True,True
2026-01-12 00:30:00,340.887,0.0,171.426,41.202,0.0,78.771,0.0,0.0,3226.619,3769.843,59.735,3226.619,0.8559027524488421,543.2239999999997,3858.905,True,True,True
2026-01-12 01:00:00,322.944,0.0,164.701,41.202,0.0,78.469,0.0,0.0,3151.263,3677.776,57.5,3151.263,0.8568392963573638,526.5129999999999,3758.5789999999997,True,True,True
2026-01-12 01:30:00,328.465,0.0,168.722,41.061,0.0,78.318,0.0,0.0,3103.758,3604.586,57.5,3103.758,0.8610581076439846,500.828,3720.3239999999996,True,True,True
2026-01-12 02:00:00,324.017,0.0,166.377,41.061,0.0,78.957,0.0,0.0,3046.278,3571.859,51.5,3046.278,0.8528550539089028,525.5810000000001,3656.6899999999996,True,True,True
2026-01-12 02:30:00,336.323,0.0,175.112,41.27,0.0,78.781,0.0,0.0,2996.609,3631.716,51.5,2996.609,0.8251220635093713,635.107,3628.095,True,True,True
2026-01-12 03:00:00,343.188,0.0,175.112,41.27,0.0,78.79,0.0,0.0,3009.162,3595.8,48.39,3009.162,0.8368546637744034,586.6380000000004,3647.522,True,True,True
2026-01-12 03:30:00,315.181,0.0,165.372,41.202,0.0,78.626,0.0,0.0,2809.336,3530.47,48.39,2809.336,0.7957399439734653,721.134,3409.7169999999996,True,True,True
2026-01-12 04:00:00,305.096,0.0,164.366,41.202,0.0,78.317,0.0,0.0,2630.702,3471.406,56.005,2630.702,0.7578203183378724,840.7039999999997,3219.683,True,True,True
2026-01-12 04:30:00,336.234,0.0,164.366,41.339,0.0,78.632,0.0,0.0,2616.206,3476.785,56.005,2616.206,0.752478511038215,860.5789999999997,3236.777,True,True,True
2026-01-12 05:00:00,412.197,0.0,177.457,41.202,0.0,79.028,0.0,0.0,2630.392,3468.942,64.705,2630.392,0.7582692359803075,838.5500000000002,3340.276,True,True,True
2026-01-12 05:30:00,391.512,0.0,168.052,41.202,0.0,78.231,0.0,0.0,2601.347,3555.735,64.705,2601.347,0.731591921220226,954.3879999999999,3280.344,True,True,True
2026-01-12 06:00:00,432.145,0.0,244.542,41.339,0.0,78.671,0.0,0.0,2487.773,3681.83,93.18,2487.773,0.675689263219649,1194.0569999999998,3284.4700000000003,True,True,True
2026-01-12 06:30:00,557.854,0.0,271.058,41.412,0.0,79.156,0.0,0.0,2535.417,3933.802,93.18,2535.417,0.644520746087373,1398.3850000000002,3484.897,True,True,True
2026-01-12 07:00:00,671.04,0.0,311.314,41.339,0.0,78.59,0.0,0.0,2449.795,4206.877,101.475,2449.795,0.5823310260794409,1757.0820000000003,3552.078,True,True,True
2026-01-12 07:30:00,992.211,0.0,383.447,50.696,0.0,78.691,0.0,0.0,2361.631,4545.705,101.475,2361.631,0.5195301938863168,2184.074,3866.676,True,True,True
2026-01-12 08:00:00,1314.047,0.0,384.452,60.326,0.0,78.403,0.0,0.0,2338.971,4748.437,100.515,2338.971,0.492577031136772,2409.466,4176.1990000000005,True,True,True
2026-01-12 08:30:00,1324.354,0.0,411.952,50.136,5.564,78.774,0.0,0.0,2332.215,4799.711,100.515,2332.215,0.4859073806735447,2467.496,4202.995,True,True,True
2026-01-12 09:00:00,1352.936,0.0,411.282,50.273,10.104,78.3,0.0,0.0,2288.984,4855.04,96.55,2288.984,0.4714655286053256,2566.056,4191.879,True,True,True
2026-01-12 09:30:00,1348.354,0.0,409.941,50.273,10.47,78.381,0.0,0.0,2263.643,4932.357,96.55,2263.643,0.4589373802423466,2668.714,4161.062,True,True,True
2026-01-12 10:00:00,1344.413,0.0,406.59,50.623,10.394,77.823,0.0,0.0,2229.916,4927.898,93.93,2229.916,0.45250855435725335,2697.982,4119.759,True,True,True
2026-01-12 10:30:00,1359.539,0.0,383.447,60.189,6.297,54.875,0.0,0.0,2235.701,4926.725,93.93,2235.701,0.4537904997741907,2691.0240000000003,4100.048,True,True,True
2026-01-12 11:00:00,1365.405,0.0,369.016,78.484,5.488,54.241,0.0,0.0,2250.661,4890.202,92.935,2250.661,0.4602388612985721,2639.541,4123.295,True,True,True
2026-01-12 11:30:00,1339.678,0.0,279.436,70.734,5.565,54.328,0.0,0.0,2229.067,4877.718,92.935,2229.067,0.45698972347314876,2648.651,3978.808,True,True,True
2026-01-12 12:00:00,1307.894,0.0,229.463,77.924,5.267,55.9,0.0,0.0,2396.594,4861.256,92.615,2396.594,0.4929989286719317,2464.6620000000003,4073.042,True,True,True
2026-01-12 12:30:00,1327.459,0.0,213.356,79.044,0.0,56.201,0.0,0.0,2399.65,4865.858,92.615,2399.65,0.4931607128691384,2466.208,4075.71,True,True,True
2026-01-12 13:00:00,1363.602,0.0,190.883,41.48,0.0,55.601,0.0,0.0,2404.975,4839.44,93.04,2404.975,0.49695315986973704,2434.4649999999997,4056.541,True,True,True
2026-01-12 13:30:00,1328.638,0.0,179.132,41.202,0.0,56.755,0.0,0.0,2615.263,4839.628,93.04,2615.263,0.5403851287743604,2224.365,4220.99,True,True,True
2026-01-12 14:00:00,1295.596,0.0,164.031,41.412,0.0,73.37,0.0,0.0,2585.959,4772.785,96.035,2585.959,0.5418134275899711,2186.826,4160.368,True,True,True
2026-01-12 14:30:00,1146.941,0.0,164.031,41.13,0.0,77.462,0.0,0.0,2603.511,4793.199,96.035,2603.511,0.5431677257714524,2189.6879999999996,4033.075,True,True,True
2026-01-12 15:00:00,1166.247,0.0,164.366,41.339,0.0,78.122,0.0,0.0,2649.826,4896.336,102.895,2649.826,0.5411854905382311,2246.51,4099.9,True,True,True
2026-01-12 15:30:00,1224.214,0.0,171.068,50.345,19.255,79.175,0.0,0.0,2642.735,4960.123,102.895,2642.735,0.5327962633184702,2317.3879999999995,4186.792,True,True,True
2026-01-12 16:00:00,1354.695,0.0,274.074,50.273,20.72,77.487,0.0,0.0,2407.574,5024.261,134.305,2407.574,0.47918967585481725,2616.6870000000004,4184.823,True,True,True
2026-01-12 16:30:00,1350.358,0.0,365.665,41.202,20.422,89.682,0.0,0.0,2319.646,5183.15,134.305,2319.646,0.44753595786346145,2863.5039999999995,4186.975,True,True,True
2026-01-12 17:00:00,1262.865,0.0,391.154,41.412,20.643,101.83,0.0,0.0,2291.031,5392.399,162.205,2291.031,0.4248630340596087,3101.3680000000004,4108.9349999999995,True,True,True
2026-01-12 17:30:00,1256.342,0.0,397.856,41.27,201.051,101.751,0.0,0.0,2216.138,5496.374,162.205,2216.138,0.403200000582202,3280.236,4214.407999999999,True,True,True
2026-01-12 18:00:00,1268.842,0.0,363.654,41.27,290.926,101.972,0.0,0.0,2048.325,5471.642,157.975,2048.325,0.37435289077757644,3423.317,4114.989,True,True,True
2026-01-12 18:30:00,1276.779,0.0,375.718,41.339,291.438,102.292,0.0,0.0,1937.94,5403.856,157.975,1937.94,0.35862169532274735,3465.9159999999997,4025.506,True,True,True
2026-01-12 19:00:00,1282.274,0.0,419.681,41.13,291.293,103.083,0.0,0.0,1895.425,5286.058,145.0,1895.425,0.3585706021386825,3390.633,4032.8859999999995,True,True,True
2026-01-12 19:30:00,1296.128,0.0,426.048,41.412,293.048,102.413,0.0,0.0,1861.073,5231.314,145.0,1861.073,0.35575631667301943,3370.241,4020.1220000000003,True,True,True
2026-01-12 20:00:00,1269.651,0.0,401.229,41.339,289.24,101.551,0.0,0.0,1732.564,5109.748,128.235,1732.564,0.339070341629372,3377.1839999999993,3835.5740000000005,True,True,True
2026-01-12 20:30:00,1248.929,0.0,343.862,41.27,284.625,82.786,0.0,0.0,1647.47,4978.813,128.235,1647.47,0.3308961393006727,3331.343,3648.942,True,True,True
2026-01-12 21:00:00,1290.664,0.0,324.404,41.27,113.663,83.764,0.0,0.0,1605.399,4855.466,128.725,1605.399,0.3306374712540464,3250.0670000000005,3459.1639999999998,True,True,True
2026-01-12 21:30:00,1280.251,0.0,317.345,41.27,4.977,83.332,0.0,0.0,1491.272,4707.218,128.725,1491.272,0.31680538271225167,3215.946,3218.447,True,True,True
2026-01-12 22:00:00,1276.856,0.0,284.797,41.27,0.0,82.778,0.0,0.0,1335.004,4512.034,122.45,1335.004,0.2958763165348488,3177.0299999999997,3020.705,True,True,True
2026-01-12 22:30:00,1242.879,0.0,265.34,41.27,0.0,82.802,0.0,0.0,1163.147,4300.028,122.45,1163.147,0.27049754094624495,3136.8810000000003,2795.4379999999996,True,True,True
2026-01-12 23:00:00,1291.894,0.0,361.644,49.226,0.0,83.563,0.0,0.0,1091.986,4155.567,99.505,1091.986,0.26277665598942335,3063.581,2878.313,True,True,True
2026-01-12 23:30:00,1342.672,0.0,296.212,79.116,0.0,82.609,0.0,0.0,1047.366,4193.532,99.505,1047.366,0.2497574836677054,3146.166,2847.975,True,True,True
2026-01-13 00:00:00,1322.636,0.0,244.207,78.552,0.0,82.905,0.0,0.0,1075.265,4041.965,96.005,1075.265,0.26602531194604606,2966.7,2803.565,True,True,True
2026-01-13 00:30:00,1382.323,0.0,202.946,80.163,0.0,82.298,0.0,0.0,1028.667,3966.982,96.005,1028.667,0.25930720129307366,2938.315,2776.397,True,True,True
2026-01-13 01:00:00,1359.793,0.0,272.064,98.104,0.0,78.302,0.0,0.0,902.453,3876.03,99.8,902.453,0.2328292092682461,2973.577,2710.7159999999994,True,True,True
2026-01-13 01:30:00,1327.874,0.0,288.505,102.086,0.0,68.588,0.0,0.0,832.864,3819.873,99.8,832.864,0.21803447392099162,2987.009,2619.9170000000004,True,True,True
2026-01-13 02:00:00,1294.019,0.0,308.633,97.412,0.0,58.605,0.0,0.0,801.562,3792.953,101.9,801.562,0.21132927299652804,2991.391,2560.2309999999998,True,True,True
2026-01-13 02:30:00,1306.563,0.0,262.659,103.414,0.0,58.57,0.0,0.0,791.193,3855.544,101.9,791.193,0.20520917411395123,3064.3509999999997,2522.399,True,True,True
2026-01-13 03:00:00,1253.643,0.0,247.222,99.364,0.0,59.116,0.0,0.0,860.692,3803.548,99.875,860.692,0.22628661449783205,2942.8559999999998,2520.0370000000003,True,True,True
2026-01-13 03:30:00,1234.991,0.0,224.414,100.902,0.0,59.056,0.0,0.0,966.244,3767.379,99.875,966.244,0.25647645219660675,2801.1349999999998,2585.607,True,True,True
2026-01-13 04:00:00,1254.175,0.0,190.548,104.042,0.0,59.08,0.0,0.0,1062.948,3694.484,98.5,1062.948,0.28771216765318247,2631.536,2670.7929999999997,True,True,True
2026-01-13 04:30:00,1273.804,0.0,212.686,98.663,0.0,58.889,0.0,0.0,994.301,3645.819,98.5,994.301,0.2727236321934797,2651.518,2638.343,True,True,True
2026-01-13 05:00:00,1368.586,0.0,194.569,102.432,0.0,58.271,0.0,0.0,1098.166,3642.073,105.855,1098.166,0.30152223747299955,2543.907,2822.024,True,True,True
2026-01-13 05:30:00,1370.861,0.0,254.617,98.873,0.0,58.284,0.0,0.0,1124.351,3695.924,105.855,1124.351,0.3042137771231227,2571.573,2906.9860000000003,True,True,True
2026-01-13 06:00:00,1370.354,0.0,325.41,102.714,0.0,58.255,0.0,0.0,1121.483,3840.877,107.035,1121.483,0.29198617919813624,2719.3940000000002,2978.2160000000003,True,True,True
2026-01-13 06:30:00,1401.749,0.0,427.053,111.096,0.0,58.44,0.0,0.0,912.732,4052.121,107.035,912.732,0.22524796273359063,3139.389,2911.07,True,True,True
2026-01-13 07:00:00,1314.428,0.0,406.925,96.852,5.71,70.087,0.0,0.0,875.896,4362.576,158.645,875.896,0.20077495498072698,3486.6800000000003,2769.898,True,True,True
2026-01-13 07:30:00,1313.819,0.0,385.122,103.483,9.593,83.245,0.0,0.0,1010.342,4758.363,158.645,1010.342,0.21232974449406233,3748.021,2905.604,True,True,True
2026-01-13 08:00:00,1282.112,0.0,333.452,106.136,5.564,83.424,10.181,0.0,1102.879,4927.249,193.04,1102.879,0.22383260923083043,3824.37,2923.748,True,True,True
2026-01-13 08:30:00,1244.808,0.0,180.473,108.234,5.412,85.723,10.987,0.0,1288.212,4943.884,193.04,1288.212,0.2605667932338218,3655.672,2923.849,True,True,True
2026-01-13 09:00:00,1220.505,0.0,164.031,108.648,0.0,87.913,0.0,0.0,1300.294,4956.282,185.4,1300.294,0.2623527071300624,3655.9880000000003,2881.3910000000005,True,True,True
2026-01-13 09:30:00,1225.732,0.0,165.036,108.994,0.0,102.19,0.0,0.0,1207.537,5002.276,185.4,1207.537,0.24139751585078473,3794.7389999999996,2809.489,True,True,True
2026-01-13 10:00:00,1210.236,0.0,164.031,107.465,0.0,102.462,0.0,0.0,1139.377,4962.474,166.415,1139.377,0.22959858328728774,3823.097,2723.571,True,True,True
2026-01-13 10:30:00,1157.033,0.0,164.366,108.507,0.0,101.833,0.0,0.0,1008.059,4866.296,166.415,1008.059,0.20715118850148037,3858.237,2539.798,True,True,True
2026-01-13 11:00:00,1226.176,0.0,176.452,111.165,0.0,101.555,0.0,0.0,912.311,4764.765,142.0,912.311,0.19147030336228543,3852.454,2527.659,True,True,True
2026-01-13 11:30:00,1206.343,0.0,164.366,100.624,0.0,101.964,0.0,0.0,834.031,4733.769,142.0,834.031,0.176187515698379,3899.7380000000003,2407.328,True,True,True
2026-01-13 12:00:00,1216.177,0.0,171.426,100.411,0.0,102.117,0.0,0.0,809.307,4697.859,127.115,809.307,0.17227145386866655,3888.5520000000006,2399.438,True,True,True
2026-01-13 12:30:00,1208.62,0.0,165.036,97.343,0.0,101.844,0.0,0.0,763.417,4670.695,127.115,763.417,0.16344826626444245,3907.278,2336.2599999999998,True,True,True
2026-01-13 13:00:00,1104.89,0.0,165.372,98.663,0.0,94.605,0.0,0.0,786.161,4625.429,118.8,786.161,0.16996499135539642,3839.268,2249.6910000000003,True,True,True
2026-01-13 13:30:00,1152.147,0.0,164.031,97.202,0.0,93.373,0.0,0.0,869.028,4608.593,118.8,869.028,0.18856687930567964,3739.5649999999996,2375.781,True,True,True
2026-01-13 14:00:00,1095.524,0.0,164.366,99.014,0.0,103.313,0.0,0.0,968.464,4588.13,121.175,968.464,0.21108033120247247,3619.666,2430.681,True,True,True
2026-01-13 14:30:00,1139.229,0.0,181.813,104.115,0.0,104.132,0.0,0.0,901.618,4626.685,121.175,901.618,0.19487343529978807,3725.0670000000005,2430.907,True,True,True
2026-01-13 15:00:00,1080.673,0.0,164.366,97.762,0.0,120.533,0.0,0.0,1080.227,4732.126,147.5,1080.227,0.22827519808221505,3651.8990000000003,2543.5609999999997,True,True,True
2026-01-13 15:30:00,1242.774,0.0,166.712,100.552,6.22,122.576,0.0,0.0,894.325,4864.442,147.5,894.325,0.18384945282521614,3970.117,2533.159,True,True,True
2026-01-13 16:00:00,1290.892,0.0,212.351,108.926,5.633,123.265,0.0,0.0,772.993,4920.497,189.5,772.993,0.15709652907013255,4147.504,2514.06,True,True,True
2026-01-13 16:30:00,1375.583,0.0,345.202,106.136,20.498,113.444,0.0,0.0,828.325,5129.351,189.5,828.325,0.161487291472157,4301.026,2789.188,True,True,True
2026-01-13 17:00:00,1353.631,0.0,349.223,107.674,135.788,101.405,0.0,0.0,879.14,5341.126,196.0,879.14,0.16459825137995246,4461.986,2926.8610000000003,True,True,True
2026-01-13 17:30:00,1316.869,0.0,334.122,108.576,287.997,101.676,0.0,0.0,934.114,5513.431,196.0,934.114,0.1694251728188854,4579.316999999999,3083.354,True,True,True
2026-01-13 18:00:00,1317.682,0.0,325.41,108.858,289.82,101.156,0.0,0.0,836.198,5532.19,185.105,836.198,0.1511513523577462,4695.991999999999,2979.124,True,True,True
2026-01-13 18:30:00,1377.487,0.0,338.143,111.306,293.192,102.143,0.0,0.0,782.484,5455.367,185.105,782.484,0.14343379647968688,4672.883,3004.755,True,True,True
2026-01-13 19:00:00,1416.081,0.0,327.42,109.695,291.071,102.119,0.0,0.0,668.476,5407.856,170.0,668.476,0.12361201925495058,4739.38,2914.862,True,True,True
2026-01-13 19:30:00,1403.022,0.0,343.527,108.024,236.063,101.962,0.0,0.0,588.403,5350.23,170.0,588.403,0.10997714116963198,4761.826999999999,2781.001,True,True,True
2026-01-13 20:00:00,1394.035,0.0,340.154,107.396,235.399,101.569,0.0,0.0,504.64,5268.758,160.11,504.64,0.09577968849584664,4764.1179999999995,2683.1929999999998,True,True,True
2026-01-13 20:30:00,1384.989,0.0,337.138,106.696,231.958,89.745,0.0,0.0,519.305,5184.115,160.11,519.305,0.10017235342965963,4664.8099999999995,2669.8309999999997,True,True,True
2026-01-13 21:00:00,1347.108,0.0,344.532,108.576,167.359,64.65,0.0,0.0,537.921,5070.739,159.445,537.921,0.10608335392533516,4532.817999999999,2570.1459999999997,True,True,True
2026-01-13 21:30:00,1325.064,0.0,347.213,108.926,0.0,51.911,0.0,0.0,612.876,4901.578,159.445,612.876,0.12503646784770128,4288.702,2445.99,True,True,True
2026-01-13 22:00:00,1302.764,0.0,165.036,110.468,0.0,51.625,0.0,0.0,662.463,4701.113,118.02,662.463,0.14091620431161725,4038.6500000000005,2292.3559999999998,True,True,True
2026-01-13 22:30:00,1259.897,0.0,165.036,106.204,0.0,51.207,0.0,0.0,610.844,4490.772,118.02,610.844,0.13602204698880282,3879.928,2193.188,True,True,True
2026-01-13 23:00:00,1259.248,0.0,164.366,96.219,0.0,49.663,0.0,0.0,616.608,4313.801,128.675,616.608,0.14293844338206604,3697.193,2186.1040000000003,True,True,True
2026-01-13 23:30:00,1308.587,0.0,166.377,100.411,0.0,37.701,0.0,0.0,678.356,4325.681,128.675,678.356,0.1568206254691458,3647.325,2291.432,True,True,True
2026-01-14 00:00:00,1343.531,0.0,251.936,100.133,0.0,37.405,0.0,0.0,734.237,4163.467,103.725,734.237,0.17635230446164218,3429.2299999999996,2467.2419999999997,True,True,True
2026-01-14 00:30:00,1353.778,0.0,294.872,98.591,0.0,44.148,0.0,0.0,766.178,4083.876,103.725,766.178,0.18761049551945258,3317.6980000000003,2557.567,True,True,True
2026-01-14 01:00:00,1319.584,0.0,191.888,98.663,0.0,56.294,0.0,0.0,943.79,3992.013,101.745,943.79,0.23641957077795087,3048.223,2610.219,True,True,True
2026-01-14 01:30:00,1164.263,0.0,172.096,102.013,0.0,67.119,0.0,0.0,1083.545,3886.382,101.745,1083.545,0.27880558318765375,2802.837,2589.036,True,True,True
2026-01-14 02:00:00,1041.141,0.0,288.17,97.13,0.0,68.778,0.0,0.0,1078.842,3842.688,97.96,1078.842,0.2807519111621865,2763.846,2574.061,True,True,True
2026-01-14 02:30:00,1039.156,0.0,276.755,99.223,0.0,68.151,0.0,0.0,1176.437,3905.807,97.96,1176.437,0.30120203071989987,2729.37,2659.7219999999998,True,True,True
2026-01-14 03:00:00,1048.242,0.0,205.962,101.522,0.0,68.808,0.0,0.0,1312.785,3822.218,94.975,1312.785,0.3434615712656892,2509.433,2737.319,True,True,True
2026-01-14 03:30:00,1003.349,0.0,164.031,97.689,0.0,67.742,0.0,0.0,1484.968,3814.884,94.975,1484.968,0.389256396786901,2329.916,2817.779,True,True,True
2026-01-14 04:00:00,1016.48,0.0,173.771,102.013,0.0,68.077,0.0,0.0,1654.001,3765.052,94.075,1654.001,0.4393036271477791,2111.0510000000004,3014.342,True,True,True
2026-01-14 04:30:00,985.249,0.0,171.426,102.086,0.0,69.178,0.0,0.0,1830.78,3726.734,94.075,1830.78,0.4912558824965774,1895.954,3158.719,True,True,True
2026-01-14 05:00:00,941.045,0.0,164.366,77.433,0.0,68.553,0.0,0.0,1997.783,3730.114,94.425,1997.783,0.5355822905144454,1732.3310000000001,3249.18,True,True,True
2026-01-14 05:30:00,1116.978,0.0,170.398,60.399,0.0,69.214,0.0,0.0,2130.931,3797.351,94.425,2130.931,0.5611625051252834,1666.42,3547.92,True,True,True
2026-01-14 06:00:00,1140.727,0.0,173.436,41.202,0.0,68.786,0.0,0.0,2271.683,3919.586,104.07,2271.683,0.5795721793066921,1647.9029999999998,3695.834,True,True,True
2026-01-14 06:30:00,1176.526,0.0,173.101,40.988,0.0,69.069,0.0,0.0,2342.397,4146.002,104.07,2342.397,0.56497729620005,1803.6050000000005,3802.081,True,True,True
2026-01-14 07:00:00,1262.496,0.0,265.004,41.339,0.0,68.736,0.0,0.0,2452.154,4427.788,123.685,2452.154,0.5538101643529456,1975.6339999999996,4089.7290000000003,True,True,True
2026-01-14 07:30:00,1264.181,0.0,305.282,41.339,0.0,68.871,0.0,0.0,2641.871,4812.817,123.685,2641.871,0.5489240500937393,2170.946,4321.544,True,True,True
2026-01-14 08:00:00,1303.064,0.0,240.186,41.27,0.0,76.034,0.0,0.0,2677.457,4947.131,125.565,2677.457,0.5412140895399777,2269.6740000000004,4338.011,True,True,True
2026-01-14 08:30:00,1256.256,0.0,247.915,41.202,0.0,83.733,0.0,0.0,2806.9,5026.402,125.565,2806.9,0.55843125957693,2219.502,4436.006,True,True,True
2026-01-14 09:00:00,1358.043,0.0,199.26,41.27,0.0,85.185,0.0,0.0,2917.87,5078.288,119.555,2917.87,0.5745774954079013,2160.4179999999997,4601.628,True,True,True
2026-01-14 09:30:00,1384.181,0.0,302.914,41.412,0.0,101.139,0.0,0.0,2962.958,5166.797,119.555,2962.958,0.5734612759123303,2203.8389999999995,4792.604,True,True,True
2026-01-14 10:00:00,1298.859,0.0,310.978,41.412,0.0,101.276,0.0,0.0,2978.179,5157.713,108.59,2978.179,0.5774223963217806,2179.5339999999997,4730.704,True,True,True
2026-01-14 10:30:00,1298.566,0.0,309.303,71.503,0.0,102.417,0.0,0.0,3051.425,5142.482,108.59,3051.425,0.5933759223658926,2091.057,4833.214,True,True,True
2026-01-14 11:00:00,1293.858,0.0,306.287,60.258,0.0,101.736,0.0,0.0,3274.812,5226.462,103.41,3274.812,0.6265829542049669,1951.6500000000005,5036.951,True,True,True
2026-01-14 11:30:00,1314.02,0.0,284.127,60.467,0.0,101.203,0.0,0.0,3311.232,5183.677,103.41,3311.232,0.6387805413030172,1872.4449999999997,5071.049,True,True,True
2026-01-14 12:00:00,1297.307,0.0,274.074,60.608,0.0,86.567,0.0,0.0,3357.985,5213.067,102.71,3357.985,0.644147677365359,1855.0819999999999,5076.541,True,True,True
2026-01-14 12:30:00,1307.169,0.0,305.617,60.326,0.0,86.175,0.0,0.0,3314.947,5266.898,102.71,3314.947,0.6293926709801481,1951.951,5074.234,True,True,True
2026-01-14 13:00:00,1319.686,0.0,367.676,60.326,0.0,86.552,0.0,0.0,3246.109,5248.509,100.25,3246.109,0.6184821251140086,2002.4,5080.349,True,True,True
2026-01-14 13:30:00,1279.926,0.0,322.036,60.258,0.0,81.913,0.0,0.0,3223.206,5158.628,100.25,3223.206,0.6248184594818623,1935.4219999999996,4967.339,True,True,True
2026-01-14 14:00:00,1298.724,0.0,295.207,60.326,0.0,83.507,0.0,0.0,3160.878,,108.36,3160.878,,,4898.642,True,False,True
2026-01-14 14:30:00,1329.964,0.0,404.58,60.399,0.0,82.377,0.0,0.0,3021.668,,108.36,3021.668,,,4898.988,True,False,True
2026-01-14 15:00:00,1394.054,0.0,458.596,60.326,7.029,83.336,0.0,0.0,2854.131,,119.645,2854.131,,,4857.472,True,False,True
2026-01-14 15:30:00,1391.262,0.0,443.495,60.326,238.847,102.12,22.655,0.0,2320.261,,119.645,2320.261,,,4578.966,True,False,True
2026-01-14 16:00:00,1375.819,0.0,438.804,60.326,232.256,101.821,20.73,0.0,2197.699,5295.692,139.025,2197.699,0.41499751118456285,3097.993,4427.455,True,True,True
2026-01-14 16:30:00,1395.465,0.0,453.212,70.52,280.672,101.246,24.789,0.0,2109.647,5399.196,139.025,2109.647,0.3907335462539237,3289.549,4435.5509999999995,True,True,True
2026-01-14 17:00:00,1379.314,0.0,437.441,76.532,269.678,101.833,20.772,0.0,1883.023,5497.129,152.54,1883.023,0.3425466275213843,3614.1059999999998,4168.593,True,True,True
2026-01-14 17:30:00,1360.454,0.0,430.069,49.504,264.849,101.484,19.344,0.0,1944.918,5605.384,152.54,1944.918,0.3469731957703522,3660.4660000000003,4170.622,True,True,True
2026-01-14 18:00:00,1277.616,0.0,364.995,41.48,27.746,101.933,24.75,0.0,1960.218,5612.68,143.18,1960.218,0.34924813101762436,3652.4620000000004,3798.7380000000003,True,True,True
2026-01-14 18:30:00,1298.357,0.0,249.59,41.412,99.899,90.462,0.0,0.0,1982.294,5509.67,143.18,1982.294,0.35978452430000346,3527.376,3762.014,True,True,True
2026-01-14 19:00:00,1308.608,0.0,222.404,41.48,23.283,89.945,0.0,0.0,1831.58,5441.791,127.48,1831.58,0.33657668954945164,3610.2110000000002,3517.3,True,True,True
2026-01-14 19:30:00,1255.966,0.0,164.701,41.202,0.0,77.378,0.0,0.0,1883.956,5363.218,127.48,1883.956,0.3512734332260967,3479.2619999999997,3423.2029999999995,True,True,True
2026-01-14 20:00:00,1199.67,0.0,170.398,41.061,0.0,70.957,0.0,0.0,1866.959,5208.146,114.795,1866.959,0.35846902141376225,3341.187,3349.045,True,True,True
2026-01-14 20:30:00,1252.256,0.0,171.426,40.988,0.0,70.151,0.0,0.0,1702.615,5111.343,114.795,1702.615,0.3331052132482598,3408.728,3237.436,True,True,True
2026-01-14 21:00:00,1231.356,0.0,164.701,41.202,0.0,52.871,0.0,0.0,1643.487,4984.466,110.005,1643.487,0.32972177962493876,3340.9790000000003,3133.617,True,True,True
2026-01-14 21:30:00,1151.916,0.0,172.096,41.27,0.0,38.211,0.0,0.0,1668.471,4777.135,110.005,1668.471,0.34926184836727453,3108.664,3071.964,True,True,True
2026-01-14 22:00:00,972.823,0.0,171.426,50.204,0.0,37.215,0.0,0.0,1841.955,4567.216,98.955,1841.955,0.40329929655177243,2725.2610000000004,3073.6229999999996,True,True,True
2026-01-14 22:30:00,733.617,0.0,164.031,50.273,0.0,37.188,0.0,0.0,1928.351,4322.668,98.955,1928.351,0.4461020369827154,2394.3169999999996,2913.46,True,True,True
2026-01-14 23:00:00,1114.142,0.0,212.016,41.13,0.0,37.493,0.0,0.0,1874.016,4180.721,96.73,1874.016,0.4482518685174161,2306.7049999999995,3278.797,True,True,True
2026-01-14 23:30:00,1182.035,0.0,239.85,41.27,0.0,37.474,0.0,0.0,1911.029,4215.23,96.73,1911.029,0.4533629244430316,2304.2009999999996,3411.6580000000004,True,True,True
2026-01-15 00:00:00,1104.37,0.0,163.696,41.339,0.0,37.142,0.0,0.0,1968.699,4092.905,94.69,1968.699,0.48100285738369203,2124.206,3315.246,True,True,True
2026-01-15 00:30:00,1007.317,0.0,169.058,41.202,0.0,37.662,0.0,0.0,2047.073,3991.73,94.69,2047.073,0.512828522971243,1944.657,3302.312,True,True,True
2026-01-15 01:00:00,825.365,0.0,164.366,60.258,0.0,48.734,0.0,0.0,1947.558,3835.666,94.195,1947.558,0.5077496320065407,1888.1080000000002,3046.281,True,True,True
2026-01-15 01:30:00,735.304,0.0,168.052,60.326,0.0,61.222,0.0,0.0,1823.006,3777.16,94.195,1823.006,0.48263933749166044,1954.1539999999998,2847.91,True,True,True
2026-01-15 02:00:00,850.377,0.0,164.031,91.678,0.0,68.424,0.0,0.0,1660.643,3752.13,93.16,1660.643,0.4425867440627057,2091.487,2835.1530000000002,True,True,True
2026-01-15 02:30:00,832.832,0.0,165.036,99.783,0.0,67.715,0.0,0.0,1741.377,3847.803,93.16,1741.377,0.45256396962110584,2106.426,2906.743,True,True,True
2026-01-15 03:00:00,779.142,0.0,164.701,98.732,0.0,68.004,0.0,0.0,1747.997,3787.715,91.99,1747.997,0.46149116287788283,2039.718,2858.576,True,True,True
2026-01-15 03:30:00,775.486,0.0,164.366,98.941,0.0,68.146,0.0,0.0,1701.575,3747.093,91.99,1701.575,0.45410535580515354,2045.5179999999998,2808.514,True,True,True
2026-01-15 04:00:00,725.296,0.0,172.766,84.068,0.0,68.41,0.0,0.0,1769.304,3672.141,93.07,1769.304,0.48181810012197246,1902.837,2819.844,True,True,True
2026-01-15 04:30:00,825.234,0.0,165.036,41.548,0.0,68.254,0.0,0.0,1661.902,3660.762,93.07,1661.902,0.45397706816231154,1998.8600000000001,2761.974,True,True,True
2026-01-15 05:00:00,905.596,0.0,173.771,55.583,0.0,68.464,0.0,0.0,1587.658,3675.44,95.0,1587.658,0.4319640641664671,2087.782,2791.072,True,True,True
2026-01-15 05:30:00,1041.881,0.0,164.701,41.27,0.0,69.071,0.0,0.0,1568.755,3753.994,95.0,1568.755,0.41788958639784723,2185.239,2885.678,True,True,True
2026-01-15 06:00:00,1133.165,0.0,168.387,41.27,0.0,68.796,0.0,0.0,1488.155,3882.181,105.415,1488.155,0.3833296283712686,2394.026,2899.773,True,True,True
2026-01-15 06:30:00,1317.976,0.0,164.366,41.27,0.0,68.054,0.0,0.0,1329.247,4122.806,105.415,1329.247,0.3224131817019768,2793.5589999999993,2920.9130000000005,True,True,True
2026-01-15 07:00:00,1403.33,0.0,203.616,41.27,0.0,68.6,0.0,0.0,1242.477,4414.526,115.22,1242.477,0.28145196109389775,3172.049,2959.2929999999997,True,True,True
2026-01-15 07:30:00,1571.953,0.0,194.234,50.696,0.0,68.412,0.0,0.0,1122.158,4778.033,115.22,1122.158,0.23485773329736312,3655.8750000000005,3007.453,True,True,True
2026-01-15 08:00:00,1594.265,0.0,164.031,98.522,0.0,74.804,0.0,0.0,1058.077,4934.706,144.555,1058.077,0.21441540792906405,3876.629,2989.6990000000005,True,True,True
2026-01-15 08:30:00,1675.674,0.0,171.426,101.945,0.0,83.089,0.0,0.0,906.451,4991.495,144.555,906.451,0.18159910006921776,4085.044,2938.585,True,True,True
2026-01-15 09:00:00,1704.444,0.0,168.387,110.537,0.0,101.334,0.0,0.0,878.874,5041.079,153.8,878.874,0.1743424374027862,4162.205,2963.576,True,True,True
2026-01-15 09:30:00,1650.938,0.0,164.366,108.443,0.0,101.054,0.0,0.0,855.02,5087.145,153.8,855.02,0.16807462732043216,4232.125,2879.821,True,True,True
2026-01-15 10:00:00,1680.277,0.0,190.548,108.375,0.0,101.653,0.0,0.0,816.282,5030.203,146.5,816.282,0.16227615466015982,4213.921,2897.135,True,True,True
2026-01-15 10:30:00,1692.11,0.0,162.691,108.994,0.0,101.902,0.0,0.0,723.248,4967.325,146.5,723.248,0.14560110320947392,4244.076999999999,2788.9449999999997,True,True,True
2026-01-15 11:00:00,1674.809,0.0,164.701,108.093,0.0,101.178,0.0,0.0,695.542,4882.925,134.015,695.542,0.1424437196966982,4187.383,2744.323,True,True,True
2026-01-15 11:30:00,1665.665,0.0,166.712,110.468,0.0,101.449,0.0,0.0,654.698,4836.564,134.015,654.698,0.1353642792693325,4181.866,2698.992,True,True,True
2026-01-15 12:00:00,1626.99,0.0,164.366,107.396,0.0,101.346,0.0,0.0,611.168,4794.776,141.0,611.168,0.12746539150108369,4183.608,2611.266,True,True,True
2026-01-15 12:30:00,1605.163,0.0,169.393,111.447,0.0,101.985,0.0,0.0,560.823,4778.499,141.0,560.823,0.11736384165822783,4217.6759999999995,2548.811,True,True,True
2026-01-15 13:00:00,1591.296,0.0,164.031,109.695,0.0,112.435,0.0,0.0,596.876,4772.912,144.065,596.876,0.12505489311347034,4176.036,2574.3329999999996,True,True,True
2026-01-15 13:30:00,1586.993,0.0,164.366,109.067,0.0,112.211,0.0,0.0,550.743,4713.706,144.065,550.743,0.11683864033946963,4162.963,2523.38,True,True,True
2026-01-15 14:00:00,1604.171,0.0,173.101,112.066,0.0,112.693,0.0,0.0,598.189,4756.063,150.93,598.189,0.1257739857525016,4157.874,2600.2200000000003,True,True,True
2026-01-15 14:30:00,1647.794,0.0,164.031,109.135,0.0,111.86,0.0,0.0,505.383,4729.217,150.93,505.383,0.10686399038149444,4223.834,2538.203,True,True,True
2026-01-15 15:00:00,1691.925,0.0,186.504,113.959,0.0,131.559,0.0,0.0,545.673,4809.587,179.5,545.673,0.1134552717312318,4263.914000000001,2669.62,True,True,True
2026-01-15 15:30:00,1705.491,0.0,256.627,110.255,263.895,131.746,0.0,0.0,529.978,4920.118,179.5,529.978,0.10771652224601115,4390.14,2997.992,True,True,True
2026-01-15 16:00:00,1684.673,0.0,262.659,108.507,288.432,132.024,0.0,0.0,496.551,5025.505,188.0,496.551,0.09880618962671413,4528.954,2972.846,True,True,True
2026-01-15 16:30:00,1720.342,0.0,287.5,112.348,293.269,131.355,0.0,0.0,595.169,5191.661,188.0,595.169,0.11463941886806553,4596.492,3139.983,True,True,True
2026-01-15 17:00:00,1729.84,0.0,276.755,107.324,284.624,130.912,0.0,0.0,737.117,5356.083,193.275,737.117,0.13762240054905797,4618.965999999999,3266.572,True,True,True
2026-01-15 17:30:00,1737.306,0.0,280.106,107.533,287.043,131.316,0.0,0.0,863.451,5535.666,193.275,863.451,0.1559796057059801,4672.215,3406.755,True,True,True
2026-01-15 18:00:00,1741.194,0.0,292.861,110.255,292.536,131.987,0.0,0.0,896.315,5512.474,187.75,896.315,0.16259759229703397,4616.159,3465.148,True,True,True
2026-01-15 18:30:00,1682.973,0.0,257.632,107.674,286.677,131.956,0.0,0.0,928.218,5470.851,187.75,928.218,0.1696661086182022,4542.633,3395.13,True,True,True
2026-01-15 19:00:00,1696.172,0.0,171.068,112.626,289.897,131.847,0.0,0.0,1030.262,5394.664,152.555,1030.262,0.19097797379039733,4364.402,3431.8720000000003,True,True,True
2026-01-15 19:30:00,1606.783,0.0,164.366,108.024,283.381,131.635,0.0,0.0,1083.023,5311.452,152.555,1083.023,0.20390337708031625,4228.429,3377.2119999999995,True,True,True
2026-01-15 20:00:00,1655.816,0.0,193.899,73.665,0.0,117.133,0.0,0.0,1150.95,5197.44,137.55,1150.95,0.22144555781307723,4046.49,3191.463,True,True,True
2026-01-15 20:30:00,1666.394,0.0,196.915,55.306,0.0,116.526,0.0,0.0,1158.032,5109.066,137.55,1158.032,0.2266621726945786,3951.0339999999997,3193.173,True,True,True
2026-01-15 21:00:00,1684.812,0.0,204.957,55.374,0.0,102.294,0.0,0.0,1089.682,4982.171,114.165,1089.682,0.21871629857746752,3892.4890000000005,3137.119,True,True,True
2026-01-15 21:30:00,1716.069,0.0,220.058,55.374,0.0,99.003,0.0,0.0,1133.415,4781.013,114.165,1133.415,0.2370658686767846,3647.598,3223.919,True,True,True
2026-01-15 22:00:00,1754.84,0.0,263.329,60.326,0.0,98.559,0.0,0.0,1082.372,4575.431,103.425,1082.372,0.23656175778850128,3493.0589999999993,3259.4260000000004,True,True,True
2026-01-15 22:30:00,1715.012,0.0,262.659,60.326,0.0,97.939,0.0,0.0,1092.295,4364.575,103.425,1092.295,0.2502637713866757,3272.2799999999997,3228.2309999999998,True,True,True
2026-01-15 23:00:00,1733.039,0.0,266.345,60.189,0.0,98.227,0.0,0.0,1173.03,4239.646,101.375,1173.03,0.27668111913117277,3066.616,3330.83,True,True,True
2026-01-15 23:30:00,1727.894,0.0,375.382,72.691,0.0,98.024,0.0,0.0,1154.907,4272.985,101.375,1154.907,0.27028107985401306,3118.0779999999995,3428.898,True,True,True
2026-01-16 00:00:00,1749.414,0.0,424.372,100.483,0.0,98.763,0.0,0.0,1176.018,4096.242,100.93,1176.018,0.2870968072687112,2920.224,3549.05,True,True,True
2026-01-16 00:30:00,1748.124,0.0,426.718,99.223,0.0,98.348,0.0,0.0,1192.957,4001.781,100.93,1192.957,0.2981065180728281,2808.8239999999996,3565.37,True,True,True
2026-01-16 01:00:00,1759.058,0.0,432.75,100.834,0.0,98.499,0.0,0.0,1353.737,3933.613,99.75,1353.737,0.3441459543681598,2579.8759999999997,3744.8779999999997,True,True,True
2026-01-16 01:30:00,1746.206,0.0,425.043,98.873,0.0,97.834,0.0,0.0,1290.762,3916.14,99.75,1290.762,0.329600576077464,2625.3779999999997,3658.718,True,True,True
2026-01-16 02:00:00,1593.409,0.0,416.643,96.993,0.0,98.253,0.0,0.0,1324.443,,98.7,1324.443,,,3529.741,True,False,True
2026-01-16 02:30:00,1646.71,0.0,435.095,100.693,0.0,98.886,0.0,0.0,1304.41,,98.7,1304.41,,,3585.794,True,False,True
2026-01-16 03:00:00,1623.515,0.0,427.388,99.082,0.0,98.398,0.0,0.0,1267.345,3846.237,98.58,1267.345,0.32950257615430356,2578.892,3515.728,True,True,True
2026-01-16 03:30:00,1555.716,0.0,434.09,101.321,0.0,98.009,0.0,0.0,1269.049,3806.33,98.58,1269.049,0.3334048808169549,2537.281,3458.185,True,True,True
2026-01-16 04:00:00,1431.906,0.0,452.542,101.252,0.0,98.602,0.0,0.0,1324.85,3733.385,97.13,1324.85,0.35486562462751625,2408.5350000000003,3409.1519999999996,True,True,True
2026-01-16 04:30:00,1507.544,0.0,445.84,98.031,0.0,98.023,0.0,0.0,1102.907,3672.426,97.13,1102.907,0.30032109564631115,2569.5190000000002,3252.3450000000003,True,True,True
2026-01-16 05:00:00,1567.366,0.0,453.212,103.833,0.0,98.954,0.0,0.0,1228.356,3652.095,98.36,1228.356,0.33634283883633914,2423.7389999999996,3451.7210000000005,True,True,True
2026-01-16 05:30:00,1616.998,0.0,444.5,98.24,0.0,98.225,0.0,0.0,1271.256,3695.53,98.36,1271.256,0.3439982898258166,2424.2740000000003,3529.219,True,True,True
2026-01-16 06:00:00,1520.334,0.0,403.575,98.454,0.0,98.611,0.0,0.0,1301.756,,110.07,1301.756,,,3422.7300000000005,True,False,True
2026-01-16 06:30:00,1725.139,0.0,405.585,97.552,0.0,98.503,0.0,0.0,1327.693,,110.07,1327.693,,,3654.4719999999998,True,False,True
2026-01-16 07:00:00,1758.708,0.0,431.744,60.399,0.0,99.744,0.0,0.0,1467.904,4338.887,125.2,1467.904,0.3383134891505587,2870.9829999999997,3818.4990000000003,True,True,True
2026-01-16 07:30:00,1739.145,0.0,445.505,78.766,10.539,104.632,0.0,0.0,1482.199,4717.354,125.2,1482.199,0.31420135101160523,3235.155,3860.786,True,True,True
2026-01-16 08:00:00,1652.923,0.0,438.133,50.204,5.71,116.227,0.0,0.0,1459.829,4921.555,135.73,1459.829,0.296619462751102,3461.7260000000006,3723.026,True,True,True
2026-01-16 08:30:00,1686.626,0.0,300.904,41.412,0.0,116.768,0.0,0.0,1292.05,4958.848,135.73,1292.05,0.2605544674892233,3666.798,3437.76,True,True,True
2026-01-16 09:00:00,1700.164,0.0,341.159,50.345,0.0,132.098,0.0,0.0,1184.916,5022.503,149.51,1184.916,0.23592141209273543,3837.5869999999995,3408.682,True,True,True
2026-01-16 09:30:00,1679.321,0.0,386.128,63.188,0.0,133.53,0.0,0.0,1160.81,5048.48,149.51,1160.81,0.22993257376477674,3887.6699999999996,3422.977,True,True,True
2026-01-16 10:00:00,1676.51,0.0,354.92,55.096,0.0,133.98,0.0,0.0,1143.688,5038.908,138.795,1143.688,0.22697139935874996,3895.2200000000003,3364.194,True,True,True
2026-01-16 10:30:00,1659.783,0.0,259.308,66.269,0.0,134.368,0.0,0.0,1055.947,4961.697,138.795,1055.947,0.2128197267991173,3905.75,3175.675,True,True,True
2026-01-16 11:00:00,1648.379,0.0,330.436,75.203,0.0,134.328,0.0,0.0,989.691,4964.055,134.59,989.691,0.19937148158108642,3974.3640000000005,3178.0370000000003,True,True,True
2026-01-16 11:30:00,1592.616,0.0,320.361,73.323,0.0,133.665,0.0,0.0,970.799,4922.707,134.59,970.799,0.19720836523481897,3951.9080000000004,3090.764,True,True,True
2026-01-16 12:00:00,1600.686,0.0,263.664,73.592,0.0,145.321,0.0,0.0,945.972,4883.756,141.85,945.972,0.19369763763791636,3937.7840000000006,3029.2349999999997,True,True,True
2026-01-16 12:30:00,1639.474,0.0,279.771,104.324,0.0,155.43,0.0,0.0,960.416,4925.226,141.85,960.416,0.1949993766783494,3964.8099999999995,3139.415,True,True,True
2026-01-16 13:00:00,1633.998,0.0,326.08,101.945,0.0,156.394,0.0,0.0,777.35,4919.005,157.5,777.35,0.1580299267839736,4141.655,2995.7670000000003,True,True,True
2026-01-16 13:30:00,1645.408,0.0,384.452,110.327,0.0,137.023,0.0,0.0,695.783,4953.386,157.5,695.783,0.14046613770863,4257.603,2972.993,True,True,True
2026-01-16 14:00:00,1661.674,0.0,429.399,112.489,0.0,136.344,0.0,0.0,641.976,4929.524,158.48,641.976,0.13023082958922605,4287.548000000001,2981.882,True,True,True
2026-01-16 14:30:00,1708.338,0.0,454.553,113.818,0.0,136.527,0.0,0.0,574.83,4929.772,158.48,574.83,0.11660376991065713,4354.942,2988.066,True,True,True
2026-01-16 15:00:00,1757.286,0.0,443.83,108.648,14.86,150.466,0.0,0.0,558.031,4967.374,183.245,558.031,0.11233923598263387,4409.343,3033.121,True,True,True
2026-01-16 15:30:00,1765.169,0.0,443.83,108.306,149.193,145.082,0.0,0.0,510.091,5036.654,183.245,510.091,0.10127576760285698,4526.563,3121.6710000000003,True,True,True
2026-01-16 16:00:00,1763.315,0.0,443.83,108.648,208.307,133.751,0.0,0.0,535.178,5065.885,211.975,535.178,0.10564353513749325,4530.707,3193.029,True,True,True
2026-01-16 16:30:00,1736.979,0.0,449.861,110.118,291.514,134.48,0.0,0.0,581.385,5193.277,211.975,581.385,0.11194954553743233,4611.892,3304.3370000000004,True,True,True
2026-01-16 17:00:00,1736.21,0.0,447.516,110.605,291.216,134.43,0.0,0.0,559.445,5351.534,229.5,559.445,0.10453918446561306,4792.089,3279.4220000000005,True,True,True
2026-01-16 17:30:00,1775.259,0.0,453.547,113.677,293.414,134.233,0.0,0.0,530.198,5502.5,229.5,530.198,0.09635583825533847,4972.302,3300.328,True,True,True
2026-01-16 18:00:00,1798.682,0.0,449.861,113.258,293.192,134.104,0.0,0.0,531.79,5490.942,223.56,531.79,0.09684859173526145,4959.152,3320.8869999999997,True,True,True
2026-01-16 18:30:00,1788.633,0.0,451.202,111.306,280.749,134.064,0.0,0.0,507.146,5410.797,223.56,507.146,0.09372852095541563,4903.651,3273.1000000000004,True,True,True
2026-01-16 19:00:00,1800.476,0.0,452.207,107.815,259.646,134.346,0.0,0.0,495.788,5315.983,204.15,495.788,0.09326365415389778,4820.195,3250.2780000000002,True,True,True
2026-01-16 19:30:00,1813.291,0.0,453.882,113.959,271.586,134.955,0.0,0.0,427.057,5228.978,204.15,427.057,0.08167121758783456,4801.921,3214.7300000000005,True,True,True
2026-01-16 20:00:00,1804.797,0.0,448.186,111.165,94.184,134.435,0.0,0.0,435.325,,196.5,435.325,,,3028.092,True,False,True
2026-01-16 20:30:00,1791.885,0.0,454.218,111.865,5.198,134.273,0.0,0.0,398.214,,196.5,398.214,,,2895.653,True,False,True
2026-01-16 21:00:00,1772.229,0.0,447.181,108.858,0.0,115.747,0.0,0.0,408.609,4892.117,166.5,408.609,0.08352396314315458,4483.508,2852.624,True,True,True
2026-01-16 21:30:00,1752.138,0.0,423.367,107.956,0.0,115.585,0.0,0.0,390.938,4756.315,166.5,390.938,0.08219346279630345,4365.3769999999995,2789.984,True,True,True
2026-01-16 22:00:00,1774.674,0.0,443.495,108.994,0.0,115.57,0.0,0.0,341.337,4587.748,141.74,341.337,0.07440186339790242,4246.411,2784.07,True,True,True
2026-01-16 22:30:00,1732.254,0.0,442.824,105.854,0.0,115.738,0.0,0.0,343.063,4431.357,141.74,343.063,0.07741714332652504,4088.294,2739.7329999999997,True,True,True
2026-01-16 23:00:00,1740.442,0.0,443.16,101.184,0.0,115.199,0.0,0.0,332.7,4301.304,123.745,332.7,0.07734863659950564,3968.6040000000003,2732.685,True,True,True
2026-01-16 23:30:00,1693.254,0.0,433.755,98.663,0.0,100.765,0.0,0.0,300.836,4354.58,123.745,300.836,0.06908496341782676,4053.7439999999997,2627.273,True,True,True
2026-01-17 00:00:00,1714.947,0.0,439.139,100.133,0.0,90.672,0.0,0.0,313.651,4230.226,127.98,313.651,0.07414521115420311,3916.575,2658.542,True,True,True
2026-01-17 00:30:00,1713.091,0.0,440.479,100.411,0.0,89.277,0.0,0.0,266.29,4120.936,127.98,266.29,0.06461881475470622,3854.6459999999997,2609.548,True,True,True
2026-01-17 01:00:00,1688.06,0.0,433.42,98.873,0.0,89.145,0.0,0.0,276.714,4009.715,122.825,276.714,0.06901088980139486,3733.001,2586.212,True,True,True
2026-01-17 01:30:00,1716.88,0.0,448.521,110.468,0.0,89.104,0.0,0.0,276.856,3956.856,122.825,276.856,0.0699686822062769,3680.0,2641.8289999999997,True,True,True
2026-01-17 02:00:00,1693.23,0.0,441.484,98.24,0.0,89.354,0.0,0.0,239.223,3878.057,121.07,239.223,0.06168630321833847,3638.834,2561.5309999999995,True,True,True
2026-01-17 02:30:00,1738.366,0.0,430.404,102.222,0.0,89.304,0.0,0.0,222.507,3941.828,121.07,222.507,0.05644766844215425,3719.321,2582.8030000000003,True,True,True
2026-01-17 03:00:00,1740.66,0.0,430.739,102.432,0.0,89.591,0.0,0.0,183.02,3879.309,118.585,183.02,0.04717850524410404,3696.289,2546.442,True,True,True
2026-01-17 03:30:00,1728.755,0.0,427.053,101.321,0.0,89.118,0.0,0.0,163.759,3842.212,118.585,163.759,0.04262102143244568,3678.453,2510.006,True,True,True
2026-01-17 04:00:00,1684.687,0.0,414.968,98.313,0.0,89.065,0.0,0.0,151.359,3777.565,117.0,151.359,0.04006787441116169,3626.206,2438.392,True,True,True
2026-01-17 04:30:00,1727.063,0.0,418.676,99.432,0.0,89.229,0.0,0.0,149.827,3745.446,117.0,149.827,0.040002445636647815,3595.6189999999997,2484.227,True,True,True
2026-01-17 05:00:00,1710.365,0.0,414.632,98.591,0.0,89.233,0.0,0.0,154.62,3715.885,110.455,154.62,0.041610544998028735,3561.2650000000003,2467.441,True,True,True
2026-01-17 05:30:00,1733.604,0.0,422.697,100.411,0.0,89.526,0.0,0.0,156.675,3721.814,110.455,156.675,0.04209640782693601,3565.1389999999997,2502.913,True,True,True
2026-01-17 06:00:00,1761.239,0.0,427.723,102.295,0.0,89.276,0.0,0.0,166.768,3749.013,113.82,166.768,0.04448317463823145,3582.245,2547.301,True,True,True
2026-01-17 06:30:00,1655.028,0.0,401.564,97.13,0.0,89.054,0.0,0.0,147.986,3835.623,113.82,147.986,0.03858199828293865,3687.637,2390.762,True,True,True
2026-01-17 07:00:00,1609.045,0.0,387.803,101.663,0.0,89.806,0.0,0.0,173.162,3927.075,119.235,173.162,0.04409439595627789,3753.913,2361.479,True,True,True
2026-01-17 07:30:00,1659.241,0.0,417.313,98.591,0.0,88.062,0.0,0.0,182.387,4056.973,119.235,182.387,0.04495642440805004,3874.586,2445.594,True,True,True
2026-01-17 08:00:00,1592.578,0.0,367.34,96.501,0.0,87.763,0.0,0.0,202.669,4156.297,143.945,202.669,0.04876191475248281,3953.6279999999997,2346.8509999999997,True,True,True
2026-01-17 08:30:00,1612.049,0.0,334.122,100.483,0.0,96.299,0.0,0.0,211.263,4298.797,143.945,211.263,0.04914467931377081,4087.5339999999997,2354.216,True,True,True
2026-01-17 09:00:00,1667.734,0.0,408.936,112.417,0.0,113.257,0.0,0.0,195.278,,181.05,195.278,,,2497.622,True,False,True
2026-01-17 09:30:00,1821.485,0.0,438.133,111.724,0.0,114.284,0.0,0.0,175.04,,181.05,175.04,,,2660.6659999999997,True,False,True
2026-01-17 10:00:00,1827.622,0.0,441.149,112.767,46.726,114.522,0.0,0.0,163.596,4689.978,181.985,163.596,0.034882039958396394,4526.382,2706.382,True,True,True
2026-01-17 10:30:00,1806.078,0.0,457.256,108.576,49.144,114.816,0.0,0.0,148.369,4752.294,181.985,148.369,0.03122050108852693,4603.925,2684.239,True,True,True
2026-01-17 11:00:00,1814.566,0.0,457.591,108.717,49.289,114.293,0.0,0.0,141.562,4759.512,177.61,141.562,0.0297429652451764,4617.95,2686.0179999999996,True,True,True
2026-01-17 11:30:00,1830.934,0.0,460.607,110.396,5.633,114.154,0.0,0.0,145.598,4763.004,177.61,145.598,0.030568523562020947,4617.406,2667.3219999999997,True,True,True
2026-01-17 12:00:00,1842.879,0.0,461.947,111.998,6.663,114.631,0.0,0.0,117.036,4751.039,175.45,117.036,0.02463376958176938,4634.003,2655.154,True,True,True
2026-01-17 12:30:00,1844.37,0.0,461.612,112.066,6.808,114.541,0.0,0.0,103.404,4760.96,175.45,103.404,0.021719149079177307,4657.5560000000005,2642.801,True,True,True
2026-01-17 13:00:00,1817.766,0.0,458.596,109.067,5.633,114.315,0.0,0.0,130.9,4753.512,175.675,130.9,0.027537534353547444,4622.612,2636.277,True,True,True
2026-01-17 13:30:00,1812.966,0.0,458.931,109.067,0.0,114.758,0.0,0.0,123.961,4760.266,175.675,123.961,0.026040771671162914,4636.304999999999,2619.6829999999995,True,True,True
2026-01-17 14:00:00,1809.476,0.0,457.926,108.717,0.0,113.892,0.0,0.0,103.916,4689.644,169.975,103.916,0.02215861161316296,4585.728,2593.927,True,True,True
2026-01-17 14:30:00,1807.486,0.0,457.256,108.375,0.0,114.279,0.0,0.0,127.857,4691.902,169.975,127.857,0.027250569172160885,4564.045,2615.253,True,True,True
2026-01-17 15:00:00,1836.602,0.0,462.282,111.165,0.0,114.47,0.0,0.0,106.645,4707.417,175.84,106.645,0.022654674527453164,4600.772,2631.1639999999998,True,True,True
2026-01-17 15:30:00,1818.445,0.0,456.228,109.208,70.014,114.272,0.0,0.0,116.556,4723.391,175.84,116.556,0.02467633951963748,4606.835,2684.723,True,True,True
2026-01-17 16:00:00,1813.374,0.0,459.266,110.468,187.646,114.369,0.0,0.0,132.343,4781.552,220.71,132.343,0.027677833473315778,4649.209,2817.466,True,True,True
2026-01-17 16:30:00,1840.746,0.0,462.617,112.84,247.339,114.465,0.0,0.0,117.22,4882.576,220.71,117.22,0.02400781882350628,4765.356,2895.227,True,True,True
2026-01-17 17:00:00,1819.53,0.0,455.558,108.507,237.894,114.379,0.0,0.0,98.845,5054.677,245.745,98.845,0.0195551565411598,4955.831999999999,2834.713,True,True,True
2026-01-17 17:30:00,1834.187,0.0,457.591,109.904,241.411,114.424,0.0,0.0,119.015,5255.624,245.745,119.015,0.02264526533861631,5136.6089999999995,2876.5319999999997,True,True,True
2026-01-17 18:00:00,1801.632,0.0,424.037,107.815,235.262,113.832,0.0,0.0,146.252,5230.406,232.935,146.252,0.027961882882514284,5084.1539999999995,2828.83,True,True,True
2026-01-17 18:30:00,1799.904,0.0,423.032,107.956,235.262,113.986,0.0,0.0,139.739,5168.473,232.935,139.739,0.027036805648399442,5028.734,2819.879,True,True,True
2026-01-17 19:00:00,1776.485,0.0,416.308,106.555,231.599,113.277,0.0,0.0,130.978,5053.326,207.5,130.978,0.025919166901165688,4922.348,2775.202,True,True,True
2026-01-17 19:30:00,1772.102,0.0,422.027,108.165,235.33,114.062,0.0,0.0,146.619,4952.57,207.5,146.619,0.02960462951558484,4805.951,2798.305,True,True,True
2026-01-17 20:00:00,1809.169,0.0,441.149,109.904,73.966,113.646,0.0,0.0,157.886,4878.184,192.38,157.886,0.03236573282188618,4720.298,2705.7200000000003,True,True,True
2026-01-17 20:30:00,1746.887,0.0,465.968,111.588,0.0,114.227,0.0,0.0,167.561,4767.866,192.38,167.561,0.03514381486392445,4600.305,2606.231,True,True,True
2026-01-17 21:00:00,1746.579,0.0,470.324,111.724,0.0,113.934,0.0,0.0,141.615,4662.084,158.0,141.615,0.030375900562924222,4520.469,2584.1760000000004,True,True,True
2026-01-17 21:30:00,1716.296,0.0,459.266,108.926,0.0,113.301,0.0,0.0,142.191,4544.602,158.0,142.191,0.03128788835634012,4402.411,2539.98,True,True,True
2026-01-17 22:00:00,1654.026,0.0,452.207,107.114,0.0,113.836,0.0,0.0,114.343,4399.562,133.97,114.343,0.025989632604336524,4285.219,2441.526,True,True,True
2026-01-17 22:30:00,1608.67,0.0,386.128,106.136,0.0,113.36,0.0,0.0,120.063,4262.089,133.97,120.063,0.02816998894204227,4142.026,2334.3570000000004,True,True,True
2026-01-17 23:00:00,1627.916,0.0,239.85,102.432,0.0,113.225,0.0,0.0,126.252,4148.388,128.405,126.252,0.03043399026320585,4022.136,2209.6749999999997,True,True,True
2026-01-17 23:30:00,1776.21,0.0,391.489,106.555,0.0,100.233,0.0,0.0,145.983,4217.745,128.405,145.983,0.03461162303553202,4071.7619999999997,2520.4700000000003,True,True,True
2026-01-18 00:00:00,1831.918,0.0,436.771,106.414,0.0,87.518,0.0,0.0,148.725,4124.17,128.255,148.725,0.03606180152612525,3975.445,2611.346,True,True,True
2026-01-18 00:30:00,1804.855,0.0,425.713,103.624,88.33,75.89,0.0,0.0,159.687,4050.552,128.255,159.687,0.039423515609724305,3890.8650000000002,2658.0989999999997,True,True,True
2026-01-18 01:00:00,1797.704,0.0,425.713,98.454,0.0,75.791,0.0,0.0,146.72,3954.284,122.325,146.72,0.03710406232835072,3807.5640000000003,2544.382,True,True,True
2026-01-18 01:30:00,1792.159,0.0,435.095,98.104,0.0,75.836,0.0,0.0,164.353,3870.923,122.325,164.353,0.0424583490810848,3706.5699999999997,2565.547,True,True,True
2026-01-18 02:00:00,1807.925,0.0,439.809,98.873,0.0,75.862,0.0,0.0,196.989,3810.354,117.005,196.989,0.0516983461379179,3613.365,2619.458,True,True,True
2026-01-18 02:30:00,1788.45,0.0,434.09,98.24,0.0,75.286,0.0,0.0,191.573,3865.726,117.005,191.573,0.04955679735190751,3674.1530000000002,2587.6389999999997,True,True,True
2026-01-18 03:00:00,1789.464,0.0,436.1,98.104,0.0,75.715,0.0,0.0,219.575,3799.358,115.005,219.575,0.05779265865443582,3579.7830000000004,2618.958,True,True,True
2026-01-18 03:30:00,1792.784,0.0,435.765,98.313,0.0,75.574,0.0,0.0,270.626,3745.102,115.005,270.626,0.07226131624719433,3474.4759999999997,2673.062,True,True,True
2026-01-18 04:00:00,1791.468,0.0,435.43,98.381,0.0,75.614,0.0,0.0,280.465,3682.787,113.92,280.465,0.07615563973697094,3402.3219999999997,2681.358,True,True,True
2026-01-18 04:30:00,1792.255,0.0,434.76,98.031,0.0,75.623,0.0,0.0,344.908,3647.796,113.92,344.908,0.09455243659459028,3302.888,2745.577,True,True,True
2026-01-18 05:00:00,1769.108,0.0,435.43,98.381,0.0,75.663,0.0,0.0,403.777,3588.411,107.9,403.777,0.11252250647988761,3184.634,2782.359,True,True,True
2026-01-18 05:30:00,1806.432,0.0,447.516,101.043,0.0,76.259,0.0,0.0,481.105,3596.364,107.9,481.105,0.13377539092260962,3115.259,2912.355,True,True,True
2026-01-18 06:00:00,1815.051,0.0,448.186,101.594,0.0,76.277,0.0,0.0,494.935,3595.975,109.1,494.935,0.13763582894764284,3101.04,2936.043,True,True,True
2026-01-18 06:30:00,1664.797,0.0,421.692,97.762,0.0,75.588,0.0,0.0,519.053,3638.915,109.1,519.053,0.14263949556392497,3119.862,2778.8920000000003,True,True,True
2026-01-18 07:00:00,1672.845,0.0,411.952,103.064,0.0,76.133,0.0,0.0,564.831,3684.172,112.57,564.831,0.15331287464320342,3119.341,2828.825,True,True,True
2026-01-18 07:30:00,1668.52,0.0,458.931,98.313,5.633,79.092,0.0,0.0,659.749,3792.863,112.57,659.749,0.17394485379514105,3133.1139999999996,2970.2380000000003,True,True,True
2026-01-18 08:00:00,1612.068,0.0,451.872,96.779,5.633,87.593,0.0,0.0,692.595,3837.028,114.295,692.595,0.18050298303791373,3144.433,2946.54,True,True,True
2026-01-18 08:30:00,1619.592,0.0,374.377,102.154,0.0,90.038,0.0,0.0,769.796,3898.89,114.295,769.796,0.1974397841436922,3129.094,2955.9570000000003,True,True,True
2026-01-18 09:00:00,1625.187,0.0,383.782,98.313,0.0,90.718,0.0,0.0,782.448,4042.506,118.69,782.448,0.193555185817906,3260.058,2980.4479999999994,True,True,True
2026-01-18 09:30:00,1587.974,0.0,283.457,101.112,0.0,90.709,0.0,0.0,925.343,4190.889,118.69,925.343,0.22079873745164807,3265.5460000000003,2988.595,True,True,True
2026-01-18 10:00:00,1607.74,0.0,277.76,99.501,0.0,90.724,0.0,0.0,971.514,4268.394,124.79,971.514,0.22760644870178337,3296.88,3047.239,True,True,True
2026-01-18 10:30:00,1596.452,0.0,301.909,99.082,0.0,102.6,0.0,0.0,951.914,4328.65,124.79,951.914,0.21991013364443882,3376.736,3051.9570000000003,True,True,True
2026-01-18 11:00:00,1611.083,0.0,260.648,95.66,0.0,113.98,0.0,0.0,962.709,4378.022,127.19,962.709,0.2198958799202014,3415.313,3044.08,True,True,True
2026-01-18 11:30:00,1638.507,0.0,278.095,100.411,0.0,114.607,0.0,0.0,915.635,4388.048,127.19,915.635,0.20866567548942036,3472.4129999999996,3047.255,True,True,True
2026-01-18 12:00:00,1636.121,0.0,237.505,99.783,0.0,114.83,0.0,0.0,934.624,4384.947,127.63,934.624,0.21314373925158048,3450.3230000000003,3022.8630000000003,True,True,True
2026-01-18 12:30:00,1637.831,0.0,246.552,100.06,0.0,114.494,0.0,0.0,1002.187,4453.495,127.63,1002.187,0.22503382175123135,3451.308,3101.124,True,True,True
2026-01-18 13:00:00,1637.377,0.0,309.303,100.624,0.0,114.724,0.0,0.0,985.99,4499.0,129.485,985.99,0.2191575905756835,3513.01,3148.018,True,True,True
2026-01-18 13:30:00,1652.622,0.0,355.255,98.804,0.0,114.868,0.0,0.0,1057.501,4489.11,129.485,1057.501,0.2355703023539187,3431.6089999999995,3279.05,True,True,True
2026-01-18 14:00:00,1665.636,0.0,361.979,100.761,0.0,113.873,0.0,0.0,1032.726,4459.925,125.0,1032.726,0.23155680869072912,3427.199,3274.9750000000004,True,True,True
2026-01-18 14:30:00,1682.961,0.0,430.069,102.855,0.0,114.625,0.0,0.0,1005.593,4453.831,125.0,1005.593,0.22578157994768996,3448.2380000000003,3336.103,True,True,True
2026-01-18 15:00:00,1660.184,0.0,461.277,99.15,10.832,114.239,0.0,0.0,1065.509,4517.166,133.865,1065.509,0.23587997430247196,3451.657,3411.191,True,True,True
2026-01-18 15:30:00,1705.211,0.0,432.079,100.342,11.343,114.916,0.0,0.0,1091.21,4562.71,133.865,1091.21,0.239158307234078,3471.5,3455.101,True,True,True
2026-01-18 16:00:00,1704.292,0.0,428.728,99.992,11.267,113.552,0.0,0.0,1237.813,4660.155,148.04,1237.813,0.2656162724201234,3422.3419999999996,3595.644,True,True,True
2026-01-18 16:30:00,1826.668,0.0,433.42,117.031,181.786,114.343,0.0,0.0,1205.759,4790.258,148.04,1205.759,0.25171065942585974,3584.499,3879.0069999999996,True,True,True
2026-01-18 17:00:00,1820.999,0.0,424.707,109.558,240.824,114.75,0.0,0.0,1322.137,4938.26,159.86,1322.137,0.2677333716734234,3616.1230000000005,4032.9750000000004,True,True,True
2026-01-18 17:30:00,1799.37,0.0,452.542,106.837,232.767,114.621,0.0,0.0,1522.799,5084.547,159.86,1522.799,0.2994955106128432,3561.7479999999996,4228.936,True,True,True
2026-01-18 18:00:00,1703.31,0.0,458.596,113.327,236.65,114.602,0.0,0.0,1785.511,5147.493,152.84,1785.511,0.3468700200272249,3361.9820000000004,4411.996,True,True,True
2026-01-18 18:30:00,1669.964,0.0,457.256,88.119,226.61,114.101,0.0,0.0,1860.709,5099.163,152.84,1860.709,0.36490478927620085,3238.4539999999997,4416.759,True,True,True
2026-01-18 19:00:00,1625.923,0.0,454.888,87.286,58.074,107.319,0.0,0.0,2090.673,5001.518,135.41,2090.673,0.41800769286444633,2910.8450000000003,4424.163,True,True,True
2026-01-18 19:30:00,1582.377,0.0,448.521,66.611,20.651,106.891,0.0,0.0,2205.737,4911.687,135.41,2205.737,0.4490793081888158,2705.95,4430.7880000000005,True,True,True
2026-01-18 20:00:00,1608.526,0.0,380.766,68.29,10.692,107.368,0.0,0.0,2397.471,4828.206,121.835,2397.471,0.49655524225768327,2430.735,4573.113,True,True,True
2026-01-18 20:30:00,1605.206,0.0,250.931,43.642,10.249,106.274,0.0,0.0,2464.916,4687.586,121.835,2464.916,0.525839099271992,2222.67,4481.218,True,True,True
2026-01-18 21:00:00,1588.907,0.0,178.462,43.291,16.475,107.179,0.0,0.0,2535.813,4587.796,111.925,2535.813,0.552730112672839,2051.983,4470.127,True,True,True
2026-01-18 21:30:00,1459.19,0.0,164.031,43.223,0.0,106.435,0.0,0.0,2575.907,4414.909,111.925,2575.907,0.5834564200530521,1839.0019999999995,4348.786,True,True,True
2026-01-18 22:00:00,1405.323,0.0,173.101,41.27,0.0,107.263,0.0,0.0,2649.107,4255.241,105.095,2649.107,0.6225515781597329,1606.134,4376.064,True,True,True
2026-01-18 22:30:00,1301.908,0.0,163.696,41.27,0.0,107.56,0.0,0.0,2475.083,4077.788,105.095,2475.083,0.6069670615539602,1602.705,4089.517,True,True,True
2026-01-18 23:00:00,1247.873,0.0,164.031,42.381,0.0,96.503,0.0,0.0,2314.604,3934.114,104.12,2314.604,0.5883418731638178,1619.5100000000002,3865.392,True,True,True
2026-01-18 23:30:00,1300.545,0.0,174.776,42.099,0.0,84.394,0.0,0.0,2172.481,3959.887,104.12,2172.481,0.5486219682531345,1787.406,3774.295,True,True,True
2026-01-19 00:00:00,1368.188,0.0,173.771,42.24,0.0,82.993,0.0,0.0,1908.472,3800.619,105.02,1908.472,0.502147676470596,1892.1470000000002,3575.6639999999998,True,True,True
2026-01-19 00:30:00,1551.454,0.0,163.026,42.099,0.0,83.311,0.0,0.0,1723.214,3756.264,105.02,1723.214,0.458757424930729,2033.0500000000002,3563.104,True,True,True
2026-01-19 01:00:00,1527.561,0.0,164.366,42.099,0.0,83.126,0.0,0.0,1484.214,3655.386,105.03,1484.214,0.4060348209464062,2171.172,3301.366,True,True,True
2026-01-19 01:30:00,1494.397,0.0,163.696,42.24,0.0,83.297,0.0,0.0,1321.569,3575.722,105.03,1321.569,0.36959500766558473,2254.1530000000002,3105.1989999999996,True,True,True
2026-01-19 02:00:00,1426.125,0.0,164.366,41.339,0.0,83.232,0.0,0.0,1135.636,3539.578,107.54,1135.636,0.32083937689747194,2403.942,2850.698,True,True,True
2026-01-19 02:30:00,1527.658,0.0,175.447,50.482,0.0,83.826,0.0,0.0,1128.353,3655.067,107.54,1128.353,0.3087092521149407,2526.714,2965.766,True,True,True
2026-01-19 03:00:00,1459.883,0.0,165.036,72.413,0.0,83.71,0.0,0.0,1086.064,3583.7,107.57,1086.064,0.30305661746239926,2497.6359999999995,2867.106,True,True,True
2026-01-19 03:30:00,1116.829,0.0,164.701,78.552,0.0,83.402,0.0,0.0,1192.659,3570.95,107.57,1192.659,0.3339892745627915,2378.2909999999997,2636.143,True,True,True
2026-01-19 04:00:00,1073.963,0.0,164.031,79.185,0.0,83.354,0.0,0.0,1267.904,3545.058,108.565,1267.904,0.3576539509367689,2277.154,2668.437,True,True,True
2026-01-19 04:30:00,1082.295,0.0,166.377,80.714,0.0,83.779,0.0,0.0,1351.185,3542.725,108.565,1351.185,0.3813970883994665,2191.54,2764.35,True,True,True
2026-01-19 05:00:00,1154.134,0.0,179.132,83.235,0.0,82.97,0.0,0.0,1305.834,3518.424,115.47,1305.834,0.37114173846017423,2212.59,2805.3050000000003,True,True,True
2026-01-19 05:30:00,1462.093,0.0,163.696,89.17,0.0,83.26,0.0,0.0,1186.679,3584.824,115.47,1186.679,0.3310285246918677,2398.145,2984.898,True,True,True
2026-01-19 06:00:00,1504.283,0.0,179.132,100.97,0.0,83.403,0.0,0.0,1177.248,3727.153,131.29,1177.248,0.3158571703388619,2549.9049999999997,3045.036,True,True,True
2026-01-19 06:30:00,1732.976,0.0,239.85,97.903,0.0,106.032,0.0,0.0,969.486,3961.214,131.29,969.486,0.2447446666602713,2991.728,3146.2470000000003,True,True,True
2026-01-19 07:00:00,1786.674,0.0,262.659,103.692,0.0,107.172,0.0,0.0,855.133,4262.811,169.105,855.133,0.20060307623303028,3407.678,3115.33,True,True,True
2026-01-19 07:30:00,1817.423,0.0,456.228,109.486,90.161,114.002,0.0,0.0,815.789,4677.07,169.105,815.789,0.17442308966938705,3861.281,3403.089,True,True,True
2026-01-19 08:00:00,1816.548,0.0,451.537,109.486,95.863,113.955,0.0,0.0,787.577,4848.18,169.32,787.577,0.1624479701661242,4060.603,3374.9660000000003,True,True,True
2026-01-19 08:30:00,1799.506,0.0,449.526,108.507,20.498,124.88,0.0,0.0,775.374,4943.61,169.32,775.374,0.15684368305752275,4168.236,3278.291,True,True,True
2026-01-19 09:00:00,1722.848,0.0,440.814,106.973,10.539,134.681,0.0,0.0,753.802,5008.026,194.5,753.802,0.150518787242718,4254.224,3169.657,True,True,True
2026-01-19 09:30:00,1710.541,0.0,448.856,108.576,5.412,135.664,0.0,0.0,724.955,5107.326,194.5,724.955,0.14194414063249536,4382.371,3134.004,True,True,True
2026-01-19 10:00:00,1710.588,0.0,429.399,110.396,0.0,151.971,0.0,0.0,652.935,5115.104,205.5,652.935,0.1276484309996434,4462.169,3055.2889999999998,True,True,True
2026-01-19 10:30:00,1732.787,0.0,444.835,113.818,0.0,154.983,0.0,0.0,590.375,5134.612,205.5,590.375,0.11497947654077854,4544.237,3036.7980000000002,True,True,True
2026-01-19 11:00:00,1746.333,0.0,442.154,112.626,0.0,154.276,0.0,0.0,570.236,5172.702,210.05,570.236,0.11023948412261135,4602.466,3025.625,True,True,True
2026-01-19 11:30:00,1767.776,0.0,437.106,110.814,0.0,152.83,0.0,0.0,501.078,5193.296,210.05,501.078,0.09648554598081834,4692.218000000001,2969.604,True,True,True
2026-01-19 12:00:00,1796.626,0.0,438.133,111.938,0.0,161.113,0.0,0.0,383.388,5179.687,217.95,383.388,0.07401759990516801,4796.299,2891.198,True,True,True
2026-01-19 12:30:00,1795.192,0.0,438.133,111.938,0.0,160.499,0.0,0.0,381.056,5189.223,217.95,381.056,0.07343218821006536,4808.167,2886.8179999999998,True,True,True
2026-01-19 13:00:00,1792.17,0.0,436.771,111.656,0.0,161.605,0.0,0.0,324.676,5182.284,226.67,324.676,0.06265113992208841,4857.607999999999,2826.878,True,True,True
2026-01-19 13:30:00,1772.715,0.0,427.388,109.135,0.0,160.981,0.0,0.0,279.04,5109.963,226.67,279.04,0.054607049013857836,4830.923,2749.259,True,True,True
2026-01-19 14:00:00,1789.147,0.0,434.76,110.468,0.0,143.059,0.0,0.0,258.673,5088.808,235.37,258.673,0.0508317468452337,4830.135,2736.107,True,True,True
2026-01-19 14:30:00,1777.148,0.0,429.064,109.627,0.0,142.731,0.0,0.0,257.971,5104.559,235.37,257.971,0.05053737257224375,4846.588,2716.5409999999997,True,True,True
2026-01-19 15:00:00,1782.068,0.0,432.75,110.814,0.0,143.914,0.0,0.0,237.719,5146.08,242.605,237.719,0.046194190529490406,4908.361,2707.2650000000003,True,True,True
2026-01-19 15:30:00,1811.334,0.0,445.17,112.699,26.869,147.441,0.0,0.0,213.588,5197.272,242.605,213.588,0.041096175070306114,4983.684,2757.101,True,True,True
2026-01-19 16:00:00,1795.965,0.0,426.048,107.883,59.386,148.321,10.679,0.0,159.945,5270.402,249.7,159.945,0.030347779922670032,5110.457,2708.227,True,True,True
2026-01-19 16:30:00,1800.774,0.0,428.393,108.375,138.13,160.359,10.846,0.0,153.069,5386.151,249.7,153.069,0.028418995308523654,5233.081999999999,2799.946,True,True,True
2026-01-19 17:00:00,1821.608,0.0,436.436,110.118,264.994,163.301,11.892,0.0,139.326,5531.458,260.915,139.326,0.025187934175763423,5392.132,2947.6749999999997,True,True,True
2026-01-19 17:30:00,1798.656,0.0,413.962,108.375,274.447,163.49,11.056,0.0,123.354,5677.367,260.915,123.354,0.021727325360506023,5554.013,2893.3399999999997,True,True,True
2026-01-19 18:00:00,1822.198,0.0,430.739,112.139,280.894,156.121,12.353,0.0,134.133,5676.177,236.8,134.133,0.02363086986188063,5542.044,2948.5769999999998,True,True,True
2026-01-19 18:30:00,1774.326,0.0,407.931,106.204,270.487,143.686,49.844,0.0,170.965,5605.332,236.8,170.965,0.030500423525314825,5434.367,2923.443,True,True,True
2026-01-19 19:00:00,1786.693,0.0,382.442,107.533,253.42,134.158,10.804,0.0,236.096,5502.388,202.35,236.096,0.04290791561772816,5266.2919999999995,2911.146,True,True,True
2026-01-19 19:30:00,1809.627,0.0,393.164,110.605,185.014,103.94,0.0,0.0,323.257,5431.702,202.35,323.257,0.05951302188522124,5108.445000000001,2925.607,True,True,True
2026-01-19 20:00:00,1806.304,0.0,392.829,110.468,69.282,91.769,0.0,0.0,470.133,5309.338,147.27,470.133,0.08854832749393615,4839.205,2940.785,True,True,True
2026-01-19 20:30:00,1795.833,0.0,385.458,108.785,11.198,79.735,0.0,0.0,686.604,5203.119,147.27,686.604,0.1319600800981104,4516.514999999999,3067.6130000000003,True,True,True
2026-01-19 21:00:00,1747.865,0.0,377.728,106.764,0.0,79.815,0.0,0.0,880.867,5093.474,131.795,880.867,0.17294031539181312,4212.607,3193.0389999999998,True,True,True
2026-01-19 21:30:00,1620.469,0.0,382.442,107.533,0.0,80.151,0.0,0.0,1067.979,4866.55,131.795,1067.979,0.21945300058563047,3798.571,3258.5739999999996,True,True,True
2026-01-19 22:00:00,1515.225,0.0,266.702,107.883,0.0,79.678,0.0,0.0,1375.569,4675.699,113.45,1375.569,0.2941953705745387,3300.1299999999997,3345.057,True,True,True
2026-01-19 22:30:00,1470.602,0.0,164.366,108.024,0.0,79.499,0.0,0.0,1622.905,4510.713,113.45,1622.905,0.359789017833766,2887.808,3445.396,True,True,True
2026-01-19 23:00:00,1216.701,0.0,167.717,80.787,0.0,80.114,0.0,0.0,1866.942,4335.708,111.42,1866.942,0.43059680218317287,2468.7659999999996,3412.261,True,True,True
2026-01-19 23:30:00,1027.735,0.0,164.031,41.27,0.0,79.077,0.0,0.0,2008.108,4307.23,111.42,2008.108,0.46621796374932384,2299.1219999999994,3320.2209999999995,True,True,True
2026-01-20 00:00:00,821.948,0.0,164.031,0.0,0.0,80.046,0.0,0.0,2326.275,4192.608,106.035,2326.275,0.5548515387081263,1866.333,3392.3,True,True,True
2026-01-20 00:30:00,855.726,0.0,171.068,0.0,0.0,79.436,0.0,0.0,2501.154,4130.762,106.035,2501.154,0.6054945794504744,1629.6079999999997,3607.384,True,True,True
2026-01-20 01:00:00,500.356,0.0,164.366,0.0,0.0,79.706,0.0,0.0,2686.427,3988.887,102.855,2686.427,0.6734778398084478,1302.46,3430.855,True,True,True
2026-01-20 01:30:00,482.388,0.0,164.031,0.0,0.0,83.139,0.0,0.0,2615.322,3924.682,102.855,2615.322,0.6663780657897889,1309.3599999999997,3344.88,True,True,True
2026-01-20 02:00:00,512.339,0.0,172.096,0.0,0.0,102.986,0.0,0.0,2635.424,3901.209,98.275,2635.424,0.6755403260886561,1265.7849999999999,3422.8450000000003,True,True,True
2026-01-20 02:30:00,540.788,0.0,180.808,0.0,0.0,103.886,0.0,0.0,2927.841,3953.978,98.275,2927.841,0.7404798408084212,1026.1370000000002,3753.323,True,True,True
2026-01-20 03:00:00,563.134,0.0,175.112,0.0,0.0,124.57,0.0,0.0,2945.489,3856.873,95.765,2945.489,0.7636987269220428,911.384,3808.3050000000003,True,True,True
2026-01-20 03:30:00,606.321,0.0,177.457,0.0,0.0,125.952,0.0,0.0,2838.849,3803.569,95.765,2838.849,0.7463645328900305,964.7199999999998,3748.579,True,True,True
2026-01-20 04:00:00,732.572,0.0,181.813,0.0,0.0,125.131,0.0,0.0,2691.237,3709.218,95.0,2691.237,0.7255537420556032,1017.9809999999998,3730.753,True,True,True
2026-01-20 04:30:00,782.21,0.0,213.356,0.0,0.0,137.949,0.0,0.0,2629.662,3646.599,95.0,2629.662,0.7211272750307889,1016.9370000000004,3763.1769999999997,True,True,True
2026-01-20 05:00:00,733.487,0.0,190.548,0.0,0.0,143.725,0.0,0.0,2660.541,3636.645,97.88,2660.541,0.7315921680559967,976.1039999999998,3728.3010000000004,True,True,True
2026-01-20 05:30:00,562.723,0.0,164.366,0.0,0.0,143.686,0.0,0.0,2840.0,3707.257,97.88,2840.0,0.766065044856615,867.2570000000001,3710.775,True,True,True
2026-01-20 06:00:00,495.004,0.0,164.366,0.0,0.0,143.748,0.0,0.0,2842.178,3803.79,113.265,2842.178,0.747196348904645,961.6120000000001,3645.296,True,True,True
2026-01-20 06:30:00,741.655,0.0,192.894,0.0,0.0,145.591,0.0,0.0,2859.487,4038.988,113.265,2859.487,0.7079711551507457,1179.5009999999997,3939.627,True,True,True
2026-01-20 07:00:00,993.749,0.0,276.755,0.0,9.44,140.963,0.0,0.0,2814.483,4357.855,130.595,2814.483,0.6458413600268941,1543.3719999999994,4235.39,True,True,True
2026-01-20 07:30:00,1028.982,0.0,306.287,0.0,10.104,143.605,0.0,0.0,2857.716,4713.81,130.595,2857.716,0.606243357284235,1856.0940000000005,4346.6939999999995,True,True,True
2026-01-20 08:00:00,1045.138,0.0,311.314,0.0,10.394,145.706,0.0,0.0,2844.727,4855.143,133.45,2844.727,0.5859203323156496,2010.4160000000002,4357.2789999999995,True,True,True
2026-01-20 08:30:00,1036.748,0.0,308.968,0.0,10.326,148.077,0.0,0.0,2756.142,4933.87,133.45,2756.142,0.558616663998038,2177.728,4260.261,True,True,True
2026-01-20 09:00:00,1049.863,0.0,314.329,0.0,77.786,148.533,0.0,0.0,2647.387,5019.711,123.895,2647.387,0.5273982904593512,2372.324,4237.898,True,True,True
2026-01-20 09:30:00,1182.85,0.0,388.138,0.0,79.83,164.726,0.0,0.0,2479.529,5117.984,123.895,2479.529,0.4844737693591851,2638.4550000000004,4295.073,True,True,True
2026-01-20 10:00:00,1367.288,0.0,440.814,0.0,13.255,165.443,0.0,0.0,2366.104,5092.506,108.915,2366.104,0.46462468576374766,2726.4020000000005,4352.904,True,True,True
2026-01-20 10:30:00,1319.434,0.0,418.318,0.0,4.977,165.112,0.0,0.0,2365.586,5069.992,108.915,2365.586,0.466585746091907,2704.4060000000004,4273.427,True,True,True
2026-01-20 11:00:00,1317.862,0.0,418.318,0.0,0.0,164.551,0.0,0.0,2466.515,5089.862,100.375,2466.515,0.48459368839469513,2623.347,4367.246,True,True,True
2026-01-20 11:30:00,1261.014,0.0,396.515,125.065,10.173,164.236,0.0,0.0,2514.783,5091.051,100.375,2514.783,0.4939614629670769,2576.2680000000005,4471.786,True,True,True
2026-01-20 12:00:00,1125.19,0.0,399.889,124.667,0.0,164.81,0.0,0.0,2697.829,5074.928,96.76,2697.829,0.5315994630859788,2377.0989999999997,4512.385,True,True,True
2026-01-20 12:30:00,1109.497,0.0,420.016,0.0,0.0,165.224,0.0,0.0,2799.955,5018.627,96.76,2799.955,0.557912552576631,2218.6720000000005,4494.692,True,True,True
2026-01-20 13:00:00,1072.066,0.0,403.91,0.0,0.0,164.987,0.0,0.0,2881.924,5003.922,95.59,2881.924,0.5759330381248948,2121.9979999999996,4522.887000000001,True,True,True
2026-01-20 13:30:00,1014.651,0.0,400.894,0.0,0.0,164.893,0.0,0.0,2929.831,4918.97,95.59,2929.831,0.5956187982443479,1989.1390000000001,4510.269,True,True,True
2026-01-20 14:00:00,918.276,0.0,297.553,0.0,0.0,164.447,0.0,0.0,3142.677,4959.734,94.04,3142.677,0.6336382152752547,1817.0570000000002,4522.9529999999995,True,True,True
2026-01-20 14:30:00,953.079,0.0,275.08,0.0,0.0,163.161,0.0,0.0,3181.396,4948.463,94.04,3181.396,0.6429058881515332,1767.0669999999996,4572.716,True,True,True
2026-01-20 15:00:00,956.307,0.0,164.366,0.0,0.0,163.664,0.0,0.0,3287.574,4970.259,99.59,3287.574,0.6614492323237079,1682.685,4571.911,True,True,True
2026-01-20 15:30:00,1054.814,0.0,169.393,0.0,0.0,142.802,0.0,0.0,3213.69,4990.435,99.59,3213.69,0.6439699144463358,1776.7450000000003,4580.6990000000005,True,True,True
2026-01-20 16:00:00,1045.382,0.0,289.176,0.0,0.0,142.527,0.0,0.0,3112.377,5032.8,120.955,3112.377,0.6184185741535526,1920.4230000000002,4589.4619999999995,True,True,True
2026-01-20 16:30:00,1013.114,0.0,300.233,0.0,0.0,143.595,0.0,0.0,3174.456,5162.114,120.955,3174.456,0.614952711234196,1987.6579999999994,4631.398,True,True,True
2026-01-20 17:00:00,1031.164,0.0,393.5,0.0,21.674,143.754,0.0,0.0,3110.853,5344.884,137.01,3110.853,0.5820244181164643,2234.031,4700.945,True,True,True
2026-01-20 17:30:00,1059.285,0.0,385.122,0.0,206.544,162.687,0.0,0.0,3016.672,5536.204,137.01,3016.672,0.5448989957739997,2519.5319999999997,4830.31,True,True,True
2026-01-20 18:00:00,1016.727,0.0,211.346,0.0,207.498,156.26,0.0,0.0,3021.377,5519.585,136.375,3021.377,0.5473920593667821,2498.208,4613.208,True,True,True
2026-01-20 18:30:00,1051.134,0.0,220.058,0.0,160.988,135.938,0.0,0.0,3140.417,5464.918,136.375,3140.417,0.5746503424205084,2324.5009999999997,4708.535,True,True,True
2026-01-20 19:00:00,1008.846,0.0,288.505,0.0,126.411,132.269,0.0,0.0,3092.591,5352.902,117.855,3092.591,0.5777410085221063,2260.311,4648.622,True,True,True
2026-01-20 19:30:00,1060.814,0.0,330.101,0.0,138.428,112.5,0.0,0.0,3094.006,5286.56,117.855,3094.006,0.585258845071275,2192.5540000000005,4735.849,True,True,True
2026-01-20 20:00:00,1069.551,0.0,446.51,0.0,132.05,100.395,0.0,0.0,2902.757,5133.996,106.28,2902.757,0.5653991549662291,2231.239,4651.263,True,True,True
2026-01-20 20:30:00,1102.309,0.0,443.495,0.0,108.398,99.951,0.0,0.0,2861.224,5027.312,106.28,2861.224,0.5691359517770133,2166.0879999999997,4615.377,True,True,True
2026-01-20 21:00:00,1082.248,0.0,436.1,0.0,57.929,100.125,0.0,0.0,2822.255,4913.733,103.27,2822.255,0.5743606744607409,2091.478,4498.657,True,True,True
2026-01-20 21:30:00,1101.765,0.0,439.809,0.0,14.273,80.493,0.0,0.0,2674.895,4746.834,103.27,2674.895,0.5635113846407943,2071.939,4311.235000000001,True,True,True
2026-01-20 22:00:00,1101.467,0.0,388.138,0.0,0.0,80.706,0.0,0.0,2632.433,4540.438,93.53,2632.433,0.5797751230167663,1908.005,4202.744,True,True,True
2026-01-20 22:30:00,1056.941,0.0,373.037,0.0,0.0,80.344,0.0,0.0,2531.23,4364.54,93.53,2531.23,0.5799534429745173,1833.31,4041.552,True,True,True
2026-01-20 23:00:00,1069.059,0.0,377.393,0.0,0.0,80.609,0.0,0.0,2316.201,4181.03,89.63,2316.201,0.5539785650904203,1864.8289999999997,3843.2619999999997,True,True,True
2026-01-20 23:30:00,1011.475,0.0,424.372,0.0,0.0,80.635,0.0,0.0,2171.906,4174.12,89.63,2171.906,0.5203266796354681,2002.214,3688.388,True,True,True
2026-01-21 00:00:00,929.823,0.0,407.931,0.0,0.0,81.061,0.0,0.0,2020.813,4044.058,89.71,2020.813,0.4996993119287607,2023.245,3439.6279999999997,True,True,True
2026-01-21 00:30:00,941.794,0.0,412.287,0.0,0.0,80.563,0.0,0.0,1994.245,3971.757,89.71,1994.245,0.5021064984589944,1977.5120000000002,3428.889,True,True,True
2026-01-21 01:00:00,857.651,0.0,416.308,0.0,0.0,79.836,0.0,0.0,1977.391,3872.06,90.26,1977.391,0.5106819109208018,1894.6689999999999,3331.1859999999997,True,True,True
2026-01-21 01:30:00,841.359,0.0,432.414,0.0,0.0,91.57,0.0,0.0,1792.924,3823.526,90.26,1792.924,0.4689190030354181,2030.6019999999999,3158.267,True,True,True
2026-01-21 02:00:00,714.301,0.0,429.399,0.0,0.0,92.161,0.0,0.0,1677.856,3792.96,89.465,1677.856,0.44236058381844257,2115.1040000000003,2913.717,True,True,True
2026-01-21 02:30:00,649.565,0.0,443.495,0.0,0.0,107.703,0.0,0.0,1769.953,3875.196,89.465,1769.953,0.4567389623647423,2105.243,2970.716,True,True,True
2026-01-21 03:00:00,682.644,0.0,450.196,0.0,0.0,124.454,0.0,0.0,1766.046,3819.637,88.735,1766.046,0.4623596430760305,2053.5910000000003,3023.34,True,True,True
2026-01-21 03:30:00,737.399,0.0,404.245,0.0,0.0,127.358,0.0,0.0,1714.786,3734.671,88.735,1714.786,0.4591531623535246,2019.8849999999998,2983.788,True,True,True
2026-01-21 04:00:00,703.881,0.0,320.026,0.0,0.0,126.227,0.0,0.0,1950.796,3756.28,88.885,1950.796,0.5193425410246307,1805.4840000000002,3100.9300000000003,True,True,True
2026-01-21 04:30:00,693.649,0.0,219.053,0.0,0.0,125.196,0.0,0.0,2094.657,3728.763,88.885,2094.657,0.5617565396352625,1634.1059999999998,3132.5550000000003,True,True,True
2026-01-21 05:00:00,741.009,0.0,171.426,0.0,0.0,126.622,0.0,0.0,2260.65,3741.418,94.89,2260.65,0.6042227839819021,1480.768,3299.7070000000003,True,True,True
2026-01-21 05:30:00,713.02,0.0,168.052,0.0,0.0,143.597,0.0,0.0,2305.049,3758.82,94.89,2305.049,0.6132373989709536,1453.7710000000002,3329.718,True,True,True
2026-01-21 06:00:00,940.362,0.0,249.926,0.0,0.0,145.072,0.0,0.0,2339.771,3917.783,113.6,2339.771,0.5972181205544055,1578.0119999999997,3675.1310000000003,True,True,True
2026-01-21 06:30:00,1084.47,0.0,420.686,0.0,0.0,144.929,0.0,0.0,2514.733,4145.202,113.6,2514.733,0.6066611470321591,1630.469,4164.818,True,True,True
2026-01-21 07:00:00,1109.716,0.0,419.346,0.0,0.0,143.107,0.0,0.0,2750.772,4434.385,129.495,2750.772,0.6203277342855886,1683.6130000000003,4422.941,True,True,True
2026-01-21 07:30:00,1325.475,0.0,418.318,0.0,10.249,143.962,0.0,0.0,2746.509,4789.33,129.495,2746.509,0.5734641379900738,2042.821,4644.513,True,True,True
2026-01-21 08:00:00,1374.85,0.0,407.596,0.0,10.47,146.184,0.0,0.0,2850.094,4988.051,131.73,2850.094,0.5713842941862463,2137.9570000000003,4789.1939999999995,True,True,True
2026-01-21 08:30:00,1298.53,0.0,329.096,0.0,0.0,145.951,0.0,0.0,3022.938,5042.398,131.73,3022.938,0.5995040454958137,2019.46,4796.515,True,True,True
2026-01-21 09:00:00,1344.229,0.0,270.723,0.0,0.0,148.182,0.0,0.0,3039.447,5067.452,121.16,3039.447,0.5997978865907363,2028.005,4802.581,True,True,True
2026-01-21 09:30:00,1400.098,0.0,266.702,0.0,0.0,163.147,0.0,0.0,3011.557,5120.118,121.16,3011.557,0.5881811708245785,2108.5610000000006,4841.504,True,True,True
2026-01-21 10:00:00,1378.988,0.0,262.324,0.0,0.0,162.948,0.0,0.0,2960.889,5113.749,112.165,2960.889,0.5790055397713106,2152.8599999999997,4765.149,True,True,True
2026-01-21 10:30:00,1418.469,0.0,222.739,0.0,0.0,162.618,0.0,0.0,2792.923,5020.797,112.165,2792.923,0.5562708470388267,2227.874,4596.749,True,True,True
2026-01-21 11:00:00,1403.468,0.0,220.393,0.0,0.0,163.332,0.0,0.0,2701.464,5036.104,107.81,2701.464,0.5364194226330512,2334.6400000000003,4488.657,True,True,True
2026-01-21 11:30:00,1454.947,0.0,238.175,0.0,0.0,164.474,0.0,0.0,2530.84,5035.144,107.81,2530.84,0.5026350785598187,2504.304,4388.436,True,True,True
2026-01-21 12:00:00,1416.378,0.0,251.936,0.0,0.0,163.935,0.0,0.0,2392.395,5012.255,108.03,2392.395,0.4773091153582569,2619.86,4224.644,True,True,True
2026-01-21 12:30:00,1400.128,0.0,292.191,0.0,0.0,163.773,0.0,0.0,2207.182,5069.487,108.03,2207.182,0.43538567117343424,2862.3050000000003,4063.2739999999994,True,True,True
2026-01-21 13:00:00,1424.179,0.0,254.617,0.0,0.0,145.334,0.0,0.0,2057.906,5082.804,111.64,2057.906,0.40487612742887585,3024.898,3882.036,True,True,True
2026-01-21 13:30:00,1386.219,0.0,189.855,0.0,0.0,144.279,0.0,0.0,1972.756,5034.604,111.64,1972.756,0.3918393581699772,3061.848,3693.1090000000004,True,True,True
2026-01-21 14:00:00,1405.317,0.0,249.255,0.0,0.0,143.732,0.0,0.0,1880.065,5068.17,114.475,1880.065,0.3709553941560761,3188.105,3678.369,True,True,True
2026-01-21 14:30:00,1421.528,0.0,296.882,0.0,0.0,144.698,0.0,0.0,1644.227,5067.934,114.475,1644.227,0.32443733481927745,3423.7070000000003,3507.335,True,True,True
2026-01-21 15:00:00,1589.383,0.0,308.968,0.0,0.0,161.146,0.0,0.0,1485.312,5127.627,120.055,1485.312,0.28966849577787146,3642.3150000000005,3544.809,True,True,True
2026-01-21 15:30:00,1721.849,0.0,399.554,0.0,4.901,163.438,0.0,0.0,1262.667,5161.958,120.055,1262.667,0.24461008787750696,3899.2909999999997,3552.4089999999997,True,True,True
2026-01-21 16:00:00,1672.374,0.0,404.58,0.0,5.046,164.01,0.0,0.0,1118.952,5226.905,134.55,1118.952,0.21407544235068363,4107.9529999999995,3364.9620000000004,True,True,True
2026-01-21 16:30:00,1748.287,0.0,426.048,0.0,111.686,164.278,0.0,0.0,960.797,5362.918,134.55,960.797,0.17915563877724777,4402.120999999999,3411.096,True,True,True
2026-01-21 17:00:00,1740.968,0.0,428.393,0.0,115.867,163.92,0.0,0.0,882.129,5466.601,157.5,882.129,0.16136699934749218,4584.472,3331.2769999999996,True,True,True
2026-01-21 17:30:00,1719.95,0.0,426.718,0.0,276.423,164.315,0.0,0.0,773.176,5625.234,157.5,773.176,0.13744779328291054,4852.058,3360.582,True,True,True
2026-01-21 18:00:00,1704.146,0.0,427.388,0.0,265.139,164.339,0.0,0.0,662.215,5639.39,157.665,662.215,0.11742670749850605,4977.175,3223.2270000000003,True,True,True
2026-01-21 18:30:00,1684.107,0.0,439.809,0.0,293.566,164.047,0.0,0.0,567.234,5558.296,157.665,567.234,0.10205177989801191,4991.062,3148.763,True,True,True
2026-01-21 19:00:00,1713.06,0.0,408.266,0.0,290.927,163.88,0.0,0.0,467.205,5459.436,154.35,467.205,0.08557752119449702,4992.231,3043.3379999999997,True,True,True
2026-01-21 19:30:00,1717.389,0.0,404.915,0.0,289.752,146.268,0.0,0.0,484.582,5363.41,154.35,484.582,0.09034960966996743,4878.8279999999995,3042.906,True,True,True
2026-01-21 20:00:00,1732.398,0.0,429.399,0.0,225.809,132.621,0.0,0.0,500.432,5250.448,145.32,500.432,0.09531224764058228,4750.0160000000005,3020.6589999999997,True,True,True
2026-01-21 20:30:00,1658.534,0.0,405.92,0.0,222.879,130.218,0.0,0.0,524.059,5135.927,145.32,524.059,0.10203785996179462,4611.8679999999995,2941.6100000000006,True,True,True
2026-01-21 21:00:00,1714.125,0.0,405.92,0.0,92.277,99.34,0.0,0.0,560.389,5025.0,119.565,560.389,0.11152019900497513,4464.611,2872.0510000000004,True,True,True
2026-01-21 21:30:00,1621.722,0.0,343.192,0.0,0.0,92.513,0.0,0.0,647.687,4820.332,119.565,647.687,0.1343656412047967,4172.645,2705.114,True,True,True
2026-01-21 22:00:00,1605.49,0.0,255.622,0.0,0.0,91.695,0.0,0.0,793.805,4646.734,102.115,793.805,0.17083073832072157,3852.9290000000005,2746.612,True,True,True
2026-01-21 22:30:00,1450.992,0.0,276.755,0.0,0.0,92.208,0.0,0.0,868.09,4426.814,102.115,868.09,0.19609814191425254,3558.724,2688.045,True,True,True
2026-01-21 23:00:00,1375.734,0.0,245.212,34.64,0.0,91.653,0.0,0.0,870.418,4243.628,97.15,870.418,0.20511175814656707,3373.2099999999996,2617.6569999999997,True,True,True
2026-01-21 23:30:00,1467.058,0.0,381.772,41.339,0.0,92.507,0.0,0.0,808.84,4292.012,97.15,808.84,0.1884524088003482,3483.1719999999996,2791.516,True,True,True
2026-01-22 00:00:00,1309.045,0.0,376.053,41.27,0.0,91.71,0.0,0.0,781.789,4130.832,95.895,781.789,0.18925703102910016,3349.0430000000006,2599.867,True,True,True
2026-01-22 00:30:00,1297.638,0.0,374.712,41.339,0.0,92.446,0.0,0.0,737.159,4041.996,95.895,737.159,0.18237499492824832,3304.837,2543.294,True,True,True
2026-01-22 01:00:00,1282.606,0.0,336.803,41.061,0.0,91.698,0.0,0.0,701.103,3943.283,98.21,701.103,0.17779677492079568,3242.18,2453.271,True,True,True
2026-01-22 01:30:00,1309.529,0.0,330.101,41.412,0.0,91.959,0.0,0.0,605.562,3852.819,98.21,605.562,0.15717374732630834,3247.257,2378.563,True,True,True
2026-01-22 02:00:00,1163.03,0.0,417.648,41.412,0.0,92.26,0.0,0.0,591.307,3805.665,99.105,591.307,0.15537547314332711,3214.358,2305.657,True,True,True
2026-01-22 02:30:00,1291.325,0.0,429.064,41.202,0.0,92.33,0.0,0.0,565.038,3873.275,99.105,565.038,0.1458811987271753,3308.237,2418.959,True,True,True
2026-01-22 03:00:00,1276.549,0.0,431.409,41.412,0.0,104.335,0.0,0.0,532.01,3817.527,99.385,532.01,0.13935985259567255,3285.517,2385.715,True,True,True
2026-01-22 03:30:00,1304.492,0.0,427.053,41.339,0.0,115.962,0.0,0.0,498.815,3799.291,99.385,498.815,0.1312916015119663,3300.476,2387.661,True,True,True
2026-01-22 04:00:00,1252.032,0.0,427.723,41.412,0.0,127.618,0.0,0.0,486.948,3750.035,98.21,486.948,0.12985158805184485,3263.087,2335.7329999999997,True,True,True
2026-01-22 04:30:00,1261.107,0.0,431.074,41.412,0.0,137.659,0.0,0.0,459.239,3715.824,98.21,459.239,0.12359008392216637,3256.585,2330.491,True,True,True
2026-01-22 05:00:00,1365.65,0.0,406.925,41.339,0.0,144.535,0.0,0.0,452.807,3716.568,97.01,452.807,0.1218347141771656,3263.7610000000004,2411.2560000000003,True,True,True
2026-01-22 05:30:00,1364.82,0.0,372.367,41.202,0.0,144.032,0.0,0.0,468.391,3775.904,97.01,468.391,0.12404738044187565,3307.513,2390.812,True,True,True
2026-01-22 06:00:00,1348.965,0.0,224.749,41.339,0.0,144.605,0.0,0.0,491.573,3899.608,116.715,491.573,0.1260570293219216,3408.0350000000003,2251.2309999999998,True,True,True
2026-01-22 06:30:00,1566.919,0.0,276.42,41.339,0.0,142.372,0.0,0.0,482.197,4112.378,116.715,482.197,0.11725502859902472,3630.1809999999996,2509.2470000000003,True,True,True
2026-01-22 07:00:00,1558.963,0.0,272.734,41.339,0.0,144.818,0.0,0.0,492.869,4401.36,170.715,492.869,0.11198106948761294,3908.4909999999995,2510.723,True,True,True
2026-01-22 07:30:00,1619.212,0.0,367.676,41.339,0.0,143.462,0.0,0.0,517.578,4793.49,170.715,517.578,0.10797519135327288,4275.912,2689.267,True,True,True
2026-01-22 08:00:00,1630.391,0.0,404.245,41.27,0.0,146.047,0.0,0.0,544.462,4948.031,195.735,544.462,0.11003609314492976,4403.5689999999995,2766.415,True,True,True
2026-01-22 08:30:00,1701.893,0.0,352.574,41.202,0.0,148.875,0.0,0.0,545.148,5004.298,195.735,545.148,0.10893595864994451,4459.15,2789.692,True,True,True
2026-01-22 09:00:00,1763.543,0.0,360.616,41.339,0.0,153.92,0.0,0.0,563.942,5054.802,191.32,563.942,0.11156559643681395,4490.86,2883.36,True,True,True
2026-01-22 09:30:00,1787.468,0.0,275.75,41.202,0.0,164.785,0.0,0.0,560.279,5107.198,191.32,560.279,0.10970379452686188,4546.919,2829.484,True,True,True
2026-01-22 10:00:00,1766.488,0.0,242.866,41.339,0.0,163.268,0.0,0.0,565.319,5090.111,184.99,565.319,0.11106221455681418,4524.7919999999995,2779.28,True,True,True
2026-01-22 10:30:00,1767.63,0.0,259.978,41.339,0.0,164.911,0.0,0.0,592.193,5076.175,184.99,592.193,0.11666126561830512,4483.982,2826.0510000000004,True,True,True
2026-01-22 11:00:00,1779.12,0.0,306.622,41.339,0.0,164.693,0.0,0.0,531.224,5059.331,178.0,531.224,0.10499886249782828,4528.107,2822.9980000000005,True,True,True
2026-01-22 11:30:00,1735.866,0.0,352.239,41.27,0.0,164.91,0.0,0.0,598.417,5047.806,178.0,598.417,0.11854992050011433,4449.388999999999,2892.7019999999998,True,True,True
2026-01-22 12:00:00,1705.193,0.0,352.909,41.339,0.0,165.092,0.0,0.0,511.135,5011.609,175.0,511.135,0.10199019915560052,4500.474,2775.6679999999997,True,True,True
2026-01-22 12:30:00,1671.667,0.0,364.995,41.339,0.0,164.396,0.0,0.0,461.06,5014.625,175.0,461.06,0.09194306653039859,4553.565,2703.457,True,True,True
2026-01-22 13:00:00,1675.93,0.0,375.718,41.27,0.0,145.27,0.0,0.0,422.061,5036.745,173.54,422.061,0.08379638040043719,4614.684,2660.2490000000003,True,True,True
2026-01-22 13:30:00,1606.088,0.0,454.218,41.202,0.0,145.214,0.0,0.0,396.812,4935.44,173.54,396.812,0.08040053166485664,4538.628,2643.5339999999997,True,True,True
2026-01-22 14:00:00,1615.046,0.0,445.84,41.27,0.0,145.076,0.0,0.0,410.247,4953.032,181.85,410.247,0.08282744791473183,4542.785,2657.479,True,True,True
2026-01-22 14:30:00,1619.122,0.0,444.835,41.339,0.0,146.401,0.0,0.0,363.709,4972.527,181.85,363.709,0.07314369534846166,4608.818,2615.406,True,True,True
2026-01-22 15:00:00,1677.504,0.0,444.835,41.27,0.0,144.348,0.0,0.0,299.489,5012.827,192.44,299.489,0.05974453137919979,4713.338000000001,2607.446,True,True,True
2026-01-22 15:30:00,1684.022,0.0,445.84,41.48,10.326,164.143,0.0,0.0,317.741,5076.351,192.44,317.741,0.06259240151045505,4758.61,2663.552,True,True,True
2026-01-22 16:00:00,1696.696,0.0,430.404,41.339,86.354,163.217,0.0,0.0,235.603,5146.558,194.6,235.603,0.04577875154617902,4910.955,2653.613,True,True,True
2026-01-22 16:30:00,1728.684,0.0,439.474,41.27,180.985,165.825,0.0,0.0,191.931,5260.229,194.6,191.931,0.036487194759011445,5068.298000000001,2748.169,True,True,True
2026-01-22 17:00:00,1705.87,0.0,434.09,41.339,234.666,165.538,0.0,0.0,144.295,5400.929,225.0,144.295,0.02671670003438297,5256.634,2725.7980000000002,True,True,True
2026-01-22 17:30:00,1754.97,0.0,402.234,41.621,292.391,164.636,0.0,0.0,127.283,5585.158,225.0,127.283,0.02278950747678042,5457.875,2783.1349999999998,True,True,True
2026-01-22 18:00:00,1767.21,0.0,405.92,41.339,291.438,165.413,0.0,0.0,115.503,5591.131,225.5,115.503,0.020658253222827366,5475.628000000001,2786.8230000000003,True,True,True
2026-01-22 18:30:00,1817.591,0.0,349.223,41.061,289.828,165.772,0.0,0.0,119.347,5539.469,225.5,119.347,0.021544844821769018,5420.122,2782.822,True,True,True
2026-01-22 19:00:00,1804.007,0.0,335.797,41.339,292.758,165.553,0.0,0.0,131.382,5462.358,200.12,131.382,0.024052249962378886,5330.976000000001,2770.8360000000002,True,True,True
2026-01-22 19:30:00,1858.278,0.0,310.308,41.339,291.514,165.685,0.0,0.0,102.703,5401.487,200.12,102.703,0.01901383822639951,5298.784,2769.827,True,True,True
2026-01-22 20:00:00,1809.837,0.0,350.564,41.48,288.142,154.86,0.0,0.0,90.265,5292.95,173.34,90.265,0.017053816869609575,5202.6849999999995,2735.1479999999997,True,True,True
2026-01-22 20:30:00,1792.772,0.0,356.93,41.339,200.975,149.648,0.0,0.0,107.536,5204.796,173.34,107.536,0.020660944252185866,5097.26,2649.2000000000003,True,True,True
2026-01-22 21:00:00,1776.085,0.0,427.388,41.339,0.0,150.254,0.0,0.0,126.151,5069.148,145.955,126.151,0.024886036075490395,4942.997,2521.2169999999996,True,True,True
2026-01-22 21:30:00,1710.799,0.0,428.393,41.412,0.0,145.706,0.0,0.0,158.13,4903.69,145.955,158.13,0.03224714449730713,4745.5599999999995,2484.44,True,True,True
2026-01-22 22:00:00,1676.094,0.0,432.079,41.339,0.0,145.402,0.0,0.0,182.286,4717.95,115.55,182.286,0.03863669602263695,4535.664,2477.2000000000003,True,True,True
2026-01-22 22:30:00,1624.685,0.0,418.676,41.339,0.0,145.936,0.0,0.0,237.776,4524.155,115.55,237.776,0.052556996831452506,4286.379,2468.412,True,True,True
2026-01-22 23:00:00,1523.986,0.0,358.941,41.339,0.0,145.059,0.0,0.0,323.304,4366.663,132.0,323.304,0.07403914613974104,4043.3589999999995,2392.6290000000004,True,True,True
2026-01-22 23:30:00,1579.612,0.0,374.042,41.202,0.0,145.626,0.0,0.0,431.327,4388.688,132.0,431.327,0.09828153653210253,3957.361,2571.809,True,True,True
2026-01-23 00:00:00,1658.714,0.0,416.643,41.27,0.0,146.505,0.0,0.0,453.634,4256.592,108.59,453.634,0.10657211214981376,3802.9579999999996,2716.766,True,True,True
2026-01-23 00:30:00,1692.648,0.0,420.686,41.202,0.0,145.822,0.0,0.0,459.883,4176.574,108.59,459.883,0.1101101045976918,3716.691,2760.241,True,True,True
2026-01-23 01:00:00,1558.596,0.0,424.707,41.48,0.0,146.328,0.0,0.0,555.389,4081.018,109.09,555.389,0.13609079891340836,3525.629,2726.5,True,True,True
2026-01-23 01:30:00,1504.198,0.0,372.032,41.339,0.0,146.622,0.0,0.0,596.406,4041.343,109.09,596.406,0.14757618940040476,3444.937,2660.5969999999998,True,True,True
2026-01-23 02:00:00,1458.191,0.0,421.692,41.339,0.0,146.666,0.0,0.0,629.468,3976.373,110.0,629.468,0.15830205063760366,3346.905,2697.3559999999998,True,True,True
2026-01-23 02:30:00,1356.666,0.0,387.133,41.061,0.0,146.137,0.0,0.0,710.85,4038.264,110.0,710.85,0.1760286103137388,3327.414,2641.8469999999998,True,True,True
2026-01-23 03:00:00,1308.589,0.0,421.357,41.48,0.0,145.014,0.0,0.0,767.853,3957.588,105.59,767.853,0.194020448818826,3189.735,2684.293,True,True,True
2026-01-23 03:30:00,1268.641,0.0,418.676,41.339,0.0,145.498,0.0,0.0,785.757,3932.34,105.59,785.757,0.19981919162635986,3146.583,2659.911,True,True,True
2026-01-23 04:00:00,1152.332,0.0,346.543,41.339,0.0,146.171,0.0,0.0,853.51,3892.594,103.64,853.51,0.2192650967452552,3039.084,2539.8950000000004,True,True,True
2026-01-23 04:30:00,1093.259,0.0,333.117,41.27,0.0,146.256,0.0,0.0,867.832,3847.06,103.64,867.832,0.22558317260453437,2979.228,2481.734,True,True,True
2026-01-23 05:00:00,1091.326,0.0,310.643,41.339,0.0,147.21,0.0,0.0,963.147,3811.092,101.945,963.147,0.252722054466279,2847.945,2553.665,True,True,True
2026-01-23 05:30:00,1227.902,0.0,204.286,41.27,0.0,147.753,0.0,0.0,1105.984,3851.178,101.945,1105.984,0.2871807015931229,2745.194,2727.1949999999997,True,True,True
2026-01-23 06:00:00,1415.613,0.0,262.324,41.412,0.0,146.546,0.0,0.0,1151.303,3964.794,122.915,1151.303,0.29038154315205283,2813.491,3017.1980000000003,True,True,True
2026-01-23 06:30:00,1443.471,0.0,283.122,41.412,0.0,146.008,0.0,0.0,1316.585,4184.811,122.915,1316.585,0.31461038503292027,2868.2259999999997,3230.598,True,True,True
2026-01-23 07:00:00,1406.828,0.0,163.361,41.27,0.0,145.058,0.0,0.0,1467.541,4410.721,145.225,1467.541,0.3327213396630619,2943.1799999999994,3224.058,True,True,True
2026-01-23 07:30:00,1507.256,0.0,171.426,41.339,0.0,146.068,0.0,0.0,1617.033,4797.241,145.225,1617.033,0.3370756232592859,3180.208,3483.1220000000003,True,True,True
2026-01-23 08:00:00,1440.774,0.0,163.696,41.339,73.17,146.906,0.0,0.0,1656.86,4950.719,140.345,1656.86,0.3346705801722941,3293.8590000000004,3522.745,True,True,True
2026-01-23 08:30:00,1386.145,0.0,164.366,41.339,71.041,149.134,0.0,0.0,1768.585,4995.899,140.345,1768.585,0.3540073568340753,3227.3140000000003,3580.6099999999997,True,True,True
2026-01-23 09:00:00,1349.809,0.0,164.366,41.412,64.159,148.841,0.0,0.0,1843.97,5038.979,130.755,1843.97,0.36594119562713,3195.009,3612.557,True,True,True
2026-01-23 09:30:00,1321.786,0.0,177.457,41.339,0.0,165.209,0.0,0.0,1902.181,5098.217,130.755,1902.181,0.3731071078378971,3196.0359999999996,3607.972,True,True,True
2026-01-23 10:00:00,1283.898,0.0,164.701,60.326,0.0,165.185,0.0,0.0,2003.458,5109.69,120.69,2003.458,0.3920899310917101,3106.2319999999995,3677.568,True,True,True
2026-01-23 10:30:00,1196.489,0.0,164.366,41.339,0.0,165.513,0.0,0.0,2138.338,5070.883,120.69,2138.338,0.4216894769609159,2932.5449999999996,3706.045,True,True,True
2026-01-23 11:00:00,1238.019,0.0,164.701,41.339,0.0,164.893,0.0,0.0,2191.387,5092.856,114.905,2191.387,0.4302864640194029,2901.4689999999996,3800.339,True,True,True
2026-01-23 11:30:00,1572.974,0.0,164.031,41.202,0.0,165.157,0.0,0.0,2285.231,5077.84,114.905,2285.231,0.4500399776282829,2792.609,4228.595,True,True,True
2026-01-23 12:00:00,1468.02,0.0,228.458,41.412,0.0,165.906,0.0,0.0,2470.479,5084.326,110.82,2470.479,0.4859009827457956,2613.847,4374.275,True,True,True
2026-01-23 12:30:00,1490.414,0.0,419.346,41.339,30.974,167.209,0.0,0.0,2383.212,5093.582,110.82,2383.212,0.4678852720933912,2710.3700000000003,4532.494000000001,True,True,True
2026-01-23 13:00:00,1483.904,0.0,450.867,41.27,30.531,146.815,0.0,0.0,2421.718,5086.029,107.87,2421.718,0.47615104042859363,2664.3110000000006,4575.105,True,True,True
2026-01-23 13:30:00,1519.027,0.0,431.409,41.339,19.835,146.643,0.0,0.0,2306.9,5002.289,107.87,2306.9,0.46116887688816066,2695.3889999999997,4465.153,True,True,True
2026-01-23 14:00:00,1504.371,0.0,428.728,41.202,20.132,145.851,0.0,0.0,2274.734,4958.343,108.855,2274.734,0.45876898794617477,2683.609,4415.018,True,True,True
2026-01-23 14:30:00,1514.881,0.0,435.765,41.13,19.835,146.744,0.0,0.0,2320.631,4933.283,108.855,2320.631,0.4704029750573806,2612.6520000000005,4478.986,True,True,True
2026-01-23 15:00:00,1597.576,0.0,434.09,41.339,60.416,145.84,0.0,0.0,2286.27,4909.959,116.89,2286.27,0.46563932611249914,2623.689,4565.531,True,True,True
2026-01-23 15:30:00,1672.687,0.0,439.139,41.339,24.008,163.947,0.0,0.0,2312.35,4954.604,116.89,2312.35,0.46670732918311936,2642.2540000000004,4653.469999999999,True,True,True
2026-01-23 16:00:00,1623.762,0.0,426.383,41.202,20.575,165.213,0.0,0.0,2337.049,4992.708,127.935,2337.049,0.468092466052491,2655.6589999999997,4614.183999999999,True,True,True
2026-01-23 16:30:00,1588.298,0.0,431.409,41.339,20.277,165.898,0.0,0.0,2387.968,5125.266,127.935,2387.968,0.46592079318419766,2737.298,4635.189,True,True,True
2026-01-23 17:00:00,1536.76,0.0,438.804,41.339,77.041,167.149,0.0,0.0,2421.402,5233.565,135.44,2421.402,0.4626677991006131,2812.1629999999996,4682.495,True,True,True
2026-01-23 17:30:00,1631.837,0.0,417.313,41.339,88.027,166.132,0.0,0.0,2500.005,5415.583,135.44,2500.005,0.461631739371366,2915.5779999999995,4844.653,True,True,True
2026-01-23 18:00:00,1489.113,0.0,345.537,41.27,88.325,165.37,0.0,0.0,2680.063,5435.321,130.84,2680.063,0.4930827452509245,2755.258,4809.678,True,True,True
2026-01-23 18:30:00,1508.31,0.0,319.691,41.48,61.522,165.972,0.0,0.0,2771.47,5380.702,130.84,2771.47,0.5150759138863292,2609.2320000000004,4868.445,True,True,True
2026-01-23 19:00:00,1462.191,0.0,352.909,41.27,59.836,165.445,0.0,0.0,2846.099,5296.258,119.64,2846.099,0.5373792213294746,2450.1589999999997,4927.75,True,True,True
2026-01-23 19:30:00,1467.522,0.0,414.968,41.339,20.933,165.187,0.0,0.0,2926.78,5208.147,119.64,2926.78,0.5619618647476733,2281.3669999999997,5036.729,True,True,True
2026-01-23 20:00:00,1462.44,0.0,413.962,41.202,20.353,166.07,0.0,0.0,2907.27,5079.831,112.4,2907.27,0.5723162837503846,2172.561,5011.2970000000005,True,True,True
2026-01-23 20:30:00,1474.353,0.0,258.973,41.48,24.596,159.544,0.0,0.0,2905.59,4964.288,112.4,2905.59,0.5852984355460441,2058.6979999999994,4864.536,True,True,True
2026-01-23 21:00:00,1407.819,0.0,170.398,41.339,24.382,151.1,0.0,0.0,2888.355,4820.135,103.445,2888.355,0.5992269926049789,1931.7800000000002,4683.393,True,True,True
2026-01-23 21:30:00,1373.226,0.0,0.006,41.202,15.453,145.768,0.0,0.0,2866.409,4662.329,103.445,2866.409,0.6148019584203518,1795.9199999999996,4442.064,True,True,True
2026-01-23 22:00:00,1230.281,0.0,0.006,41.202,0.0,145.733,0.0,0.0,2852.511,4519.072,92.705,2852.511,0.631216099234533,1666.5610000000001,4269.733,True,True,True
2026-01-23 22:30:00,1083.323,0.0,0.006,41.339,0.0,145.972,0.0,0.0,2802.028,4341.669,92.705,2802.028,0.6453803825210995,1539.641,4072.6679999999997,True,True,True
2026-01-23 23:00:00,969.355,0.0,0.006,41.202,0.0,146.136,0.0,0.0,2712.44,4217.418,92.04,2712.44,0.6431518052040373,1504.9779999999996,3869.139,True,True,True
2026-01-23 23:30:00,1036.548,0.0,0.006,41.412,0.0,126.483,0.0,0.0,2690.956,4257.766,92.04,2690.956,0.6320112472127403,1566.8099999999995,3895.4049999999997,True,True,True
2026-01-24 00:00:00,1043.495,0.0,0.006,41.202,0.0,120.559,0.0,0.0,2612.929,4112.786,92.02,2612.929,0.635318492136474,1499.857,3818.191,True,True,True
2026-01-24 00:30:00,1040.994,0.0,0.006,41.339,0.0,107.527,0.0,0.0,2625.927,4033.385,92.02,2625.927,0.6510479411214154,1407.458,3815.793,True,True,True
2026-01-24 01:00:00,1005.991,0.0,0.006,41.339,0.0,109.4,0.0,0.0,2628.823,3913.485,89.3,2628.823,0.671734528176293,1284.6620000000003,3785.559,True,True,True
2026-01-24 01:30:00,1004.16,0.0,0.006,41.48,0.0,107.948,0.0,0.0,2553.433,3819.968,89.3,2553.433,0.6684435576423677,1266.5349999999999,3707.027,True,True,True
2026-01-24 02:00:00,988.135,0.0,0.006,41.339,0.0,108.218,0.0,0.0,2544.534,3764.71,84.32,2544.534,0.6758911044941045,1220.176,3682.232,True,True,True
2026-01-24 02:30:00,965.409,0.0,0.006,41.202,0.0,107.738,0.0,0.0,2450.605,3843.526,84.32,2450.605,0.6375929289928051,1392.9209999999998,3564.96,True,True,True
2026-01-24 03:00:00,966.524,0.0,0.006,41.202,0.0,107.631,0.0,0.0,2442.605,3785.518,83.895,2442.605,0.6452498706914087,1342.913,3557.968,True,True,True
2026-01-24 03:30:00,977.289,0.0,0.006,41.202,0.0,109.485,0.0,0.0,2388.454,3725.893,83.895,2388.454,0.641042026703397,1337.4389999999999,3516.436,True,True,True
2026-01-24 04:00:00,990.591,0.0,0.006,41.202,0.0,108.77,0.0,0.0,2365.771,3642.55,84.54,2365.771,0.6494820935882829,1276.779,3506.34,True,True,True
2026-01-24 04:30:00,979.452,0.0,0.006,41.412,0.0,108.372,0.0,0.0,2389.932,3594.661,84.54,2389.932,0.66485601841175,1204.7290000000003,3519.174,True,True,True
2026-01-24 05:00:00,993.74,0.0,0.006,41.202,0.0,108.359,0.0,0.0,2376.363,3585.703,88.6,2376.363,0.6627328030235633,1209.3400000000001,3519.67,True,True,True
2026-01-24 05:30:00,900.224,0.0,0.006,41.202,0.0,108.433,0.0,0.0,2472.202,3609.398,88.6,2472.202,0.6849347176454357,1137.196,3522.067,True,True,True
2026-01-24 06:00:00,835.451,0.0,0.006,41.202,0.0,108.879,0.0,0.0,2558.649,3631.566,93.795,2558.649,0.7045580336416851,1072.917,3544.187,True,True,True
2026-01-24 06:30:00,909.992,0.0,0.006,41.339,0.0,107.48,0.0,0.0,2546.315,3729.59,93.795,2546.315,0.682733222686676,1183.275,3605.132,True,True,True
2026-01-24 07:00:00,836.585,0.0,0.006,41.27,0.0,108.798,0.0,0.0,2552.381,3800.48,102.445,2552.381,0.6715943775523091,1248.0990000000002,3539.04,True,True,True
2026-01-24 07:30:00,966.436,0.0,0.006,41.48,0.0,113.508,0.0,0.0,2546.604,3916.885,102.445,2546.604,0.650160522966592,1370.2810000000004,3668.0339999999997,True,True,True
2026-01-24 08:00:00,1076.576,0.0,0.006,41.339,0.0,118.703,0.0,0.0,2395.859,3990.331,112.655,2395.859,0.6004161058318219,1594.4720000000002,3632.483,True,True,True
2026-01-24 08:30:00,963.87,0.0,0.006,41.27,0.0,121.031,0.0,0.0,2444.042,4141.017,112.655,2444.042,0.5902033244490423,1696.975,3570.219,True,True,True
2026-01-24 09:00:00,900.195,0.0,0.006,41.339,0.0,123.678,0.0,0.0,2367.955,4279.954,110.92,2367.955,0.5532664603404617,1911.9989999999998,3433.173,True,True,True
2026-01-24 09:30:00,951.169,0.0,0.006,41.202,0.0,123.46,0.0,0.0,2361.629,4474.489,110.92,2361.629,0.527798593314231,2112.8599999999997,3477.466,True,True,True
2026-01-24 10:00:00,1083.023,0.0,0.006,41.061,0.0,123.572,0.0,0.0,2233.285,4601.419,110.995,2233.285,0.48534702012574815,2368.134,3480.9469999999997,True,True,True
2026-01-24 10:30:00,1202.213,0.0,0.006,41.202,0.0,122.839,0.0,0.0,2148.716,4664.706,110.995,2148.716,0.4606326743850523,2515.9900000000002,3514.9759999999997,True,True,True
2026-01-24 11:00:00,1268.023,0.0,0.006,41.48,0.0,122.47,0.0,0.0,1996.747,4694.876,110.0,1996.747,0.42530345849389845,2698.129,3428.726,True,True,True
2026-01-24 11:30:00,1218.667,0.0,0.006,41.27,0.0,122.614,0.0,0.0,1927.272,4714.76,110.0,1927.272,0.40877414757060804,2787.4880000000003,3309.8289999999997,True,True,True
2026-01-24 12:00:00,1204.311,0.0,0.006,41.27,0.0,121.801,0.0,0.0,1824.623,4735.958,106.82,1824.623,0.3852700974121815,2911.3349999999996,3192.011,True,True,True
2026-01-24 12:30:00,1174.908,0.0,0.006,41.339,0.0,121.333,0.0,0.0,1818.587,4783.409,106.82,1818.587,0.3801863900828886,2964.8219999999997,3156.173,True,True,True
2026-01-24 13:00:00,1171.708,0.0,0.006,41.339,0.0,121.983,0.0,0.0,1725.047,4780.678,108.91,1725.047,0.36083731219714027,3055.631,3060.083,True,True,True
2026-01-24 13:30:00,1176.349,0.0,0.006,41.27,0.0,134.95,0.0,0.0,1666.111,4755.6,108.91,1666.111,0.3503471696526201,3089.4890000000005,3018.686,True,True,True
2026-01-24 14:00:00,1166.658,0.0,0.006,41.27,0.0,145.745,0.0,0.0,1643.291,4721.676,113.215,1643.291,0.3480312922784197,3078.385,2996.9700000000003,True,True,True
2026-01-24 14:30:00,1226.958,0.0,0.006,41.202,0.0,145.842,0.0,0.0,1707.278,4693.582,113.215,1707.278,0.3637473469090345,2986.304,3121.286,True,True,True
2026-01-24 15:00:00,1256.924,0.0,0.006,41.27,0.0,145.266,0.0,0.0,1742.169,4694.86,118.275,1742.169,0.37108007480521255,2952.691,3185.635,True,True,True
2026-01-24 15:30:00,1294.049,0.0,0.006,41.13,0.0,146.068,0.0,0.0,1751.377,4725.688,118.275,1751.377,0.3706078353035579,2974.311,3232.63,True,True,True
2026-01-24 16:00:00,1292.637,0.0,0.006,40.988,80.566,145.002,0.0,0.0,1750.96,4770.339,133.22,1750.96,0.3670514820854451,3019.379,3310.1589999999997,True,True,True
2026-01-24 16:30:00,1223.274,0.0,0.006,41.13,291.362,144.761,0.0,0.0,1695.08,4857.941,133.22,1695.08,0.3489297214601824,3162.861,3395.613,True,True,True
2026-01-24 17:00:00,1140.974,0.0,0.006,41.27,282.359,144.46,0.0,0.0,1666.677,5011.384,136.79,1666.677,0.33257818598614675,3344.7070000000003,3275.746,True,True,True
2026-01-24 17:30:00,1207.443,0.0,0.006,41.339,292.903,146.14,0.0,0.0,1702.649,5135.906,136.79,1702.649,0.3315187232788139,3433.257,3390.48,True,True,True
2026-01-24 18:00:00,1291.669,0.0,0.006,41.202,285.723,144.394,0.0,0.0,1566.228,5143.861,130.47,1566.228,0.30448489957251956,3577.633,3329.222,True,True,True
2026-01-24 18:30:00,1285.337,0.0,0.006,41.339,264.994,145.053,0.0,0.0,1582.611,5092.258,130.47,1582.611,0.31078767022409315,3509.647,3319.34,True,True,True
2026-01-24 19:00:00,1264.841,0.0,0.006,41.202,264.483,145.408,0.0,0.0,1489.87,4958.899,120.435,1489.87,0.3004437073632675,3469.0290000000005,3205.81,True,True,True
2026-01-24 19:30:00,1298.382,0.0,0.006,41.13,124.359,144.986,0.0,0.0,1445.964,4858.078,120.435,1445.964,0.29764116590964573,3412.1140000000005,3054.827,True,True,True
2026-01-24 20:00:00,1460.414,0.0,0.006,41.27,45.482,145.39,0.0,0.0,1358.748,4749.43,114.0,1358.748,0.28608654091122515,3390.6820000000002,3051.3100000000004,True,True,True
2026-01-24 20:30:00,1495.31,0.0,0.006,53.204,106.274,145.906,0.0,0.0,1227.282,4612.664,114.0,1227.282,0.2660679381806262,3385.3819999999996,3027.982,True,True,True
2026-01-24 21:00:00,1497.431,0.0,0.006,51.392,91.183,145.296,0.0,0.0,1209.02,4524.704,113.495,1209.02,0.2672042193257283,3315.6839999999997,2994.328,True,True,True
2026-01-24 21:30:00,1502.75,0.0,0.006,41.412,90.97,145.341,0.0,0.0,1201.57,4403.566,113.495,1201.57,0.27286294789268517,3201.996,2982.049,True,True,True
2026-01-24 22:00:00,1370.146,0.0,0.006,41.339,0.0,144.353,0.0,0.0,1187.332,4303.289,105.345,1187.332,0.27591267981304535,3115.9569999999994,2743.1760000000004,True,True,True
2026-01-24 22:30:00,1318.457,0.0,0.006,41.339,0.0,134.753,0.0,0.0,1131.219,4152.559,105.345,1131.219,0.27241491331008183,3021.34,2625.7740000000003,True,True,True
2026-01-24 23:00:00,1283.69,0.0,0.006,41.202,0.0,120.382,0.0,0.0,1185.861,4050.774,102.675,1185.861,0.2927492375531195,2864.9129999999996,2631.1410000000005,True,True,True
2026-01-24 23:30:00,1266.371,0.0,0.006,40.92,0.0,106.971,0.0,0.0,1216.858,4118.17,102.675,1216.858,0.29548513053127967,2901.312,2631.126,True,True,True
2026-01-25 00:00:00,1306.001,0.0,0.006,41.339,0.0,108.041,0.0,0.0,1223.364,4027.711,102.79,1223.364,0.30373678747060057,2804.3469999999998,2678.751,True,True,True
2026-01-25 00:30:00,1317.247,0.0,0.006,41.339,0.0,108.085,0.0,0.0,1175.852,3946.308,102.79,1175.852,0.29796255132645505,2770.456,2642.5290000000005,True,True,True
2026-01-25 01:00:00,1310.324,0.0,0.006,41.202,0.0,107.481,0.0,0.0,1126.667,3852.532,101.6,1126.667,0.29244844689155075,2725.8650000000002,2585.6800000000003,True,True,True
2026-01-25 01:30:00,1124.028,0.0,0.006,41.202,0.0,108.425,0.0,0.0,1096.682,3776.877,101.6,1096.682,0.2903674120179185,2680.1949999999997,2370.343,True,True,True
2026-01-25 02:00:00,980.389,0.0,0.006,41.339,0.0,107.524,0.0,0.0,1119.44,3709.377,102.33,1119.44,0.3017865264167002,2589.937,2248.6980000000003,True,True,True
2026-01-25 02:30:00,985.953,0.0,0.006,41.27,0.0,107.288,0.0,0.0,1133.048,3772.016,102.33,1133.048,0.3003826070727165,2638.968,2267.565,True,True,True
2026-01-25 03:00:00,1002.997,0.0,0.006,41.48,0.0,108.22,0.0,0.0,1081.356,3707.533,103.795,1081.356,0.29166456508950833,2626.1769999999997,2234.059,True,True,True
2026-01-25 03:30:00,934.606,0.0,0.006,41.339,0.0,107.666,0.0,0.0,1085.387,3656.742,103.795,1085.387,0.29681804185255617,2571.3550000000005,2169.004,True,True,True
2026-01-25 04:00:00,941.913,0.0,0.006,41.27,0.0,108.091,0.0,0.0,1099.851,3618.151,104.0,1099.851,0.30398150878722313,2518.2999999999997,2191.1310000000003,True,True,True
2026-01-25 04:30:00,943.706,0.0,0.006,41.48,0.0,108.269,0.0,0.0,1010.235,3540.735,104.0,1010.235,0.285317878914971,2530.5,2103.696,True,True,True
2026-01-25 05:00:00,1031.481,0.0,0.006,41.339,0.0,107.757,0.0,0.0,922.981,3516.781,99.995,922.981,0.2624505193812182,2593.8,2103.5640000000003,True,True,True
2026-01-25 05:30:00,1116.101,0.0,0.006,41.27,0.0,107.944,0.0,0.0,874.459,3517.22,99.995,874.459,0.2486222073114562,2642.761,2139.78,True,True,True
2026-01-25 06:00:00,1020.565,0.0,59.372,41.27,0.0,107.258,0.0,0.0,835.552,3536.015,99.005,835.552,0.23629764014010124,2700.4629999999997,2064.0170000000003,True,True,True
2026-01-25 06:30:00,1140.932,0.0,105.659,55.724,0.0,108.13,0.0,0.0,773.942,3583.823,99.005,773.942,0.21595430354679906,2809.881,2184.387,True,True,True
2026-01-25 07:00:00,1212.938,0.0,195.239,65.359,0.0,108.976,0.0,0.0,781.906,3654.781,100.51,781.906,0.2139405890530787,2872.875,2364.418,True,True,True
2026-01-25 07:30:00,1330.666,0.0,214.697,77.506,0.0,111.932,0.0,0.0,767.989,3745.742,100.51,767.989,0.2050298712511433,2977.753,2502.79,True,True,True
2026-01-25 08:00:00,1359.909,0.0,335.127,55.515,0.0,121.314,0.0,0.0,782.577,3822.38,110.8,782.577,0.20473553126586053,3039.803,2654.442,True,True,True
2026-01-25 08:30:00,1421.324,0.0,325.745,55.374,0.0,122.258,0.0,0.0,747.216,3918.569,110.8,747.216,0.1906859366263552,3171.353,2671.9170000000004,True,True,True
2026-01-25 09:00:00,1535.627,0.0,344.197,55.306,0.0,122.335,0.0,0.0,746.39,4048.857,116.64,746.39,0.18434585365697034,3302.467,2803.8549999999996,True,True,True
2026-01-25 09:30:00,1502.706,0.0,378.733,70.384,0.0,122.268,0.0,0.0,703.653,4229.552,116.64,703.653,0.16636584678471858,3525.8989999999994,2777.7439999999997,True,True,True
2026-01-25 10:00:00,1478.726,0.0,376.723,68.781,0.0,121.246,0.0,0.0,703.991,4312.911,115.635,703.991,0.1632287334470848,3608.92,2749.467,True,True,True
2026-01-25 10:30:00,1583.528,0.0,379.404,99.714,0.0,121.854,0.0,0.0,697.989,4406.688,115.635,697.989,0.15839310611506874,3708.699,2882.489,True,True,True
2026-01-25 11:00:00,1624.972,0.0,383.447,100.552,0.0,122.234,0.0,0.0,698.555,4455.764,115.67,698.555,0.15677558326697733,3757.2090000000003,2929.7599999999998,True,True,True
2026-01-25 11:30:00,1763.375,0.0,444.835,100.693,6.587,122.311,0.0,0.0,685.971,4471.04,115.67,685.971,0.15342537754079588,3785.069,3123.7720000000004,True,True,True
2026-01-25 12:00:00,1723.519,0.0,438.133,99.15,5.488,121.48,0.0,0.0,700.214,4477.035,117.385,700.214,0.15640127897146217,3776.821,3087.984,True,True,True
2026-01-25 12:30:00,1682.609,0.0,445.505,99.15,5.488,122.357,0.0,0.0,659.808,4525.686,117.385,659.808,0.1457918202897859,3865.8779999999997,3014.917,True,True,True
2026-01-25 13:00:00,1601.886,0.0,438.804,98.104,5.564,121.029,0.0,0.0,685.271,4521.374,118.7,685.271,0.15156255598408802,3836.103,2950.6579999999994,True,True,True
2026-01-25 13:30:00,1572.425,0.0,416.308,88.96,0.0,121.526,0.0,0.0,651.473,4500.639,118.7,651.473,0.144751223104097,3849.166,2850.6919999999996,True,True,True
2026-01-25 14:00:00,1544.148,0.0,412.957,88.537,0.0,121.331,0.0,0.0,653.589,4475.326,118.94,653.589,0.14604276872790944,3821.737,2820.562,True,True,True
2026-01-25 14:30:00,1590.597,0.0,430.404,77.642,0.0,122.69,0.0,0.0,590.59,4456.641,118.94,590.59,0.13251908780626487,3866.0509999999995,2811.9230000000002,True,True,True
2026-01-25 15:00:00,1615.315,0.0,431.074,86.376,0.0,121.716,0.0,0.0,570.961,4492.827,126.79,570.961,0.12708279219297783,3921.866,2825.442,True,True,True
2026-01-25 15:30:00,1572.92,0.0,416.308,90.849,0.0,121.814,0.0,0.0,535.154,4504.366,126.79,535.154,0.11880784110349825,3969.212,2737.045,True,True,True
2026-01-25 16:00:00,1538.559,0.0,369.016,88.96,50.022,121.941,0.0,0.0,546.044,4597.982,156.1,546.044,0.11875731570936988,4051.938,2714.542,True,True,True
2026-01-25 16:30:00,1553.852,0.0,348.888,82.534,198.998,121.401,0.0,0.0,513.745,4716.492,156.1,513.745,0.10892523511118009,4202.747,2819.418,True,True,True
2026-01-25 17:00:00,1528.545,0.0,339.483,66.337,210.87,123.154,0.0,0.0,495.661,4851.481,169.7,495.661,0.10216694654683797,4355.82,2764.05,True,True,True
2026-01-25 17:30:00,1667.837,0.0,384.117,88.26,259.646,140.468,0.0,0.0,520.395,5082.228,169.7,520.395,0.1023950519339156,4561.8330000000005,3060.723,True,True,True
2026-01-25 18:00:00,1697.072,0.0,385.122,96.642,233.423,145.114,0.0,0.0,523.772,5099.469,177.785,523.772,0.10271108619348407,4575.697,3081.1449999999995,True,True,True
2026-01-25 18:30:00,1684.213,0.0,380.074,95.66,229.028,144.281,0.0,0.0,532.101,5053.626,177.785,532.101,0.10529093367811547,4521.525000000001,3065.3570000000004,True,True,True
2026-01-25 19:00:00,1617.109,0.0,346.878,110.186,293.345,145.242,0.0,0.0,568.504,5017.901,157.055,568.504,0.1132951805944358,4449.397,3081.2639999999997,True,True,True
2026-01-25 19:30:00,1561.424,0.0,331.776,107.674,286.746,143.797,0.0,0.0,607.035,4939.326,157.055,607.035,0.12289834685947029,4332.291,3038.4519999999998,True,True,True
2026-01-25 20:00:00,1616.005,0.0,348.218,110.537,80.052,145.226,0.0,0.0,656.109,4829.699,134.17,656.109,0.13584883861292393,4173.589999999999,2956.1470000000004,True,True,True
2026-01-25 20:30:00,1624.824,0.0,374.377,108.443,5.488,144.215,0.0,0.0,784.094,4729.305,134.17,784.094,0.16579476265540075,3945.2110000000002,3041.4410000000003,True,True,True
2026-01-25 21:00:00,1614.408,0.0,370.021,97.202,5.778,144.274,0.0,0.0,887.906,4602.507,122.52,887.906,0.19291790322100544,3714.6009999999997,3119.589,True,True,True
2026-01-25 21:30:00,1690.502,0.0,435.43,100.97,61.23,144.614,0.0,0.0,1001.932,4433.465,122.52,1001.932,0.22599298742631327,3431.5330000000004,3434.678,True,True,True
2026-01-25 22:00:00,1679.213,0.0,429.734,100.552,5.412,145.058,0.0,0.0,1110.28,4273.538,108.955,1110.28,0.2598034696310177,3163.258,3470.249,True,True,True
2026-01-25 22:30:00,1647.719,0.0,428.393,99.992,0.0,144.301,0.0,0.0,1154.273,4094.965,108.955,1154.273,0.2818761576716773,2940.692,3474.678,True,True,True
2026-01-25 23:00:00,1582.469,0.0,375.718,97.621,0.0,143.392,0.0,0.0,1284.451,3939.14,107.65,1284.451,0.326073965383307,2654.689,3483.651,True,True,True
2026-01-25 23:30:00,1425.717,0.0,337.473,96.151,0.0,129.308,0.0,0.0,1360.657,3987.84,107.65,1360.657,0.3412015025678061,2627.183,3349.306,True,True,True
2026-01-26 00:00:00,1372.655,0.0,207.637,96.501,0.0,129.063,0.0,0.0,1406.002,3861.801,105.76,1406.002,0.3640793505413666,2455.799,3211.858,True,True,True
2026-01-26 00:30:00,1227.483,0.0,164.366,97.903,0.0,130.618,0.0,0.0,1708.814,3801.44,105.76,1708.814,0.4495175512437392,2092.626,3329.184,True,True,True
2026-01-26 01:00:00,1224.472,0.0,167.717,99.783,0.0,130.775,0.0,0.0,1907.657,3713.508,102.98,1907.657,0.5137075239907926,1805.8509999999999,3530.404,True,True,True
2026-01-26 01:30:00,1175.652,0.0,164.701,100.274,0.0,129.775,0.0,0.0,2055.537,3657.214,102.98,2055.537,0.5620499648092783,1601.6770000000001,3625.939,True,True,True
2026-01-26 02:00:00,1059.976,0.0,164.366,99.992,0.0,131.472,0.0,0.0,2258.276,3633.092,102.465,2258.276,0.6215851401505934,1374.8160000000003,3714.082,True,True,True
2026-01-26 02:30:00,1072.378,0.0,170.733,73.874,0.0,130.972,0.0,0.0,2273.143,3676.258,102.465,2273.143,0.618330650351526,1403.1149999999998,3721.1,True,True,True
2026-01-26 03:00:00,932.031,0.0,164.366,41.27,0.0,128.886,0.0,0.0,2435.795,3598.565,100.93,2435.795,0.6768795339253286,1162.77,3702.348,True,True,True
2026-01-26 03:30:00,747.275,0.0,174.441,41.48,0.0,130.494,0.0,0.0,2631.538,3605.61,100.93,2631.538,0.7298454353077565,974.0720000000001,3725.228,True,True,True
2026-01-26 04:00:00,733.512,0.0,171.068,41.202,0.0,130.535,0.0,0.0,2605.358,3514.197,99.185,2605.358,0.7413807478635944,908.8389999999999,3681.675,True,True,True
2026-01-26 04:30:00,679.607,0.0,164.366,41.13,0.0,130.43,0.0,0.0,2742.134,3511.654,99.185,2742.134,0.7808667938242208,769.52,3757.667,True,True,True
2026-01-26 05:00:00,582.348,0.0,163.361,41.27,0.0,130.513,0.0,0.0,2812.734,3515.426,99.825,2812.734,0.8001118498867562,702.692,3730.2259999999997,True,True,True
2026-01-26 05:30:00,607.205,0.0,167.382,41.202,0.0,131.152,0.0,0.0,2853.803,3574.508,99.825,2853.803,0.79837644789157,720.7049999999999,3800.7439999999997,True,True,True
2026-01-26 06:00:00,642.534,0.0,177.122,41.339,0.0,131.312,0.0,0.0,2935.563,3708.088,106.92,2935.563,0.7916648687949153,772.5250000000001,3927.87,True,True,True
2026-01-26 06:30:00,815.414,0.0,176.117,41.202,0.0,130.731,0.0,0.0,3118.573,3984.398,106.92,3118.573,0.7826961563578738,865.8250000000003,4282.037,True,True,True
2026-01-26 07:00:00,799.423,0.0,171.426,41.202,0.0,130.394,0.0,0.0,3288.114,4300.808,129.175,3288.114,0.7645340131435767,1012.694,4430.559,True,True,True
2026-01-26 07:30:00,967.067,0.0,245.882,41.27,0.0,130.004,0.0,0.0,3394.337,4615.8,129.175,3394.337,0.7353734997183586,1221.4630000000002,4778.5599999999995,True,True,True
2026-01-26 08:00:00,1119.661,0.0,238.51,41.202,0.0,137.021,0.0,0.0,3444.8,4799.382,127.555,3444.8,0.7177590781479783,1354.5819999999994,4981.194,True,True,True
2026-01-26 08:30:00,1189.31,0.0,253.612,41.339,0.0,143.083,0.0,0.0,3439.96,4885.885,127.555,3439.96,0.7040607791628333,1445.9250000000002,5067.304,True,True,True
2026-01-26 09:00:00,1292.048,0.0,260.983,41.339,0.0,144.344,0.0,0.0,3292.2,4949.685,129.305,3292.2,0.665133235751366,1657.4850000000006,5030.914,True,True,True
2026-01-26 09:30:00,1413.431,0.0,250.596,41.48,0.0,145.066,0.0,0.0,3203.299,5048.006,129.305,3203.299,0.6345671934621313,1844.7070000000003,5053.872,True,True,True
2026-01-26 10:00:00,1597.78,0.0,257.632,41.27,0.0,146.936,0.0,0.0,2912.825,5052.443,120.945,2912.825,0.5765181319215278,2139.6180000000004,4956.442999999999,True,True,True
2026-01-26 10:30:00,1743.772,0.0,315.67,41.27,0.0,144.522,0.0,0.0,2650.75,5086.683,120.945,2650.75,0.521115626824003,2435.933,4895.984,True,True,True
2026-01-26 11:00:00,1765.343,0.0,460.272,41.202,9.44,144.767,0.0,0.0,2436.245,5124.629,113.035,2436.245,0.4753992923195025,2688.384,4857.269,True,True,True
2026-01-26 11:30:00,1770.931,0.0,437.798,41.27,5.564,145.095,0.0,0.0,2322.584,5099.677,113.035,2322.584,0.4554374718241959,2777.093,4723.242,True,True,True
2026-01-26 12:00:00,1778.797,0.0,441.484,40.988,5.122,146.044,0.0,0.0,2321.755,5123.43,113.255,2321.755,0.45316418883443316,2801.675,4734.1900000000005,True,True,True
2026-01-26 12:30:00,1791.949,0.0,447.181,41.27,55.515,145.205,0.0,0.0,2116.403,5181.111,113.255,2116.403,0.40848439649333895,3064.708,4597.522999999999,True,True,True
2026-01-26 13:00:00,1777.599,0.0,439.139,41.548,50.098,145.59,0.0,0.0,1889.488,,111.29,1889.488,,,4343.462,True,False,True
2026-01-26 13:30:00,1783.652,0.0,441.149,41.202,12.958,145.183,0.0,0.0,1695.059,,111.29,1695.059,,,4119.203,True,False,True
2026-01-26 14:00:00,,,,,,,,,,5146.68,116.47,,,,,False,True,True
2026-01-26 14:30:00,,,,,,,,,,5160.007,116.47,,,,,False,True,True
2026-01-26 15:00:00,,,,,,,,,,,123.665,,,,,False,False,True
2026-01-26 15:30:00,,,,,,,,,,,123.665,,,,,False,False,True
2026-01-26 16:00:00,1601.466,0.0,436.436,60.189,15.005,143.763,0.0,0.0,996.833,5204.019,138.825,996.833,0.19155060732868193,4207.186000000001,3253.692,True,True,True
2026-01-26 16:30:00,1628.771,0.0,431.074,71.922,59.981,144.557,0.0,0.0,1019.003,5351.486,138.825,1019.003,0.19041496137708294,4332.483,3355.308,True,True,True
2026-01-26 17:00:00,1635.639,0.0,377.058,92.451,149.414,145.472,0.0,0.0,961.543,5434.718,171.905,961.543,0.17692601529646984,4473.175,3361.577,True,True,True
2026-01-26 17:30:00,1776.113,0.0,343.862,108.576,181.939,145.603,0.0,0.0,887.415,5614.96,171.905,887.415,0.15804475900095458,4727.545,3443.508,True,True,True
2026-01-26 18:00:00,1635.451,0.0,332.111,105.294,231.302,144.742,0.0,0.0,873.153,5638.706,178.01,873.153,0.1548498893185777,4765.553,3322.053,True,True,True
2026-01-26 18:30:00,1572.639,0.0,340.824,107.324,235.552,144.527,0.0,0.0,892.993,5543.654,178.01,892.993,0.16108382666017756,4650.661,3293.859,True,True,True
2026-01-26 19:00:00,1585.459,0.0,254.282,108.648,236.795,145.346,0.0,0.0,998.863,5452.918,169.005,998.863,0.1831795380014884,4454.054999999999,3329.393,True,True,True
2026-01-26 19:30:00,1558.325,0.0,178.127,109.768,234.666,144.939,0.0,0.0,976.62,5367.17,169.005,976.62,0.1819618160035922,4390.55,3202.4449999999997,True,True,True
2026-01-26 20:00:00,1507.61,0.0,167.717,108.648,215.547,144.041,0.0,0.0,1029.293,5230.056,158.375,1029.293,0.19680343766873623,4200.763,3172.8559999999998,True,True,True
2026-01-26 20:30:00,1475.857,0.0,173.101,109.486,83.122,144.993,0.0,0.0,1195.828,5115.111,158.375,1195.828,0.23378339199286194,3919.283,3182.3869999999997,True,True,True
2026-01-26 21:00:00,1415.632,0.0,164.031,108.443,72.425,145.173,0.0,0.0,1246.307,5007.858,140.485,1246.307,0.24887027547506338,3761.5510000000004,3152.011,True,True,True
2026-01-26 21:30:00,1422.952,0.0,168.387,109.904,0.0,145.45,0.0,0.0,1543.893,4798.784,140.485,1543.893,0.32172587888931864,3254.8909999999996,3390.5860000000002,True,True,True
2026-01-26 22:00:00,1334.867,0.0,172.431,92.028,0.0,144.086,0.0,0.0,1768.143,4585.198,112.28,1768.143,0.3856197704003186,2817.0550000000003,3511.5550000000003,True,True,True
2026-01-26 22:30:00,1197.686,0.0,164.366,70.384,0.0,143.968,0.0,0.0,2073.727,4392.013,112.28,2073.727,0.47215866619702623,2318.286,3650.131,True,True,True
2026-01-26 23:00:00,942.973,0.0,163.696,41.412,0.0,142.31,0.0,0.0,2375.313,4202.614,102.85,2375.313,0.5651989452278987,1827.3009999999995,3665.7039999999997,True,True,True
2026-01-26 23:30:00,664.683,0.0,164.366,41.27,0.0,144.033,0.0,0.0,2597.089,4208.484,102.85,2597.089,0.6171079657187718,1611.3950000000004,3611.441,True,True,True
2026-01-27 00:00:00,677.15,0.0,179.132,41.339,0.0,145.088,0.0,0.0,2693.734,4063.7,97.14,2693.734,0.662877180894259,1369.966,3736.443,True,True,True
2026-01-27 00:30:00,692.043,0.0,189.52,41.061,0.0,145.062,0.0,0.0,2663.631,3985.541,97.14,2663.631,0.6683235726341793,1321.9100000000003,3731.317,True,True,True
2026-01-27 01:00:00,656.95,0.0,178.798,41.339,0.0,144.21,0.0,0.0,2814.229,3896.105,88.42,2814.229,0.7223185720097379,1081.8760000000002,3835.526,True,True,True
2026-01-27 01:30:00,638.101,0.0,173.101,41.202,0.0,143.71,0.0,0.0,2888.518,3847.918,88.42,2888.518,0.7506703625181201,959.4000000000001,3884.632,True,True,True
2026-01-27 02:00:00,619.368,0.0,176.117,41.27,0.0,144.818,0.0,0.0,2849.84,3811.581,75.815,2849.84,0.7476792438623238,961.741,3831.4130000000005,True,True,True
2026-01-27 02:30:00,527.155,0.0,179.132,41.339,0.0,144.128,0.0,0.0,3027.39,3901.261,75.815,3027.39,0.7760029385370525,873.8710000000001,3919.144,True,True,True
2026-01-27 03:00:00,488.99,0.0,171.761,41.27,0.0,144.132,0.0,0.0,2945.84,3830.114,65.935,2945.84,0.7691259320218667,884.2739999999999,3791.9930000000004,True,True,True
2026-01-27 03:30:00,490.064,0.0,171.761,41.412,0.0,143.96,0.0,0.0,2930.825,3828.089,65.935,2930.825,0.7656104651694356,897.2640000000001,3778.022,True,True,True
2026-01-27 04:00:00,604.128,0.0,184.829,41.339,0.0,145.239,0.0,0.0,2791.604,3754.513,64.475,2791.604,0.7435329162530533,962.9090000000001,3767.139,True,True,True
2026-01-27 04:30:00,629.685,0.0,344.867,41.339,0.0,145.935,0.0,0.0,2598.681,3707.267,64.475,2598.681,0.7009694742784914,1108.5859999999998,3760.507,True,True,True
2026-01-27 05:00:00,641.294,0.0,440.814,41.339,0.0,145.836,0.0,0.0,2517.352,3714.559,78.625,2517.352,0.6776987523956409,1197.2070000000003,3786.635,True,True,True
2026-01-27 05:30:00,623.013,0.0,427.388,41.339,0.0,144.996,0.0,0.0,2566.367,3770.05,78.625,2566.367,0.6807249240726251,1203.683,3803.103,True,True,True
2026-01-27 06:00:00,601.013,0.0,284.797,41.339,0.0,144.859,0.0,0.0,2659.329,3885.835,104.86,2659.329,0.6843648791057778,1226.5059999999999,3731.3370000000004,True,True,True
2026-01-27 06:30:00,582.5,0.0,257.968,41.202,0.0,144.506,0.0,0.0,2854.868,4098.292,104.86,2854.868,0.6965994614341778,1243.4240000000004,3881.044,True,True,True
2026-01-27 07:00:00,736.655,0.0,270.388,41.339,0.0,144.907,0.0,0.0,2967.744,4369.084,110.945,2967.744,0.6792600004943828,1401.3399999999997,4161.033,True,True,True
2026-01-27 07:30:00,842.048,0.0,243.201,41.27,0.0,143.928,0.0,0.0,3059.087,4725.292,110.945,3059.087,0.6473858123476813,1666.2050000000004,4329.534,True,True,True
2026-01-27 08:00:00,763.017,0.0,164.701,41.339,0.0,145.288,0.0,0.0,3268.057,4917.043,127.165,3268.057,0.6646386862998758,1648.9859999999999,4382.402,True,True,True
2026-01-27 08:30:00,699.41,0.0,164.701,41.339,0.0,145.104,0.0,0.0,3260.553,4954.4,127.165,3260.553,0.6581125867915388,1693.8469999999998,4311.107,True,True,True
2026-01-27 09:00:00,717.776,0.0,169.393,41.548,0.0,145.464,0.0,0.0,3212.836,4997.239,131.03,3212.836,0.6429222216507956,1784.4029999999998,4287.017,True,True,True
2026-01-27 09:30:00,745.566,0.0,178.462,41.339,39.844,146.568,0.0,0.0,3030.2,5025.018,131.03,3030.2,0.6030227155405214,1994.8180000000002,4181.978999999999,True,True,True
2026-01-27 10:00:00,785.938,0.0,177.122,41.339,73.238,146.776,0.0,0.0,2798.602,4965.444,125.955,2798.602,0.5636156605532153,2166.8420000000006,4023.015,True,True,True
2026-01-27 10:30:00,731.084,0.0,165.036,41.339,72.659,145.088,0.0,0.0,2730.241,4949.162,125.955,2730.241,0.5516572300522795,2218.9210000000003,3885.447,True,True,True
2026-01-27 11:00:00,862.248,0.0,165.707,41.48,117.482,147.637,0.0,0.0,2482.185,4950.652,118.84,2482.185,0.50138547407493,2468.467,3816.739,True,True,True
2026-01-27 11:30:00,1067.292,0.0,174.776,41.339,119.389,146.898,0.0,0.0,2125.263,4887.338,118.84,2125.263,0.4348508329074028,2762.075,3674.957,True,True,True
2026-01-27 12:00:00,1068.46,0.0,164.366,41.202,113.965,147.313,0.0,0.0,2037.909,4889.685,115.17,2037.909,0.416777154356569,2851.7760000000003,3573.215,True,True,True
2026-01-27 12:30:00,1185.342,0.0,275.75,41.339,78.732,148.196,0.0,0.0,1895.604,4924.026,115.17,1895.604,0.3849703474352085,3028.4219999999996,3624.9629999999997,True,True,True
2026-01-27 13:00:00,1189.693,0.0,335.797,41.27,51.266,147.279,0.0,0.0,1896.71,4967.039,115.165,1896.71,0.38185929283019526,3070.3289999999997,3662.0150000000003,True,True,True
2026-01-27 13:30:00,1085.292,0.0,308.968,41.339,9.883,145.524,0.0,0.0,2277.206,4930.305,115.165,2277.206,0.4618793360654158,2653.099,3868.212,True,True,True
2026-01-27 14:00:00,954.649,0.0,218.718,41.339,9.738,146.769,0.0,0.0,2673.443,5001.742,115.385,2673.443,0.5345023793710272,2328.299,4044.6560000000004,True,True,True
2026-01-27 14:30:00,828.41,0.0,172.431,41.412,12.446,147.198,0.0,0.0,2973.628,5066.048,115.385,2973.628,0.5869719355205478,2092.4199999999996,4175.525,True,True,True
2026-01-27 15:00:00,873.48,0.0,165.036,41.339,49.732,146.938,0.0,0.0,2946.822,5078.764,122.73,2946.822,0.5802242435364195,2131.942,4223.347,True,True,True
2026-01-27 15:30:00,834.999,0.0,164.031,41.339,9.738,144.121,0.0,0.0,3197.848,5166.945,122.73,3197.848,0.6189049815703477,1969.0969999999998,4392.076,True,True,True
2026-01-27 16:00:00,842.194,0.0,177.792,41.412,12.889,146.163,0.0,0.0,3349.111,5228.528,132.98,3349.111,0.6405456755706386,1879.4170000000004,4569.561,True,True,True
2026-01-27 16:30:00,906.797,0.0,164.031,41.202,234.376,145.389,0.0,0.0,3316.786,5359.46,132.98,3316.786,0.6188657066196968,2042.674,4808.581,True,True,True
2026-01-27 17:00:00,945.382,0.0,182.148,41.339,226.541,145.177,0.0,0.0,3235.547,5466.282,142.415,3235.547,0.5919100039112508,2230.735,4776.134,True,True,True
2026-01-27 17:30:00,989.703,0.0,201.271,41.339,238.695,145.459,0.0,0.0,3421.872,5619.885,142.415,3421.872,0.6088864807731831,2198.0130000000004,5038.339,True,True,True
2026-01-27 18:00:00,960.189,0.0,190.19,41.27,233.202,145.792,0.0,0.0,3434.96,5655.812,140.575,3434.96,0.6073327755590179,2220.852,5005.603,True,True,True
2026-01-27 18:30:00,986.052,0.0,200.6,41.27,208.818,145.29,0.0,0.0,3409.391,5572.564,140.575,3409.391,0.6118172891329736,2163.1730000000002,4991.421,True,True,True
2026-01-27 19:00:00,1001.339,0.0,189.855,41.202,204.782,145.128,0.0,0.0,3515.743,5482.211,132.84,3515.743,0.6413001980405351,1966.4680000000003,5098.049,True,True,True
2026-01-27 19:30:00,940.552,0.0,165.036,41.202,201.486,144.658,0.0,0.0,3486.219,5379.621,132.84,3486.219,0.6480417486659377,1893.402,4979.153,True,True,True
2026-01-27 20:00:00,940.013,0.0,164.366,41.202,139.229,145.056,0.0,0.0,3346.256,5209.537,124.255,3346.256,0.6423327063422334,1863.2810000000004,4776.122,True,True,True
2026-01-27 20:30:00,947.014,0.0,163.361,41.27,0.0,145.02,0.0,0.0,3231.661,5100.172,124.255,3231.661,0.6336376498674947,1868.5109999999995,4528.326,True,True,True
2026-01-27 21:00:00,842.827,0.0,164.366,41.202,0.0,145.444,0.0,0.0,3354.54,4980.842,117.03,3354.54,0.6734885386848248,1626.3019999999997,4548.379,True,True,True
2026-01-27 21:30:00,789.761,0.0,163.026,41.339,0.0,144.429,0.0,0.0,3258.486,4791.77,117.03,3258.486,0.6800171961509003,1533.2840000000006,4397.041,True,True,True
2026-01-27 22:00:00,803.509,0.0,167.047,41.202,0.0,145.19,0.0,0.0,3112.919,4586.728,108.085,3112.919,0.6786796600975684,1473.8090000000002,4269.867,True,True,True
2026-01-27 22:30:00,802.763,0.0,165.372,41.339,0.0,145.198,0.0,0.0,3045.175,4407.576,108.085,3045.175,0.690895630614197,1362.4009999999998,4199.847,True,True,True
2026-01-27 23:00:00,846.967,0.0,177.457,41.412,0.0,145.788,0.0,0.0,2762.312,4182.767,103.09,2762.312,0.6604030298603771,1420.455,3973.9359999999997,True,True,True
2026-01-27 23:30:00,1086.497,0.0,249.255,41.412,0.0,144.808,0.0,0.0,2590.372,4218.672,103.09,2590.372,0.6140254563521411,1628.2999999999997,4112.344,True,True,True
2026-01-28 00:00:00,1028.616,0.0,240.521,41.202,0.0,145.37,0.0,0.0,2692.998,4110.265,104.79,2692.998,0.6551884124259627,1417.2670000000003,4148.707,True,True,True
2026-01-28 00:30:00,935.435,0.0,174.106,41.412,0.0,145.536,0.0,0.0,2682.902,4046.83,104.79,2682.902,0.6629638507177222,1363.9279999999999,3979.391,True,True,True
2026-01-28 01:00:00,912.225,0.0,164.366,41.412,0.0,145.054,0.0,0.0,2570.022,3938.196,104.995,2570.022,0.6525886471876972,1368.174,3833.079,True,True,True
2026-01-28 01:30:00,896.88,0.0,164.366,41.339,0.0,144.572,0.0,0.0,2419.876,3845.684,104.995,2419.876,0.6292446285238205,1425.808,3667.0330000000004,True,True,True
2026-01-28 02:00:00,825.38,0.0,164.031,41.339,0.0,144.983,0.0,0.0,2413.625,3809.474,104.655,2413.625,0.6335848466218695,1395.8490000000002,3589.358,True,True,True
2026-01-28 02:30:00,761.162,0.0,164.366,41.13,0.0,145.357,0.0,0.0,2537.878,3931.349,104.655,2537.878,0.6455488942853967,1393.471,3649.893,True,True,True
2026-01-28 03:00:00,737.963,0.0,181.813,41.339,0.0,145.67,0.0,0.0,2493.84,3871.923,104.62,2493.84,0.6440830564037561,1378.0829999999996,3600.625,True,True,True
2026-01-28 03:30:00,848.385,0.0,169.393,41.412,0.0,145.654,0.0,0.0,2423.604,3836.97,104.62,2423.604,0.6316452826058061,1413.366,3628.448,True,True,True
2026-01-28 04:00:00,856.6,0.0,171.426,41.339,0.0,144.892,0.0,0.0,2402.325,3752.475,105.0,2402.325,0.6401974696700178,1350.15,3616.582,True,True,True
2026-01-28 04:30:00,833.646,0.0,164.366,41.061,0.0,143.6,0.0,0.0,2432.509,3701.754,105.0,2432.509,0.6571233528754207,1269.245,3615.182,True,True,True
2026-01-28 05:00:00,835.235,0.0,163.026,41.27,0.0,145.401,0.0,0.0,2454.939,3701.959,113.975,2454.939,0.6631459181476618,1247.02,3639.871,True,True,True
2026-01-28 05:30:00,807.87,0.0,170.733,41.339,0.0,145.265,0.0,0.0,2454.928,3780.711,113.975,2454.928,0.649329716024314,1325.783,3620.1349999999998,True,True,True
2026-01-28 06:00:00,1021.792,0.0,164.366,41.202,0.0,145.438,0.0,0.0,2383.458,3906.647,135.635,2383.458,0.6101032419873104,1523.1889999999999,3756.2560000000003,True,True,True
2026-01-28 06:30:00,1203.661,0.0,220.058,41.412,10.394,145.497,0.0,0.0,2522.753,4198.708,135.635,2522.753,0.6008403061132139,1675.9549999999995,4143.775000000001,True,True,True
2026-01-28 07:00:00,1339.599,0.0,243.201,41.48,154.541,144.876,0.0,0.0,2609.798,4446.06,151.425,2609.798,0.58699117870654,1836.2620000000006,4533.495,True,True,True
2026-01-28 07:30:00,1579.188,0.0,313.324,41.339,262.651,145.185,0.0,0.0,2647.195,4805.77,151.425,2647.195,0.5508368065887465,2158.5750000000003,4988.882,True,True,True
2026-01-28 08:00:00,1659.027,0.0,359.946,41.339,258.478,145.039,0.0,0.0,2643.199,4961.059,159.82,2643.199,0.5327892693878464,2317.86,5107.028,True,True,True
2026-01-28 08:30:00,1649.982,0.0,356.93,41.339,284.991,144.826,0.0,0.0,2588.791,4974.418,159.82,2588.791,0.5204208813975827,2385.6269999999995,5066.859,True,True,True
2026-01-28 09:00:00,1697.643,0.0,405.585,41.339,291.438,144.729,0.0,0.0,2353.288,4991.751,150.475,2353.288,0.47143537408015745,2638.463,4934.022,True,True,True
2026-01-28 09:30:00,1749.285,0.0,421.022,41.339,31.561,146.145,0.0,0.0,2197.151,5035.89,150.475,2197.151,0.4362984497278534,2838.7390000000005,4586.503000000001,True,True,True
2026-01-28 10:00:00,1726.943,0.0,403.91,41.339,15.593,146.436,0.0,0.0,2112.871,4978.135,135.4,2112.871,0.424430233410705,2865.264,4447.092000000001,True,True,True
2026-01-28 10:30:00,1710.322,0.0,400.894,60.54,5.854,146.445,0.0,0.0,2079.695,4914.503,135.4,2079.695,0.4231750392664325,2834.8079999999995,4403.75,True,True,True
2026-01-28 11:00:00,1719.403,0.0,402.569,66.888,5.488,146.888,0.0,0.0,2220.228,4873.779,123.87,2220.228,0.45554548123745453,2653.5510000000004,4561.464,True,True,True
2026-01-28 11:30:00,1660.44,0.0,385.458,58.096,0.0,146.017,0.0,0.0,2304.28,4820.747,123.87,2304.28,0.4779923111501184,2516.467,4554.291,True,True,True
2026-01-28 12:00:00,1563.923,0.0,295.877,41.202,0.0,146.528,0.0,0.0,2479.054,4765.547,118.78,2479.054,0.5202034519856797,2286.4929999999995,4526.584,True,True,True
2026-01-28 12:30:00,1522.921,0.0,258.638,41.202,0.0,146.509,0.0,0.0,2529.07,4750.287,118.78,2529.07,0.5324036210864733,2221.217,4498.34,True,True,True
2026-01-28 13:00:00,1543.683,0.0,187.845,41.202,0.0,147.07,0.0,0.0,2469.436,4729.354,118.925,2469.436,0.5221508053742646,2259.918,4389.236,True,True,True
2026-01-28 13:30:00,1499.194,0.0,164.366,41.202,0.0,146.982,0.0,0.0,2435.8,4688.961,118.925,2435.8,0.51947542323342,2253.161,4287.544,True,True,True
2026-01-28 14:00:00,1422.975,0.0,164.701,41.48,0.0,146.238,0.0,0.0,2615.284,4732.431,120.0,2615.284,0.5526301387172894,2117.1469999999995,4390.678,True,True,True
2026-01-28 14:30:00,1288.308,0.0,177.457,41.339,0.0,146.636,0.0,0.0,2670.991,4783.958,120.0,2670.991,0.5583224183824357,2112.9669999999996,4324.731,True,True,True
2026-01-28 15:00:00,1386.959,0.0,165.707,41.339,0.0,146.278,0.0,0.0,2721.313,4873.705,133.08,2721.313,0.5583663762989348,2152.392,4461.5960000000005,True,True,True
2026-01-28 15:30:00,1404.037,0.0,167.382,41.339,0.0,145.903,0.0,0.0,2706.03,4943.715,133.08,2706.03,0.5473677184060974,2237.685,4464.691000000001,True,True,True
2026-01-28 16:00:00,1497.097,0.0,192.894,41.339,4.466,146.683,0.0,0.0,2743.42,5057.712,147.64,2743.42,0.5424231352042188,2314.2920000000004,4625.898999999999,True,True,True
2026-01-28 16:30:00,1551.241,0.0,167.717,41.48,138.062,146.896,0.0,0.0,2721.53,5205.69,147.64,2721.53,0.5227990909946617,2484.1599999999994,4766.926,True,True,True
2026-01-28 17:00:00,1538.321,0.0,163.026,41.339,234.819,146.62,0.0,0.0,2698.06,5338.511,158.36,2698.06,0.5053956056286106,2640.4510000000005,4822.1849999999995,True,True,True
2026-01-28 17:30:00,1593.386,0.0,200.6,41.412,276.934,148.076,0.0,0.0,2702.075,5510.617,158.36,2702.075,0.49033982946011306,2808.5420000000004,4962.483,True,True,True
2026-01-28 18:00:00,1541.82,0.0,180.138,41.13,170.8,146.541,0.0,0.0,2852.369,5553.788,151.45,2852.369,0.5135898237383206,2701.4189999999994,4932.798000000001,True,True,True
2026-01-28 18:30:00,1610.548,0.0,203.281,41.339,139.45,146.439,0.0,0.0,2944.634,5518.88,151.45,2944.634,0.533556446235468,2574.246,5085.691000000001,True,True,True
2026-01-28 19:00:00,1626.111,0.0,289.176,41.339,47.68,146.209,0.0,0.0,3050.437,5456.863,132.32,3050.437,0.5590092696114966,2406.4260000000004,5200.952,True,True,True
2026-01-28 19:30:00,1619.554,0.0,175.782,41.339,9.296,146.141,0.0,0.0,2890.143,5368.832,132.32,2890.143,0.5383187628147053,2478.6890000000003,4882.255,True,True,True
2026-01-28 20:00:00,1596.203,0.0,307.628,41.27,0.0,146.829,0.0,0.0,2785.117,5265.73,121.67,2785.117,0.5289137498504481,2480.6129999999994,4877.0470000000005,True,True,True
2026-01-28 20:30:00,1717.246,0.0,422.362,41.27,0.0,146.198,0.0,0.0,2634.947,5150.056,121.67,2634.947,0.5116346307690636,2515.1089999999995,4962.023,True,True,True
2026-01-28 21:00:00,1704.584,0.0,416.643,41.202,0.0,147.091,0.0,0.0,2510.592,5021.256,117.57,2510.592,0.4999928304790674,2510.664,4820.112,True,True,True
2026-01-28 21:30:00,1611.197,0.0,408.601,41.27,0.0,146.524,0.0,0.0,2322.011,4785.796,117.57,2322.011,0.4851880439533987,2463.7850000000003,4529.602999999999,True,True,True
2026-01-28 22:00:00,1500.592,0.0,403.24,45.321,0.0,146.225,0.0,0.0,2335.993,4581.274,112.53,2335.993,0.509900302841524,2245.2810000000004,4431.371,True,True,True
2026-01-28 22:30:00,1322.966,0.0,188.515,41.339,0.0,146.009,0.0,0.0,2449.131,4405.108,112.53,2449.131,0.5559752451018226,1955.9770000000003,4147.96,True,True,True
2026-01-28 23:00:00,1114.651,0.0,170.733,41.27,0.0,145.93,0.0,0.0,2554.694,4222.486,109.135,2554.694,0.6050213073530617,1667.792,4027.2780000000002,True,True,True
2026-01-28 23:30:00,1274.656,0.0,164.031,41.412,0.0,146.316,0.0,0.0,2539.065,4255.331,109.135,2539.065,0.5966786132500621,1716.266,4165.48,True,True,True
2026-01-29 00:00:00,1301.473,0.0,163.361,41.339,0.0,145.477,0.0,0.0,2526.511,4099.746,107.11,2526.511,0.6162603732036082,1573.2350000000001,4178.161,True,True,True
2026-01-29 00:30:00,1271.492,0.0,164.701,41.27,0.0,145.732,0.0,0.0,2559.429,4021.737,107.11,2559.429,0.6363988992815791,1462.308,4182.624,True,True,True
2026-01-29 01:00:00,1166.728,0.0,164.701,41.339,0.0,145.543,0.0,0.0,2588.439,3943.332,106.195,2588.439,0.6564090976869307,1354.893,4106.75,True,True,True
2026-01-29 01:30:00,938.286,0.0,164.366,41.339,0.0,145.608,0.0,0.0,2738.2,3878.396,106.195,2738.2,0.7060135169281321,1140.1960000000004,4027.799,True,True,True
2026-01-29 02:00:00,777.709,0.0,164.366,41.412,0.0,144.446,0.0,0.0,2774.042,3809.999,104.7,2774.042,0.728095204224463,1035.9569999999999,3901.975,True,True,True
2026-01-29 02:30:00,667.15,0.0,172.766,41.48,0.0,145.945,0.0,0.0,2806.88,3872.216,104.7,2806.88,0.7248769180231682,1065.3359999999998,3834.221,True,True,True
2026-01-29 03:00:00,742.385,0.0,170.063,41.339,0.0,145.41,0.0,0.0,2727.229,3791.519,104.155,2727.229,0.719297199882158,1064.29,3826.426,True,True,True
2026-01-29 03:30:00,847.167,0.0,169.393,41.339,0.0,145.529,0.0,0.0,2595.631,3766.64,104.155,2595.631,0.6891104538793195,1171.009,3799.059,True,True,True
2026-01-29 04:00:00,1062.671,0.0,179.468,41.412,0.0,144.816,0.0,0.0,2476.667,3728.571,103.02,2476.667,0.6642402679203373,1251.904,3905.0339999999997,True,True,True
2026-01-29 04:30:00,1146.865,0.0,299.898,41.202,0.0,145.266,0.0,0.0,2317.657,3693.119,103.02,2317.657,0.6275608774047086,1375.462,3950.8880000000004,True,True,True
2026-01-29 05:00:00,1201.19,0.0,308.968,41.339,0.0,145.296,0.0,0.0,2226.026,3696.287,105.375,2226.026,0.602232997600024,1470.261,3922.819,True,True,True
2026-01-29 05:30:00,1182.816,0.0,266.345,41.339,0.0,145.91,0.0,0.0,2170.914,3723.357,105.375,2170.914,0.5830528740596188,1552.4429999999998,3807.3240000000005,True,True,True
2026-01-29 06:00:00,1281.598,0.0,168.722,41.27,0.0,145.947,0.0,0.0,2265.392,3880.206,113.2,2265.392,0.5838329202109372,1614.8140000000003,3902.9289999999996,True,True,True
2026-01-29 06:30:00,1508.403,0.0,168.052,41.27,0.0,144.922,0.0,0.0,2272.535,4127.792,113.2,2272.535,0.5505449402489272,1855.2570000000005,4135.182,True,True,True
2026-01-29 07:00:00,1650.757,0.0,174.441,41.27,7.174,145.182,0.0,0.0,2396.747,4412.524,140.32,2396.747,0.5431691702979972,2015.7770000000005,4415.571,True,True,True
2026-01-29 07:30:00,1698.347,0.0,348.553,41.339,48.702,145.395,0.0,0.0,2520.741,4770.451,140.32,2520.741,0.5284072721845376,2249.71,4803.077,True,True,True
2026-01-29 08:00:00,1699.126,0.0,348.888,41.339,48.923,145.169,0.0,0.0,2665.812,4911.505,144.05,2665.812,0.5427688661622049,2245.693,4949.257,True,True,True
2026-01-29 08:30:00,1616.943,0.0,338.143,41.412,86.865,145.115,0.0,0.0,2843.641,4963.586,144.05,2843.641,0.5729005199063741,2119.945,5072.119000000001,True,True,True
2026-01-29 09:00:00,1563.876,0.0,164.701,41.13,104.443,145.726,0.0,0.0,2911.95,4972.881,137.51,2911.95,0.5855659928319217,2060.9310000000005,4931.825999999999,True,True,True
2026-01-29 09:30:00,1596.378,0.0,165.036,41.27,104.443,145.355,0.0,0.0,3005.324,5057.09,137.51,3005.324,0.5942793187386421,2051.766,5057.8060000000005,True,True,True
2026-01-29 10:00:00,1596.98,0.0,164.701,41.27,90.672,145.679,0.0,0.0,3134.166,5093.688,124.42,3134.166,0.615303881980993,1959.522,5173.468000000001,True,True,True
2026-01-29 10:30:00,1529.937,0.0,164.031,40.852,5.343,144.442,0.0,0.0,3212.187,5074.321,124.42,3212.187,0.6330279460049926,1862.134,5096.7919999999995,True,True,True
2026-01-29 11:00:00,1453.663,0.0,163.696,41.202,0.0,144.831,0.0,0.0,3206.958,5077.799,116.345,3206.958,0.6315645814259289,1870.841,5010.35,True,True,True
2026-01-29 11:30:00,1468.94,0.0,164.366,41.412,0.0,144.816,0.0,0.0,3236.749,5072.04,116.345,3236.749,0.6381552590279256,1835.2910000000002,5056.282999999999,True,True,True
2026-01-29 12:00:00,1347.864,0.0,164.701,41.13,0.0,146.048,0.0,0.0,3314.1,5055.392,113.445,3314.1,0.6555574721010754,1741.292,5013.843,True,True,True
2026-01-29 12:30:00,1298.229,0.0,175.112,41.061,0.0,145.514,0.0,0.0,3358.002,5084.706,113.445,3358.002,0.6604122244235949,1726.7040000000002,5017.918,True,True,True
2026-01-29 13:00:00,,,,,,,,,,5106.392,111.79,,,,,False,True,True
2026-01-29 13:30:00,,,,,,,,,,5084.535,111.79,,,,,False,True,True
2026-01-29 14:00:00,1621.084,0.0,293.867,41.202,0.0,145.661,0.0,0.0,3135.561,5077.382,113.64,3135.561,0.617554676799973,1941.8209999999995,5237.375,True,True,True
2026-01-29 14:30:00,1691.837,0.0,421.022,41.27,0.0,146.568,0.0,0.0,2934.794,5055.626,113.64,2934.794,0.5805006145628652,2120.8320000000003,5235.491,True,True,True
2026-01-29 15:00:00,1694.453,0.0,428.058,41.339,0.0,145.433,0.0,0.0,2734.687,5075.638,120.985,2734.687,0.5387868480770299,2340.951,5043.969999999999,True,True,True
2026-01-29 15:30:00,1731.876,0.0,425.713,41.202,11.493,145.509,0.0,0.0,2497.994,5110.509,120.985,2497.994,0.48879553876140325,2612.515,4853.787,True,True,True
2026-01-29 16:00:00,1765.426,0.0,430.404,41.27,63.048,145.212,0.0,0.0,2359.99,5158.835,131.84,2359.99,0.45746568750502775,2798.8450000000003,4805.349999999999,True,True,True
2026-01-29 16:30:00,1764.427,0.0,439.139,41.27,180.398,145.331,0.0,0.0,2304.595,5260.79,131.84,2304.595,0.43807013775497594,2956.195,4875.16,True,True,True
2026-01-29 17:00:00,1737.924,0.0,433.755,41.27,197.022,146.604,0.0,0.0,2398.259,5396.028,144.23,2398.259,0.4444489539342642,2997.7690000000002,4954.834,True,True,True
2026-01-29 17:30:00,1734.885,0.0,443.495,41.202,256.212,146.243,0.0,0.0,2495.155,5535.522,144.23,2495.155,0.4507533345545371,3040.3669999999997,5117.192,True,True,True
2026-01-29 18:00:00,1718.525,0.0,416.643,41.27,278.178,146.178,0.0,0.0,2395.131,5559.513,138.47,2395.131,0.43081669203759393,3164.382,4995.924999999999,True,True,True
2026-01-29 18:30:00,1697.359,0.0,411.952,41.339,115.506,146.047,0.0,0.0,2377.1,5493.086,138.47,2377.1,0.43274399854653645,3115.9860000000003,4789.303,True,True,True
2026-01-29 19:00:00,1726.07,0.0,415.973,41.27,72.804,145.896,0.0,0.0,2291.187,5414.633,119.42,2291.187,0.42314723823387473,3123.446,4693.2,True,True,True
2026-01-29 19:30:00,1754.568,0.0,409.271,41.27,0.0,144.857,0.0,0.0,2252.508,5341.302,119.42,2252.508,0.4217151548442683,3088.794,4602.474,True,True,True
2026-01-29 20:00:00,1748.116,0.0,410.611,41.202,0.0,139.923,0.0,0.0,2252.072,5225.991,114.065,2252.072,0.43093683092833496,2973.919,4591.924,True,True,True
2026-01-29 20:30:00,1752.697,0.0,414.968,41.202,0.0,131.139,0.0,0.0,2215.295,5131.66,114.065,2215.295,0.4316916943055464,2916.365,4555.3009999999995,True,True,True
2026-01-29 21:00:00,1732.116,0.0,411.952,41.202,44.086,131.163,0.0,0.0,2104.905,4986.406,110.535,2104.905,0.4221286834646036,2881.5009999999997,4465.424000000001,True,True,True
2026-01-29 21:30:00,1525.002,0.0,414.297,41.202,7.174,131.22,0.0,0.0,2071.38,4810.219,110.535,2071.38,0.43062072641599064,2738.839,4190.275,True,True,True
2026-01-29 22:00:00,1411.495,0.0,346.878,41.202,0.0,130.734,0.0,0.0,2108.338,4625.137,102.605,2108.338,0.4558433620452757,2516.7989999999995,4038.647,True,True,True
2026-01-29 22:30:00,1390.908,0.0,210.676,41.13,0.0,130.987,0.0,0.0,2136.957,4446.844,102.605,2136.957,0.4805558728842298,2309.887,3910.658,True,True,True
2026-01-29 23:00:00,1401.976,0.0,238.51,41.339,0.0,131.264,0.0,0.0,2088.051,4281.628,105.155,2088.051,0.4876768836526667,2193.5769999999998,3901.14,True,True,True
2026-01-29 23:30:00,1376.479,0.0,189.52,41.202,0.0,131.074,0.0,0.0,2051.308,4303.952,105.155,2051.308,0.4766103339442447,2252.6440000000002,3789.583,True,True,True
2026-01-30 00:00:00,1251.506,0.0,164.366,40.92,0.0,130.995,0.0,0.0,2092.089,4140.878,102.875,2092.089,0.5052283597826355,2048.7889999999998,3679.876,True,True,True
2026-01-30 00:30:00,1260.024,0.0,346.878,41.202,0.0,131.591,0.0,0.0,2057.283,4056.873,102.875,2057.283,0.5071105257670131,1999.5900000000001,3836.9779999999996,True,True,True
2026-01-30 01:00:00,1138.461,0.0,402.569,41.202,0.0,131.279,0.0,0.0,2110.477,3947.876,97.63,2110.477,0.5345854327744842,1837.3990000000003,3823.988,True,True,True
2026-01-30 01:30:00,937.072,0.0,355.255,41.202,0.0,131.372,0.0,0.0,2199.134,3893.653,97.63,2199.134,0.5647996881078001,1694.5189999999998,3664.035,True,True,True
2026-01-30 02:00:00,765.686,0.0,360.616,41.202,0.0,130.742,0.0,0.0,2174.032,3825.111,93.32,2174.032,0.5683578855620138,1651.0789999999997,3472.2780000000002,True,True,True
2026-01-30 02:30:00,661.185,0.0,240.521,41.202,0.0,130.923,0.0,0.0,2376.366,3908.796,93.32,2376.366,0.6079534465344316,1532.4299999999998,3450.197,True,True,True
2026-01-30 03:00:00,615.741,0.0,168.387,41.27,0.0,131.011,0.0,0.0,2483.657,3843.051,91.43,2483.657,0.6462721936294887,1359.3939999999998,3440.0660000000003,True,True,True
2026-01-30 03:30:00,722.397,0.0,178.462,41.202,0.0,131.176,0.0,0.0,2424.639,3797.364,91.43,2424.639,0.6385058161398276,1372.725,3497.876,True,True,True
2026-01-30 04:00:00,621.412,0.0,163.696,41.13,0.0,130.723,0.0,0.0,2432.017,3746.129,92.715,2432.017,0.6492080224679929,1314.112,3388.978,True,True,True
2026-01-30 04:30:00,643.388,0.0,164.366,41.202,0.0,130.888,0.0,0.0,2486.481,3725.991,92.715,2486.481,0.6673341400985672,1239.5099999999998,3466.3250000000003,True,True,True
2026-01-30 05:00:00,687.753,0.0,176.787,41.339,0.0,131.396,0.0,0.0,2586.832,3726.134,97.78,2586.832,0.6942401964073218,1139.3020000000001,3624.107,True,True,True
2026-01-30 05:30:00,602.798,0.0,164.031,41.339,0.0,130.965,0.0,0.0,2503.725,3767.412,97.78,2503.725,0.6645742488477502,1263.687,3442.858,True,True,True
2026-01-30 06:00:00,782.797,0.0,170.063,41.339,0.0,131.648,0.0,0.0,2514.249,3905.258,110.305,2514.249,0.6438112411523131,1391.009,3640.0959999999995,True,True,True
2026-01-30 06:30:00,1157.914,0.0,170.398,41.621,0.0,131.72,0.0,0.0,2447.494,4114.873,110.305,2447.494,0.5947921114454809,1667.3789999999995,3949.147,True,True,True
2026-01-30 07:00:00,1334.624,0.0,176.117,41.27,0.0,131.08,0.0,0.0,2578.258,4402.33,125.97,2578.258,0.5856575949553986,1824.0720000000001,4261.349,True,True,True
2026-01-30 07:30:00,1609.534,0.0,275.08,41.339,0.0,132.838,0.0,0.0,2636.0,4770.498,125.97,2636.0,0.552562856121101,2134.4979999999996,4694.791,True,True,True
2026-01-30 08:00:00,1640.916,0.0,273.069,41.27,0.0,139.153,0.0,0.0,2500.0,4852.738,135.05,2500.0,0.5151730837312873,2352.7380000000003,4594.407999999999,True,True,True
2026-01-30 08:30:00,1719.73,0.0,382.777,41.339,0.0,143.889,0.0,0.0,2327.84,4899.807,135.05,2327.84,0.4750881004088529,2571.9669999999996,4615.575000000001,True,True,True
2026-01-30 09:00:00,1759.73,0.0,417.648,41.202,10.104,145.595,0.0,0.0,2030.886,4958.994,128.79,2030.886,0.40953588570585087,2928.1079999999997,4405.165,True,True,True
2026-01-30 09:30:00,1745.68,0.0,410.276,41.202,0.0,145.818,0.0,0.0,1895.097,4999.471,128.79,1895.097,0.3790595044955757,3104.374,4238.073,True,True,True
2026-01-30 10:00:00,1722.345,0.0,408.266,41.202,0.0,145.489,0.0,0.0,1822.853,4950.033,120.36,1822.853,0.36825067630862257,3127.1800000000003,4140.155000000001,True,True,True
2026-01-30 10:30:00,1728.986,0.0,408.936,41.412,0.0,144.552,0.0,0.0,1735.869,4939.579,120.36,1735.869,0.35142043481843294,3203.71,4059.755,True,True,True
2026-01-30 11:00:00,1674.983,0.0,404.245,41.27,5.122,145.738,0.0,0.0,1615.984,4885.344,118.34,1615.984,0.330782028860199,3269.36,3887.342,True,True,True
2026-01-30 11:30:00,1739.635,0.0,425.378,41.27,7.175,145.769,0.0,0.0,1595.99,4851.039,118.34,1595.99,0.32899962255508564,3255.049,3955.2169999999996,True,True,True
2026-01-30 12:00:00,1658.044,0.0,409.941,41.202,0.0,147.455,0.0,0.0,1578.394,4844.764,118.07,1578.394,0.3257937847952965,3266.37,3835.036,True,True,True
2026-01-30 12:30:00,1667.798,0.0,413.627,41.339,0.0,145.807,0.0,0.0,1441.165,4862.402,118.07,1441.165,0.29638952106386923,3421.237,3709.736,True,True,True
2026-01-30 13:00:00,1686.067,0.0,406.925,41.27,0.0,147.637,0.0,0.0,1386.883,4831.847,121.505,1386.883,0.2870295768885066,3444.964,3668.782,True,True,True
2026-01-30 13:30:00,1704.106,0.0,405.25,41.27,0.0,146.881,0.0,0.0,1191.708,4822.921,121.505,1191.708,0.24709258144597435,3631.213,3489.215,True,True,True
2026-01-30 14:00:00,1742.01,0.0,417.983,41.339,0.0,147.136,0.0,0.0,1100.74,4844.617,121.84,1100.74,0.22720887946353654,3743.8770000000004,3449.2079999999996,True,True,True
2026-01-30 14:30:00,1719.685,0.0,415.303,72.832,0.0,146.815,0.0,0.0,948.18,4869.886,121.84,948.18,0.19470270967328596,3921.7060000000006,3302.8149999999996,True,True,True
2026-01-30 15:00:00,1739.437,0.0,431.409,77.296,0.0,146.917,0.0,0.0,871.697,4889.095,140.695,871.697,0.17829414237195226,4017.398,3266.756,True,True,True
2026-01-30 15:30:00,1646.824,0.0,431.744,88.537,10.326,147.522,0.0,0.0,906.651,4958.93,140.695,906.651,0.182831981899321,4052.2790000000005,3231.604,True,True,True
2026-01-30 16:00:00,1634.054,0.0,392.494,87.076,10.326,146.7,0.0,0.0,915.364,5010.737,155.01,915.364,0.18268051186881293,4095.373,3186.014,True,True,True
2026-01-30 16:30:00,1611.335,0.0,208.308,107.465,158.936,162.467,0.0,0.0,887.501,5067.115,155.01,887.501,0.17514917265544594,4179.614,3136.0120000000006,True,True,True
2026-01-30 17:00:00,1648.24,0.0,212.016,112.417,227.052,163.713,0.0,0.0,837.221,5159.559,176.755,837.221,0.16226599986549237,4322.338,3200.659,True,True,True
2026-01-30 17:30:00,1621.42,0.0,246.887,111.588,293.116,162.52,0.0,0.0,827.59,5363.061,176.755,827.59,0.15431299401591742,4535.471,3263.121,True,True,True
2026-01-30 18:00:00,1577.711,0.0,295.877,108.785,292.018,163.44,0.0,0.0,806.053,5417.314,183.505,806.053,0.14879200282649296,4611.261,3243.884,True,True,True
2026-01-30 18:30:00,1552.819,0.0,248.25,107.187,287.699,163.564,0.0,0.0,783.599,5367.131,183.505,783.599,0.14599960388520422,4583.532,3143.118,True,True,True
2026-01-30 19:00:00,1562.059,0.0,305.282,105.995,281.55,167.188,0.0,0.0,709.635,5272.082,181.62,709.635,0.13460242082729365,4562.447,3131.709,True,True,True
2026-01-30 19:30:00,1594.619,0.0,321.701,110.255,289.385,166.885,0.0,0.0,747.77,5218.168,181.62,747.77,0.14330125055383422,4470.397999999999,3230.615,True,True,True
2026-01-30 20:00:00,1558.394,0.0,310.978,107.396,283.312,167.41,0.0,0.0,661.138,5093.775,183.55,661.138,0.12979332616772435,4432.637,3088.6279999999997,True,True,True
2026-01-30 20:30:00,1584.378,0.0,319.356,109.768,96.527,167.06,0.0,0.0,709.237,4980.896,183.55,709.237,0.1423914492492917,4271.659,2986.326,True,True,True
2026-01-30 21:00:00,1607.036,0.0,324.404,111.515,43.14,166.46,0.0,0.0,703.849,4884.49,151.365,703.849,0.14409876977944475,4180.641,2956.404,True,True,True
2026-01-30 21:30:00,1660.936,0.0,389.478,107.255,1.971,167.254,0.0,0.0,585.123,4741.829,151.365,585.123,0.12339605666927257,4156.706,2912.017,True,True,True
2026-01-30 22:00:00,1664.927,0.0,412.622,107.883,7.03,166.76,0.0,0.0,484.536,4583.741,136.345,484.536,0.10570754324906229,4099.205,2843.758,True,True,True
2026-01-30 22:30:00,1511.074,0.0,416.308,106.905,0.0,166.379,0.0,0.0,459.6,4412.347,136.345,459.6,0.1041622519715698,3952.747,2660.266,True,True,True
2026-01-30 23:00:00,1604.263,0.0,414.968,99.223,0.0,150.448,0.0,0.0,421.266,4282.396,116.535,421.266,0.09837156582436563,3861.1299999999997,2690.1679999999997,True,True,True
2026-01-30 23:30:00,1622.8,0.0,417.983,99.992,0.0,150.72,0.0,0.0,439.403,4343.034,116.535,439.403,0.10117420218216115,3903.6309999999994,2730.898,True,True,True
2026-01-31 00:00:00,1618.01,0.0,409.606,98.031,0.0,150.638,0.0,0.0,453.865,,113.285,453.865,,,2730.1499999999996,True,False,True
2026-01-31 00:30:00,1471.765,0.0,413.962,98.313,0.0,146.559,0.0,0.0,481.065,,113.285,481.065,,,2611.664,True,False,True
2026-01-31 01:00:00,1328.394,0.0,423.032,100.552,0.0,147.111,0.0,0.0,548.144,3993.737,110.64,548.144,0.13725090059761072,3445.593,2547.233,True,True,True
2026-01-31 01:30:00,1307.975,0.0,427.388,102.295,0.0,146.768,0.0,0.0,545.925,3894.38,110.64,545.925,0.14018277620571182,3348.455,2530.3509999999997,True,True,True
2026-01-31 02:00:00,1309.045,0.0,418.676,100.552,0.0,146.447,0.0,0.0,548.195,3836.029,106.975,548.195,0.14290689668925863,3287.834,2522.9150000000004,True,True,True
2026-01-31 02:30:00,1326.762,0.0,426.048,100.411,0.0,146.483,0.0,0.0,565.325,3908.554,106.975,565.325,0.14463788910169847,3343.2290000000003,2565.029,True,True,True
2026-01-31 03:00:00,1274.349,0.0,403.575,103.064,0.0,146.202,0.0,0.0,572.027,3839.37,105.66,572.027,0.14898980822374505,3267.343,2499.2169999999996,True,True,True
2026-01-31 03:30:00,1268.582,0.0,428.393,101.522,0.0,146.668,0.0,0.0,568.473,3795.923,105.66,568.473,0.14975883335884316,3227.45,2513.638,True,True,True
2026-01-31 04:00:00,1237.365,0.0,424.372,100.06,0.0,146.02,0.0,0.0,589.568,3733.195,105.255,589.568,0.157925851716827,3143.6270000000004,2497.385,True,True,True
2026-01-31 04:30:00,1164.674,0.0,417.648,98.804,0.0,146.109,0.0,0.0,573.716,3684.302,105.255,573.716,0.15571904800420813,3110.5860000000002,2400.951,True,True,True
2026-01-31 05:00:00,1160.972,0.0,418.318,103.205,0.0,146.377,0.0,0.0,603.528,3644.079,102.89,603.528,0.16561880244637944,3040.5510000000004,2432.3999999999996,True,True,True
2026-01-31 05:30:00,1214.472,0.0,377.393,99.014,0.0,145.737,0.0,0.0,603.41,3629.118,102.89,603.41,0.16626904939437076,3025.708,2440.026,True,True,True
2026-01-31 06:00:00,1340.333,0.0,378.398,99.082,0.0,146.864,0.0,0.0,636.639,3696.779,109.06,636.639,0.1722145143109718,3060.14,2601.3160000000003,True,True,True
2026-01-31 06:30:00,1488.489,0.0,380.074,100.411,0.0,146.076,0.0,0.0,630.664,3788.968,109.06,630.664,0.16644743370754253,3158.304,2745.714,True,True,True
2026-01-31 07:00:00,1485.124,0.0,378.063,99.714,0.0,146.168,0.0,0.0,605.431,3863.616,114.69,605.431,0.15670061413970748,3258.185,2714.5,True,True,True
2026-01-31 07:30:00,1625.323,0.0,385.793,96.501,0.0,145.929,0.0,0.0,542.704,4005.329,114.69,542.704,0.13549548613859183,3462.625,2796.25,True,True,True
2026-01-31 08:00:00,1603.381,0.0,363.319,94.34,0.0,145.917,0.0,0.0,463.833,4081.539,126.92,463.833,0.11364169250863461,3617.706,2670.79,True,True,True
2026-01-31 08:30:00,1642.144,0.0,357.936,78.766,0.0,147.335,0.0,0.0,471.496,4228.575,126.92,471.496,0.11150233825816025,3757.0789999999997,2697.677,True,True,True
2026-01-31 09:00:00,1674.845,0.0,369.351,82.116,0.0,155.081,0.0,0.0,443.909,4397.802,157.5,443.909,0.1009388326259345,3953.8929999999996,2725.302,True,True,True
2026-01-31 09:30:00,1762.565,0.0,427.053,81.697,0.0,162.388,0.0,0.0,355.739,4550.546,157.5,355.739,0.07817501460264328,4194.807000000001,2789.442,True,True,True
2026-01-31 10:00:00,1772.251,0.0,434.76,82.676,0.0,166.998,0.0,0.0,321.353,4610.87,166.15,321.353,0.06969465632299328,4289.517,2778.038,True,True,True
2026-01-31 10:30:00,1774.961,0.0,382.107,80.505,0.0,166.004,0.0,0.0,331.563,4656.365,166.15,331.563,0.07120640241905435,4324.802,2735.14,True,True,True
2026-01-31 11:00:00,1788.053,0.0,350.899,82.676,7.541,165.633,0.0,0.0,294.106,4654.394,171.46,294.106,0.06318889204480754,4360.2880000000005,2688.9080000000004,True,True,True
2026-01-31 11:30:00,1756.97,0.0,396.18,78.903,5.565,166.309,0.0,0.0,301.619,4649.95,171.46,301.619,0.0648649985483715,4348.331,2705.546,True,True,True
2026-01-31 12:00:00,1752.455,0.0,395.175,78.694,5.633,166.62,0.0,0.0,293.353,4613.575,172.32,293.353,0.06358474718629263,4320.222,2691.9300000000003,True,True,True
2026-01-31 12:30:00,1760.68,0.0,397.521,79.185,5.564,166.69,0.0,0.0,366.233,4633.961,172.32,366.233,0.07903238719531736,4267.728,2775.873,True,True,True
2026-01-31 13:00:00,1780.741,0.0,385.793,78.903,7.319,167.213,0.0,0.0,397.044,4626.701,161.25,397.044,0.08581578969550874,4229.657,2817.013,True,True,True
2026-01-31 13:30:00,1754.747,0.0,316.005,55.306,5.488,166.368,0.0,0.0,472.537,4573.64,161.25,472.537,0.10331748891473748,4101.103,2770.4509999999996,True,True,True
2026-01-31 14:00:00,1667.435,0.0,275.414,55.374,0.0,165.74,0.0,0.0,571.894,4534.805,157.96,571.894,0.12611214815190508,3962.911,2735.857,True,True,True
2026-01-31 14:30:00,1635.457,0.0,268.043,55.165,0.0,166.212,0.0,0.0,566.744,4518.039,157.96,566.744,0.1254402629105238,3951.2949999999996,2691.6210000000005,True,True,True
2026-01-31 15:00:00,1624.154,0.0,227.43,55.165,0.0,150.603,0.0,0.0,553.562,4517.188,182.215,553.562,0.12254570763935439,3963.626,2610.9139999999998,True,True,True
2026-01-31 15:30:00,1593.545,0.0,335.127,55.447,0.0,151.094,0.0,0.0,532.305,4562.81,182.215,532.305,0.11666166244046977,4030.5050000000006,2667.518,True,True,True
2026-01-31 16:00:00,1731.01,0.0,348.888,55.447,0.0,149.445,0.0,0.0,461.018,4614.872,195.71,461.018,0.09989832870770846,4153.854,2745.808,True,True,True
2026-01-31 16:30:00,1734.485,0.0,340.824,55.447,235.552,149.257,0.0,0.0,375.018,4730.208,195.71,375.018,0.07928150305441113,4355.19,2890.5829999999996,True,True,True
2026-01-31 17:00:00,1746.771,0.0,411.952,55.306,203.324,149.941,0.0,0.0,297.28,4876.358,230.955,297.28,0.060963530569330626,4579.078,2864.5739999999996,True,True,True
2026-01-31 17:30:00,1762.413,0.0,413.292,60.676,235.842,150.029,49.207,0.0,299.858,5060.978,230.955,299.858,0.05924902261973872,4761.12,2971.317,True,True,True
2026-01-31 18:00:00,1720.321,0.0,439.474,55.447,259.432,150.441,28.564,0.0,285.793,5139.295,227.3,285.793,0.0556093783291288,4853.502,2939.4719999999998,True,True,True
2026-01-31 18:30:00,1763.541,0.0,444.835,55.306,278.986,149.336,30.22,0.0,352.323,5077.956,227.3,352.323,0.06938283829162757,4725.633,3074.5469999999996,True,True,True
2026-01-31 19:00:00,1759.08,0.0,443.495,55.447,276.492,149.532,30.112,0.0,348.746,4983.919,191.455,348.746,0.06997425118666656,4635.173,3062.904,True,True,True
2026-01-31 19:30:00,1757.035,0.0,447.181,55.515,261.995,149.727,1.065,0.0,382.214,4878.313,191.455,382.214,0.07834962619249729,4496.099,3054.732,True,True,True
2026-01-31 20:00:00,1789.518,0.0,450.196,61.659,62.98,153.187,0.0,0.0,412.502,4783.58,180.59,412.502,0.08623290506273544,4371.0779999999995,2930.042,True,True,True
2026-01-31 20:30:00,1698.271,0.0,454.888,70.384,6.663,167.02,0.0,0.0,427.198,4681.139,180.59,427.198,0.0912594135743459,4253.941,2824.4239999999995,True,True,True
2026-01-31 21:00:00,1725.49,0.0,436.1,70.311,14.499,167.251,0.0,0.0,377.409,4578.222,137.165,377.409,0.08243571412657578,4200.813,2791.06,True,True,True
2026-01-31 21:30:00,1684.45,0.0,429.064,70.384,10.905,166.32,0.0,0.0,360.967,4469.852,137.165,360.967,0.08075591764559542,4108.885,2722.09,True,True,True
2026-01-31 22:00:00,1679.924,0.0,427.388,55.515,10.47,166.25,0.0,0.0,338.164,4331.766,121.475,338.164,0.0780660820552172,3993.602,2677.7109999999993,True,True,True
2026-01-31 22:30:00,1655.142,0.0,429.064,55.306,10.173,166.323,0.0,0.0,393.379,4194.74,121.475,393.379,0.09377911384257429,3801.361,2709.387,True,True,True
2026-01-31 23:00:00,1610.341,0.0,441.819,55.447,10.616,166.28,0.0,0.0,439.655,4081.001,117.945,439.655,0.10773214708842266,3641.3460000000005,2724.1580000000004,True,True,True
2026-01-31 23:30:00,1640.965,0.0,434.09,68.29,0.0,165.311,0.0,0.0,458.265,4136.897,117.945,458.265,0.11077505676355974,3678.632,2766.921,True,True,True
