timestamp,fossil_gas_mw,fossil_hard_coal_mw,fossil_oil_mw,fossil_peat_mw,hydro_pumped_storage_mw,hydro_run_of_river_mw,other_mw,solar_mw,wind_onshore_mw,load_mw,sem_price_currency_per_mwh,renewable_vre_mw,renewable_vre_share,residual_load_mw,known_generation_mw,generation_complete,load_complete,price_complete,eirgrid_qtr_points,eirgrid_ni_demand_mw,eirgrid_ni_wind_availability_mw,eirgrid_ni_wind_generation_mw,eirgrid_ni_solar_availability_mw,eirgrid_ni_solar_generation_mw,eirgrid_ni_batteries_mw,eirgrid_moyle_ic_mw,eirgrid_ie_generation_mw,eirgrid_ie_demand_mw,eirgrid_ie_wind_availability_mw,eirgrid_ie_wind_generation_mw,eirgrid_ie_solar_availability_mw,eirgrid_ie_solar_generation_mw,eirgrid_ie_hydro_mw,eirgrid_ewic_ic_mw,eirgrid_greenlink_ic_mw,eirgrid_ie_wind_penetration_pct,eirgrid_ie_solar_penetration_pct,eirgrid_ai_generation_mw,eirgrid_ai_demand_mw,eirgrid_ai_wind_availability_mw,eirgrid_ai_wind_generation_mw,eirgrid_ai_solar_availability_mw,eirgrid_ai_solar_generation_mw,eirgrid_ai_hydro_mw,eirgrid_interjurisdictional_flow_mw,eirgrid_ai_wind_penetration_pct,eirgrid_ai_solar_penetration_pct,eirgrid_ai_oversupply_mw,eirgrid_ai_oversupply_pct,eirgrid_snsp_pct,eirgrid_ie_vre_actual_mw,eirgrid_ie_vre_available_mw,eirgrid_ie_wind_availability_gap_mw,eirgrid_ie_solar_availability_gap_mw,eirgrid_ie_vre_availability_gap_proxy_mw,eirgrid_ie_gb_interconnector_net_mw
2026-01-01 00:00:00,639.81,0.0,167.717,41.202,0.0,63.62,0.0,0.0,1326.084,3877.694,80.0,1326.084,0.341977474241134,2551.61,2238.433,True,True,True,2,602.043,674.335,176.5045,1.579,0.0,-23.3635,353.503,2566.155,3893.295,1402.62,1370.85,0.58,4.21,63.55,524.03,513.19,35.21170031507857,0.1081352831098054,3156.9205,4495.338,2076.955,1547.3545,2.159,4.21,63.55,-311.39,34.42277639352716,0.0936534503588461,0.0,0.0,64.09,1375.06,1403.1999999999998,31.769999999999985,0.0,31.769999999999985,1037.22
2026-01-01 00:30:00,604.56,0.0,173.771,41.061,0.0,63.784,0.0,0.0,1416.327,3868.898,80.0,1416.327,0.3660802119880131,2452.571,2299.503,True,True,True,2,575.2755,677.469,176.303,1.579,0.0,-9.5625,353.497,2667.045,3832.99,1443.13,1396.1999999999998,0.59,4.23,63.775,451.015,513.205,36.427045850662985,0.110360362407882,3256.297,4408.2655,2120.599,1572.503,2.169,4.23,63.775,-351.17499999999995,35.67320455819387,0.0959589865418202,0.0,0.0,62.74,1400.4299999999998,1443.72,46.93000000000029,0.0,46.93000000000029,964.22
2026-01-01 01:00:00,705.741,0.0,166.042,41.339,0.0,63.626,0.0,0.0,1404.501,3814.388,85.43,1404.501,0.3682113618226567,2409.887,2381.249,True,True,True,2,595.0645,669.2270000000001,197.822,1.579,0.0,-2.127,353.499,2619.155,3758.925,1419.125,1356.86,0.575,4.215,63.725,524.4300000000001,513.238,36.09428466916478,0.1121346282962793,3216.639,4353.9895,2088.352,1554.682,2.154,4.215,63.725,-347.415,35.70717213782662,0.0968075177727297,0.0,0.0,63.39,1361.075,1419.7,62.26499999999987,0.0,62.26499999999987,1037.668
2026-01-01 01:30:00,659.983,0.0,164.366,41.13,0.0,63.646,0.0,0.0,1324.102,3714.44,85.43,1324.102,0.3564741926104608,2390.338,2253.227,True,True,True,2,574.8015,696.5944999999999,203.1955,1.579,0.0,-2.1515,353.493,2522.41,3673.995,1465.9699999999998,1391.14,0.575,4.235,63.620000000000005,529.95,513.342,37.870641326514765,0.1152713207033265,3118.168,4248.7965,2162.5645,1594.3355,2.154,4.235,63.620000000000005,-366.655,37.52929934509255,0.0996776578546636,0.0,0.0,65.73,1395.3749999999998,1466.5449999999998,74.82999999999993,0.0,74.82999999999993,1043.292
2026-01-01 02:00:00,669.593,0.0,0.006,41.27,0.0,64.296,0.0,0.0,1453.805,3648.388,84.315,1453.805,0.3984787253987241,2194.583,2228.9700000000003,True,True,True,2,562.2225000000001,680.2429999999999,164.433,1.579,0.0,-2.111,353.5115,2588.465,3687.56,1558.21,1490.45,0.595,4.210000000000001,63.975,529.935,513.2595,40.4203355093263,0.1141705939393487,3160.781,4249.782499999999,2238.453,1654.8830000000005,2.174,4.210000000000001,63.975,-354.67499999999995,38.94107053633951,0.0990666566914891,0.0,0.0,66.445,1494.66,1558.805,67.75999999999999,0.0,67.75999999999999,1043.1945
2026-01-01 02:30:00,620.196,0.0,0.006,41.339,0.0,63.538,0.0,0.0,1540.146,3634.986,84.315,1540.146,0.42370066899845,2094.84,2265.225,True,True,True,2,553.462,671.887,149.4525,1.579,0.0,-2.147,353.483,2505.03,3578.23,1609.99,1531.46,0.5800000000000001,4.220000000000001,63.52,529.96,513.24,42.80157366891312,0.1179394687326994,3057.9415,4131.692,2281.877,1680.9125,2.159,4.220000000000001,63.52,-344.355,40.68555707911534,0.1021402341104816,0.0,0.0,68.56,1535.68,1610.57,78.52999999999997,0.0,78.52999999999997,1043.2
2026-01-01 03:00:00,509.865,0.0,0.006,41.339,0.0,63.267,0.0,0.0,1564.955,3541.854,80.955,1564.955,0.4418462759899194,1976.899,2179.432,True,True,True,2,542.384,669.106,154.4435,1.579,0.0,-2.1015,353.50350000000003,2444.435,3512.27,1645.03,1561.505,0.585,4.2,63.525000000000006,529.96,513.239,44.456989426828905,0.1195886670032675,3002.3234999999995,4054.654,2314.136,1715.9485,2.164,4.2,63.525000000000006,-360.38,42.31909450413689,0.1035932718732987,0.0,0.0,70.19,1565.7050000000002,1645.615,83.52499999999986,0.0,83.52499999999986,1043.199
2026-01-01 03:30:00,457.756,0.0,0.006,41.339,0.0,63.27,0.0,0.0,1545.507,3459.948,80.955,1545.507,0.4466850368849474,1914.441,2107.878,True,True,True,2,525.4970000000001,630.1625,143.9995,1.579,0.0,-3.3455,353.4755,2390.485,3439.855,1643.72,1511.4299999999998,0.54,4.215,63.33,529.96,513.2615000000001,43.93425318547676,0.1225376011481805,2941.231,3965.352,2273.8825,1655.4295,2.119,4.215,63.33,-369.215,41.7420910739981,0.1062993425050587,0.0,0.0,69.74499999999999,1515.6449999999998,1644.26,132.2900000000002,0.0,132.2900000000002,1043.2215
2026-01-01 04:00:00,487.421,0.0,0.006,41.48,0.0,63.295,0.0,0.0,1455.568,3403.347,79.6,1455.568,0.4276872149680887,1947.779,2047.77,True,True,True,2,522.8340000000001,538.6385,149.373,1.579,0.0,-14.452,353.4585,2302.025,3371.675,1577.82,1408.76,0.525,4.21,63.065,529.985,513.2655,41.78041440454112,0.1248655640971307,2862.317,3894.509,2116.4585,1558.133,2.104,4.21,63.065,-370.37,40.00767547629473,0.1081028799258026,0.0,0.0,68.73500000000001,1412.97,1578.345,169.05999999999997,0.0,169.05999999999997,1043.2505
2026-01-01 04:30:00,480.608,0.0,0.006,41.339,0.0,63.004,0.0,0.0,1390.719,3358.361,79.6,1390.719,0.414106464433097,1967.642,1975.676,True,True,True,2,522.9205,471.707,151.707,1.579,0.0,-14.633500000000002,353.46000000000004,2274.625,3340.105,1568.555,1373.05,0.505,4.220000000000001,63.03,529.97,513.2845,41.10630794820664,0.1263440266988973,2840.7195,3863.0255,2040.262,1524.757,2.084,4.220000000000001,63.03,-376.35,39.468007207716816,0.1092413136939418,0.0,0.0,68.205,1377.27,1569.0600000000002,195.5050000000001,0.0,195.5050000000001,1043.2545
2026-01-01 05:00:00,499.8,0.0,0.006,41.061,0.0,63.196,0.0,0.0,1272.407,3315.682,73.75,1272.407,0.3837542321609853,2043.275,1876.47,True,True,True,2,526.761,439.5460000000001,137.382,1.579,0.0,-14.6695,353.4395,2191.005,3331.51,1605.18,1271.02,0.505,4.22,63.33,529.975,513.268,38.151504929509606,0.1266693095211251,2750.8320000000003,3858.271,2044.726,1408.402,2.084,4.22,63.33,-364.565,36.50323410606844,0.109375471842798,0.0,0.0,66.93,1275.24,1605.6850000000002,334.1600000000001,0.0,334.1600000000001,1043.243
2026-01-01 05:30:00,503.812,0.0,0.006,41.339,0.0,63.571,0.0,0.0,1246.367,3313.966,73.75,1246.367,0.3760952888472603,2067.599,1855.095,True,True,True,2,532.143,460.186,157.80849999999998,1.579,0.0,-14.706,353.433,2044.84,3308.655,1571.71,1140.505,0.525,4.205,63.59,529.955,513.242,34.468892313187496,0.1270921645965677,2616.688,3840.798,2031.896,1298.3135,2.104,4.205,63.59,-371.425,33.80260278511421,0.1094828710795793,0.0,0.0,66.44000000000001,1144.71,1572.235,431.2049999999999,0.0,431.2049999999999,1043.197
2026-01-01 06:00:00,502.545,0.0,0.006,41.48,0.0,63.764,0.0,0.0,1093.625,3322.59,76.495,1093.625,0.3291483451163098,2228.965,1701.42,True,True,True,2,555.203,421.9745,144.9435,1.579,0.0,-3.1385,353.4545,2020.195,3340.115,1502.475,1102.495,0.495,4.195,63.73,529.96,513.2905000000001,33.007045206625,0.1255950034143071,2584.942,3895.318,1924.4495,1247.4385,2.074,4.195,63.73,-352.73,32.0237054121047,0.1076944442286365,0.0,0.0,65.7,1106.6899999999998,1502.9699999999998,399.98,0.0,399.98,1043.2505
2026-01-01 06:30:00,493.869,0.0,0.006,41.339,0.0,63.783,0.0,0.0,1163.071,3358.793,76.495,1163.071,0.3462764749122675,2195.722,1762.068,True,True,True,2,579.8910000000001,389.829,155.91199999999998,1.579,0.0,-22.1175,353.4545,2064.815,3383.1850000000004,1424.08,1150.485,0.52,4.19,63.715,529.98,513.264,34.0064760840473,0.1238482983276289,2639.2215,3963.076,1813.909,1306.397,2.099,4.19,63.715,-318.04,32.96383686286472,0.1057269166323164,0.0,0.0,66.27499999999999,1154.6750000000002,1424.6,273.5949999999998,0.0,273.5949999999998,1043.244
2026-01-01 07:00:00,485.837,0.0,0.006,41.339,0.0,63.266,0.0,0.0,1113.421,3401.777,76.915,1113.421,0.3273056993447836,2288.356,1703.869,True,True,True,2,604.7835,453.186,185.3965,1.579,0.0,-2.4715,413.634,2033.45,3442.14,1406.985,1125.305,0.53,4.1850000000000005,63.645,529.975,513.254,32.692569198556164,0.1215831953863531,2635.7355,4046.9235,1860.171,1310.7015,2.109,4.1850000000000005,63.645,-401.625,32.3894273073791,0.1034134694482129,0.0,0.0,66.92499999999998,1129.49,1407.515,281.67999999999984,0.0,281.67999999999984,1043.229
2026-01-01 07:30:00,505.624,0.0,0.006,41.27,0.0,63.669,0.0,0.0,1097.115,3460.82,76.915,1097.115,0.3170101305470957,2363.705,1707.684,True,True,True,2,620.73,439.785,154.9315,1.579,0.0,-2.4085,441.9305,2050.71,3478.585,1311.055,1121.955,0.525,4.154999999999999,63.705,529.975,513.2429999999999,32.25290584097642,0.1194457598418682,2630.9365,4099.3150000000005,1750.84,1276.8864999999998,2.104,4.154999999999999,63.705,-391.96,31.149387971221536,0.1013595200057471,0.0,0.0,66.385,1126.11,1311.5800000000002,189.1000000000001,0.0,189.1000000000001,1043.2179999999998
2026-01-01 08:00:00,514.499,0.0,0.006,41.202,0.0,63.396,0.0,0.0,1131.937,3456.395,79.9,1131.937,0.327490636920838,2324.458,1751.04,True,True,True,2,639.9935,471.2555,145.7135,1.579,0.0,-2.4195,441.9195,2073.495,3474.3500000000004,1181.135,1136.565,0.5700000000000001,4.11,63.605,529.975,513.2729999999999,32.71250458636285,0.1182972909067175,2643.0005,4114.343500000001,1652.3905,1282.2785,2.149,4.11,63.605,-361.975,31.165276467706917,0.0998972424518908,0.0,0.0,66.345,1140.675,1181.705,44.569999999999936,0.0,44.569999999999936,1043.248
2026-01-01 08:30:00,501.124,0.0,0.006,41.061,0.0,63.272,0.0,0.0,1176.061,3486.873,79.9,1176.061,0.3372824304183146,2310.812,1781.524,True,True,True,2,659.0645,465.7235,169.7895,1.6204999999999998,0.0,-2.978,441.9385,2112.275,3519.515,1178.185,1154.225,4.035,7.6,71.015,529.98,513.205,32.795417139194775,0.2153805181983683,2706.495,4178.5795,1643.9085,1324.0145,5.655499999999999,7.6,71.015,-366.84,31.68431857859668,0.1813110991354941,0.0,0.0,66.445,1161.8249999999998,1182.22,23.96000000000004,0.0,23.96000000000004,1043.185
2026-01-01 09:00:00,528.182,0.0,0.006,41.339,0.0,95.509,0.0,0.0,1139.933,3561.237,83.25,1139.933,0.3200946749682765,2421.304,1804.969,True,True,True,2,701.6279999999999,417.181,227.367,2.279,0.515,-2.898,441.953,2202.425,3631.205,1113.895,1090.7800000000002,27.875,34.71,95.81,529.98,513.2470000000001,30.044563781189392,0.9542552903665524,2855.278,4332.8330000000005,1531.076,1318.147,30.154,35.225,95.81,-383.77,30.428531848317466,0.8113660708912961,0.0,0.0,64.68,1125.4900000000002,1141.77,23.11499999999978,0.0,23.11499999999978,1043.227
2026-01-01 09:30:00,700.831,0.0,0.006,41.061,0.0,94.173,0.0,0.0,1043.088,3668.61,83.25,1043.088,0.284327851693148,2625.522,1879.159,True,True,True,2,733.579,472.2465,263.261,3.592,1.5295,-2.41,441.9505,2286.46,3719.77,1035.775,1006.0,62.275000000000006,72.41499999999999,94.635,529.975,513.2085,27.047772796335437,1.946147666903029,2968.4749999999995,4453.349,1508.0215000000003,1269.261,65.867,73.9445,94.635,-381.21,28.50294094434653,1.6598582162148818,0.0,0.0,62.985,1078.415,1098.0500000000002,29.77500000000009,0.0,29.77500000000009,1043.1835
2026-01-01 10:00:00,730.523,0.0,126.122,41.412,0.0,93.857,0.0,0.0,981.297,3772.632,93.97,981.297,0.2601093878226129,2791.335,1973.211,True,True,True,2,780.3595,504.614,305.055,5.4815000000000005,2.6915,-2.418,441.933,2402.8,3819.13,1065.41,1016.93,113.655,111.275,94.005,529.98,513.223,26.625450318802912,2.911462089553579,3113.264,4599.4895,1570.024,1321.985,119.1365,113.9665,94.005,-363.34,28.740758683132515,2.475706589027895,0.0,0.0,63.23,1128.2050000000002,1179.0649999999998,48.47999999999979,2.3799999999999955,50.859999999999786,1043.203
2026-01-01 10:30:00,654.93,0.0,163.026,41.339,0.0,94.699,0.0,0.0,1037.258,3862.328,93.97,1037.258,0.2685577195929501,2825.07,1991.252,True,True,True,2,803.115,572.268,320.224,7.487999999999999,4.202999999999999,-2.6235,441.941,2470.725,3897.665,1039.82,1013.35,161.76999999999998,170.685,94.695,529.98,513.2185,25.999483110401638,4.378883291694445,3213.615,4700.78,1612.088,1333.574,169.25799999999998,174.888,94.695,-372.54,28.369102540849124,3.720082163874296,0.0,0.0,63.690000000000005,1184.035,1201.59,26.470000000000027,0.0,26.470000000000027,1043.1985
2026-01-01 11:00:00,691.872,0.0,179.803,41.339,0.0,94.672,0.0,0.0,1000.38,3935.771,85.25,1000.38,0.2541763735745804,2935.391,2008.066,True,True,True,2,830.8644999999999,607.4575,326.58000000000004,9.345,4.727,-3.013,441.9475,2581.0,3996.33,988.145,962.295,179.935,199.28,95.325,529.98,513.1775,24.08188823451052,4.985421453615026,3339.937,4827.1945,1595.6025,1288.875,189.28,204.007,95.325,-360.135,26.702950149323577,4.225171624371017,0.0,0.0,61.865,1161.575,1168.08,25.850000000000023,0.0,25.850000000000023,1043.1575
2026-01-01 11:30:00,838.281,0.0,177.122,70.452,0.0,94.818,0.0,0.0,948.145,4038.088,85.25,948.145,0.2348004798310487,3089.943,2128.818,True,True,True,2,854.6875,622.273,350.1615,12.286,5.037,-2.5265,441.9395,2642.92,4049.975,979.365,950.435,208.66,223.86,94.45,529.98,513.2335,23.46760214502421,5.526849002703902,3416.9285,4904.6625,1601.638,1300.5965,220.946,228.897,94.45,-351.855,26.515231954227893,4.666208392904764,0.0,0.0,61.74999999999999,1174.295,1188.025,28.930000000000064,0.0,28.930000000000064,1043.2135
2026-01-01 12:00:00,800.014,0.0,164.031,80.304,0.0,94.434,0.0,0.0,978.677,4092.347,85.575,978.677,0.2391480976564304,3113.67,2117.46,True,True,True,2,888.2739999999999,624.504,393.8695,20.319000000000003,8.2015,-2.4165,441.9365,2710.955,4130.9400000000005,1019.075,985.3,243.545,258.15,94.475,529.975,513.207,23.85255203366823,6.249339705215819,3529.8015,5019.214,1643.5790000000002,1379.1695,263.86400000000003,266.3515,94.475,-364.195,27.478575799152544,5.30681439063176,0.0,0.0,62.79,1243.4499999999998,1262.62,33.77500000000009,0.0,33.77500000000009,1043.182
2026-01-01 12:30:00,857.472,0.0,183.824,80.445,0.0,95.772,0.0,0.0,930.465,4147.851,85.575,930.465,0.2243245960378037,3217.3859999999995,2147.978,True,True,True,2,904.9655,670.0455,427.8455,12.6505,7.057,-2.426,441.936,2728.0550000000003,4160.51,995.81,958.13,256.785,268.645,94.63,529.985,513.2280000000001,23.02855040433068,6.45730380837645,3575.2385000000004,5065.4755,1665.8555,1385.9755,269.4355,275.702,94.63,-375.89,27.36055945367406,5.442994549900907,0.0,0.0,62.54500000000001,1226.775,1252.595,37.680000000000064,0.0,37.680000000000064,1043.2130000000002
2026-01-01 13:00:00,825.337,0.0,169.058,80.445,0.0,94.441,0.0,0.0,978.579,4169.547,80.63,978.579,0.2346967188521918,3190.968,2147.86,True,True,True,2,895.915,759.063,435.127,22.385,8.3095,-2.6315,441.9625,2742.815,4184.225,1087.35,1040.21,245.105,245.465,94.21,529.975,513.2280000000001,24.860363174607404,5.866389111896536,3590.3525,5080.139999999999,1846.413,1475.337,267.49,253.7745,94.21,-385.14,29.0414011812287,4.9953445436752455,0.0,0.0,63.75500000000001,1285.675,1332.455,47.13999999999987,0.0,47.13999999999987,1043.203
2026-01-01 13:30:00,781.451,0.0,165.036,76.604,0.0,93.532,0.0,0.0,1137.379,4188.054,80.63,1137.379,0.2715769662950859,3050.675,2254.002,True,True,True,2,892.6555000000001,737.781,429.2085,14.297,5.8765,-2.9095,441.953,2746.785,4189.610000000001,1181.535,1144.375,210.505,220.385,94.375,529.98,513.206,27.314581937149374,5.260230379408556,3592.8770000000004,5082.2655,1919.3160000000005,1573.5835,224.802,226.2615,94.375,-386.785,30.96224589965607,4.451988390433149,0.0,0.0,64.92999999999999,1364.76,1392.04,37.16000000000008,0.0,37.16000000000008,1043.186
2026-01-01 14:00:00,742.267,0.0,168.387,66.47,0.0,94.559,0.0,0.0,1157.702,4176.53,81.595,1157.702,0.2771923103629089,3018.8279999999995,2229.385,True,True,True,2,887.0245,756.773,423.3945,7.868500000000001,6.2075,-2.035,441.9725,2754.5,4201.42,1248.545,1212.5,163.29000000000002,166.85,94.28,529.985,513.203,28.857612656115933,3.972150054323843,3598.59,5088.4445,2005.318,1635.8945,171.1585,173.0575,94.28,-391.55,32.14822627628969,3.401489984372402,0.0,0.0,64.855,1379.35,1411.835,36.04500000000007,0.0,36.04500000000007,1043.188
2026-01-01 14:30:00,730.878,0.0,168.052,66.337,0.0,94.324,0.0,0.0,1273.502,4233.498,81.595,1273.502,0.3008155430804503,2959.996,2333.093,True,True,True,2,892.2155,784.0815,426.895,8.0695,5.0975,-2.026,441.976,2777.565,4218.18,1331.375,1294.25,120.29,118.13,94.575,529.975,513.177,30.682838186396744,2.800017914808969,3620.354,5110.3955000000005,2115.4565,1721.145,128.3595,123.2275,94.575,-384.495,33.67940272601151,2.411094092242647,0.0,0.0,65.14999999999999,1412.38,1451.665,37.125,2.160000000000011,39.28500000000001,1043.152
2026-01-01 15:00:00,732.348,0.0,165.372,66.47,0.0,94.472,0.0,0.0,1323.062,4216.481,103.85,1323.062,0.3137834606630505,2893.419,2381.724,True,True,True,2,902.888,741.817,398.8025,4.859999999999999,3.0035,-2.1095,441.937,2844.375,4251.24,1375.605,1341.75,82.65,79.27000000000001,94.81,529.985,513.191,31.56105130224913,1.865317301078224,3660.0505,5154.128000000001,2117.422,1740.5525,87.51,82.27350000000001,94.81,-346.96500000000003,33.770477095657384,1.5967968596758322,0.0,0.0,64.025,1421.02,1458.255,33.85500000000002,3.3799999999999955,37.235000000000014,1043.176
2026-01-01 15:30:00,807.843,0.0,167.717,80.578,0.0,94.633,0.0,0.0,1385.196,4270.759,103.85,1385.196,0.3243442207813646,2885.563,2535.967,True,True,True,2,929.8765,692.4385,420.2095000000001,1.8,0.8274999999999999,-2.2945,441.9565,2905.2250000000004,4310.6900000000005,1403.73,1374.52,35.38,38.485,94.825,529.975,513.162,31.88930514921028,0.8931854222005993,3744.281,5240.566500000001,2096.1685,1794.7295,37.18000000000001,39.3125,94.825,-343.305,34.24932900384966,0.750655708964847,0.0,0.0,63.015,1413.005,1439.11,29.21000000000004,0.0,29.21000000000004,1043.1370000000002
2026-01-01 16:00:00,977.812,0.0,174.441,80.445,13.762,94.792,0.0,0.0,1282.229,4358.465,147.86,1282.229,0.2941927949404205,3076.236,2623.481,True,True,True,2,972.2405,628.8420000000001,445.2245,1.117,0.004,-1.63,441.954,3048.005,4442.85,1310.1,1286.795,8.14,12.355,66.175,529.98,513.137,28.96657155898664,0.2790279697319719,3919.749,5415.0905,1938.942,1732.0195,9.257,12.358999999999998,66.175,-333.47,31.986239601791976,0.2290592665734858,0.0,0.0,59.325,1299.15,1318.24,23.30499999999984,0.0,23.30499999999984,1043.117
2026-01-01 16:30:00,1066.446,0.0,179.468,80.445,104.66,63.124,0.0,0.0,1233.965,4493.106,147.86,1233.965,0.274635185548705,3259.141,2728.108,True,True,True,2,1036.446,606.0264999999999,516.4645,1.042,0.0,-0.79,441.9395,3191.12,4584.844999999999,1240.6,1213.725,0.865,4.11,63.18,529.98,513.201,26.472519461183516,0.0897564856240685,4124.2695,5621.290999999999,1846.6265,1730.1895,1.9070000000000005,4.11,63.18,-331.185,30.77673711479437,0.0732139942492627,0.0,0.0,57.87,1217.8349999999998,1241.465,26.875,0.0,26.875,1043.181
2026-01-01 17:00:00,1076.303,0.0,169.058,80.373,220.239,63.345,0.0,0.0,1190.266,4664.933,180.23,1190.266,0.2551517888895725,3474.667,2799.5840000000003,True,True,True,2,1072.1605,592.8185,542.4245000000001,1.042,0.0,69.48750000000001,441.9705,3278.11,4723.54,1264.89,1219.44,0.595,4.07,63.555,529.98,513.2015,25.81364435520801,0.0861567445783628,4224.828,5795.7005,1857.7085,1761.8645,1.637,4.07,63.555,-380.905,30.39795762505297,0.0702186875908698,0.0,0.0,60.775,1223.51,1265.485,45.44999999999982,0.0,45.44999999999982,1043.1815
2026-01-01 17:30:00,978.572,0.0,164.031,80.578,216.432,63.545,0.0,0.0,1247.17,4762.992,180.23,1247.17,0.2618459153406094,3515.822,2750.328,True,True,True,2,1065.876,567.11,527.2075,1.042,0.0,43.9425,441.9485,3343.13,4757.73,1273.595,1239.845,0.595,4.21,63.685,529.985,513.238,26.059096790929427,0.0884874524703155,4278.9655,5823.606,1840.705,1767.0525,1.637,4.21,63.685,-350.58,30.341417252860104,0.0722919777553749,0.0,0.0,60.62,1244.055,1274.19,33.75,0.0,33.75,1043.223
2026-01-01 18:00:00,1025.882,0.0,162.356,80.505,219.072,63.498,0.0,0.0,1200.152,4737.116,169.8,1200.152,0.2533507729175304,3536.964,2751.465,True,True,True,2,1033.1615000000002,526.7115,484.865,1.042,0.0,-1.558,441.8685,3377.46,4739.355,1229.995,1200.75,0.595,4.19,63.83,529.985,513.1425,25.33523858955914,0.0884085475653909,4277.3415,5772.5165,1756.7065,1685.615,1.637,4.19,63.83,-301.06500000000005,29.199686712742658,0.0725853463933424,0.0,0.0,58.955,1204.94,1230.59,29.24499999999989,0.0,29.24499999999989,1043.1275
2026-01-01 18:30:00,1079.5,0.0,164.031,80.304,217.088,63.653,0.0,0.0,1242.88,4707.213,169.8,1242.88,0.2640373401416082,3464.333,2847.456,True,True,True,2,991.333,489.4815,439.395,1.042,0.0,-2.483,441.882,3319.6000000000004,4674.9,1307.215,1290.765,0.575,4.165,63.51,529.97,513.1925,27.609866938092157,0.0890946556154753,4173.1720000000005,5666.233,1796.6965,1730.16,1.617,4.165,63.51,-295.49,30.534836607977105,0.0735080954856026,0.0,0.0,57.375,1294.9299999999998,1307.7900000000002,16.450000000000273,0.0,16.450000000000273,1043.1625
2026-01-01 19:00:00,1124.365,0.0,167.047,80.445,220.163,63.599,0.0,0.0,1324.767,4657.201,140.43,1324.767,0.2844556204467018,3332.434,2980.386,True,True,True,2,962.8225,470.411,436.2485,1.042,0.0,-2.5055,441.879,3224.62,4592.77,1322.365,1279.135,0.55,4.175000000000001,63.73,529.9449999999999,513.2270000000001,27.84912256572997,0.0909105854181417,4060.877500000001,5555.5925,1792.776,1715.3835,1.592,4.175000000000001,63.73,-306.52,30.876484034585527,0.0751554830912151,0.0,0.0,57.585,1283.31,1322.915,43.23000000000002,0.0,43.23000000000002,1043.172
2026-01-01 19:30:00,1049.708,0.0,140.888,76.673,213.281,63.47,0.0,0.0,1260.37,4533.958,140.43,1260.37,0.2779844894901981,3273.588,2804.39,True,True,True,2,935.1945,472.0835,442.0625,1.042,0.0,-2.5035,441.8745,3087.435,4497.95,1321.29,1287.625,0.585,4.15,63.485,529.93,513.243,28.62727947204675,0.0922639828982795,3937.6985,5433.1445,1793.3735,1729.6875,1.6270000000000002,4.15,63.485,-348.08,31.836251929074,0.0763831384509194,0.0,0.0,59.005,1291.775,1321.875,33.664999999999964,0.0,33.664999999999964,1043.173
2026-01-01 20:00:00,1094.522,0.0,0.006,70.661,220.392,63.381,0.0,0.0,1299.684,4469.114,133.65,1299.684,0.2908146894440375,3169.4299999999994,2748.646,True,True,True,2,900.3095000000001,492.18,454.832,1.042,0.0,-2.5145,441.8595,2969.9300000000003,4425.86,1363.21,1319.865,0.575,4.15,63.375,529.9300000000001,513.2674999999999,29.82446187613337,0.0937711288635375,3830.0095,5326.1695,1855.39,1774.697,1.617,4.15,63.375,-392.52,33.32437140984569,0.0779214861227307,0.0,0.0,60.715,1324.015,1363.785,43.34500000000003,0.0,43.34500000000003,1043.1975
2026-01-01 20:30:00,928.605,0.0,0.006,70.242,218.339,63.346,0.0,0.0,1354.83,4379.143,133.65,1354.83,0.3093824522286666,3024.313,2635.368,True,True,True,2,854.9780000000001,518.123,381.6765,1.042,0.0,-2.5165,441.844,2901.16,4328.895,1362.62,1330.24,0.575,4.135,63.855,529.965,513.2139999999999,30.730582222708147,0.0955210002345524,3687.9835,5183.873,1880.743,1711.9164999999998,1.617,4.135,63.855,-364.93,33.02420853566854,0.0797668909353458,0.0,0.0,61.220000000000006,1334.375,1363.195,32.37999999999988,0.0,32.37999999999988,1043.179
2026-01-01 21:00:00,924.282,0.0,0.006,69.273,82.534,63.984,0.0,0.0,1414.747,4287.283,111.695,1414.747,0.3299868471477157,2872.536,2554.826,True,True,True,2,831.0585,495.8975,367.1665,1.042,0.0,-2.512,441.848,2822.205,4254.18,1539.085,1490.925,0.585,4.15,63.635,529.985,513.281,35.05298540674976,0.0975544298579033,3589.4665000000005,5085.2385,2034.9825,1858.0915,1.627,4.15,63.635,-368.625,36.54492573219386,0.0816115545723306,0.0,0.0,65.24000000000001,1495.075,1539.67,48.16000000000008,0.0,48.16000000000008,1043.266
2026-01-01 21:30:00,779.686,0.0,0.006,58.168,0.0,63.605,0.0,0.0,1504.107,4188.226,111.695,1504.107,0.359127468288483,2684.119,2405.572,True,True,True,2,797.8644999999999,524.842,318.619,1.042,0.0,-2.5185,441.8525,2717.53,4133.8,1600.99,1540.125,0.565,4.140000000000001,63.64,529.9449999999999,513.2555,37.26097895586263,0.1001514263283725,3451.2125,4931.664500000001,2125.8320000000003,1858.744,1.607,4.140000000000001,63.64,-369.145,37.69159217203059,0.0839488524724157,0.0,0.0,67.09,1544.265,1601.555,60.86500000000001,0.0,60.86500000000001,1043.2005
2026-01-01 22:00:00,721.899,0.0,0.006,41.202,0.0,64.237,0.0,0.0,1567.315,4086.653,85.0,1567.315,0.3835204505985705,2519.338,2394.659,True,True,True,2,764.4415,443.426,281.155,1.042,0.0,-9.9805,441.846,2637.625,4044.98,1751.425,1628.53,0.57,4.125,63.485,529.96,513.2355,40.26929422634372,0.1019831687097665,3320.179,4809.4215,2194.851,1909.685,1.612,4.125,63.485,-342.81,39.71493260567106,0.0857739791208178,0.0,0.0,69.98500000000001,1632.655,1751.995,122.89499999999998,0.0,122.89499999999998,1043.1955
2026-01-01 22:30:00,500.475,0.0,0.006,41.202,0.0,63.424,0.0,0.0,1643.013,3981.502,85.0,1643.013,0.4126616035857824,2338.489,2248.12,True,True,True,2,723.91,425.2545,275.2595,1.042,0.0,-58.1995,441.836,2526.915,3907.19,1738.51,1629.1950000000002,0.5700000000000001,4.12,63.425,529.975,513.2265,41.69757929152343,0.1054578055282242,3202.236,4631.1,2163.7645,1904.4545,1.612,4.12,63.425,-326.94,41.12351864057905,0.0889747152782553,0.0,0.0,71.66,1633.315,1739.08,109.31499999999984,0.0,109.31499999999984,1043.2015
2026-01-01 23:00:00,475.794,0.0,0.006,41.202,0.0,63.324,0.0,0.0,1584.352,3845.28,84.49,1584.352,0.4120251321100154,2260.928,2164.678,True,True,True,2,683.8205,344.71,224.3985,1.042,0.0,-6.4505,441.817,2489.6,3920.25,1695.69,1549.48,0.53,4.14,63.725,529.925,513.2194999999999,39.523328374235646,0.1056074887846978,3140.7625,4604.0705,2040.4,1773.8784999999998,1.572,4.14,63.725,-395.09,38.52486121167409,0.0899234722101933,0.0,0.0,69.75500000000001,1553.62,1696.22,146.21000000000004,0.0,146.21000000000004,1043.1445
2026-01-01 23:30:00,518.322,0.0,0.006,41.27,0.0,63.805,0.0,0.0,1492.466,3864.11,84.49,1492.466,0.3862379694159845,2371.644,2115.869,True,True,True,2,652.9825000000001,306.93100000000004,190.7175,1.042,0.0,-0.294,441.7985,2411.27,3820.585,1714.4450000000002,1479.25,0.51,4.14,63.57,529.95,513.2685,38.71938019853381,0.1083648232375994,3025.0895,4473.5675,2021.376,1669.9675,1.552,4.14,63.57,-395.12,37.33032478360736,0.0925486639715944,0.0,0.0,69.245,1483.39,1714.9550000000002,235.19500000000016,0.0,235.19500000000016,1043.2185
2026-01-02 00:00:00,526.529,0.0,0.006,41.339,0.0,63.584,0.0,0.0,1445.882,3755.4,83.0,1445.882,0.385014113010598,2309.518,2077.34,True,True,True,2,626.3365,326.279,176.5245,1.042,0.0,3.3385,417.0965,2503.79,3738.43,1710.38,1564.035,0.525,4.13,63.405,529.92,513.174,41.8416072995784,0.1104799108065975,3106.92,4364.7665,2036.659,1740.5594999999998,1.5670000000000002,4.13,63.405,-391.225,39.88381985427441,0.0946269489436409,0.0,0.0,69.40499999999999,1568.165,1710.9050000000002,146.34500000000023,0.0,146.34500000000023,1043.094
2026-01-02 00:30:00,502.124,0.0,0.006,41.339,0.0,63.124,0.0,0.0,1585.254,3672.085,83.0,1585.254,0.4317040591380646,2086.831,2191.847,True,True,True,2,596.0145,288.08000000000004,223.9465,1.042,0.0,-0.897,353.4585,2454.735,3630.63,1769.17,1567.625,0.57,4.1,63.505,529.975,513.0955,43.17686748132627,0.1129425614708647,3084.979,4226.6445,2057.25,1791.5715,1.612,4.1,63.505,-380.55,42.38717255051368,0.0970170123190015,0.0,0.0,70.415,1571.725,1769.74,201.54500000000007,0.0,201.54500000000007,1043.0705
2026-01-02 01:00:00,484.406,0.0,0.006,41.27,0.0,63.568,0.0,0.0,1513.85,3559.57,83.745,1513.85,0.4252901333588045,2045.7200000000005,2103.1,True,True,True,2,607.867,314.6695,203.2005,1.042,0.0,-2.1025,353.4535,2471.035,3560.335,1862.79,1537.865,0.52,4.12,63.790000000000006,495.255,513.239,43.19663136212861,0.1157232825455921,3098.914,4168.201999999999,2177.4595,1741.0655,1.562,4.12,63.790000000000006,-365.03,41.77123073389077,0.0988458626874294,0.0,0.0,68.87,1541.985,1863.31,324.92499999999995,0.0,324.92499999999995,1008.494
2026-01-02 01:30:00,531.053,0.0,0.006,41.27,0.0,63.932,0.0,0.0,1545.441,3513.117,83.745,1545.441,0.4399059296914961,1967.676,2181.702,True,True,True,2,591.99,400.1585,204.349,1.042,0.0,-2.108,353.461,2466.85,3473.525,1911.4,1540.86,0.475,4.105,63.595,427.565,513.305,44.35771599082945,0.1181817591722192,3092.0535,4065.515,2311.5585,1745.209,1.517,4.105,63.595,-378.755,42.92551620983775,0.1009729113678667,0.0,0.0,68.655,1544.965,1911.875,370.54,0.0,370.54,940.87
2026-01-02 02:00:00,478.762,0.0,0.006,41.339,0.0,62.991,0.0,0.0,1520.664,3451.336,81.25,1520.664,0.4406015525581978,1930.672,2103.762,True,True,True,2,582.2345,373.1585,202.2185,1.042,0.0,-18.7545,353.459,2434.435,3511.035,1966.715,1521.0749999999998,0.525,4.125,63.735,523.825,513.241,43.32218237896854,0.1174870976225104,3052.881,4093.2695,2339.8735,1723.2934999999998,1.5670000000000002,4.125,63.735,-364.265,42.09988348218303,0.1007763026274013,0.0,0.0,69.37500000000001,1525.1999999999998,1967.24,445.6400000000003,0.0,445.6400000000003,1037.066
2026-01-02 02:30:00,501.281,0.0,0.006,41.339,0.0,63.782,0.0,0.0,1477.817,3485.599,81.25,1477.817,0.42397791599091,2007.782,2084.225,True,True,True,2,560.3019999999999,433.7205,198.719,1.042,0.0,-2.118,353.4725,2458.245,3470.61,1924.86,1517.305,0.505,4.125,63.615,470.5750000000001,513.2695,43.71925288800561,0.1188548674590885,3085.0265,4030.912,2358.5805,1716.024,1.5470000000000002,4.125,63.615,-410.995,42.57204782946062,0.1023340080520039,0.0,0.0,68.435,1521.43,1925.365,407.55499999999984,0.0,407.55499999999984,983.8445
2026-01-02 03:00:00,521.812,0.0,0.006,41.339,0.0,63.47,0.0,0.0,1476.867,3450.23,80.745,1476.867,0.4280488547140335,1973.363,2103.494,True,True,True,2,546.355,484.0335,176.9525,1.042,0.0,-2.4765,353.4855,2371.37,3462.49,1910.58,1446.19,0.51,4.140000000000001,63.63,526.56,513.253,41.76700389313904,0.1195669620292097,2969.031,4008.845,2394.6135,1623.1425,1.552,4.140000000000001,63.63,-396.14,40.488720629333386,0.1032714970038801,0.0,0.0,68.52499999999999,1450.3300000000002,1911.09,464.3899999999999,0.0,464.3899999999999,1039.813
2026-01-02 03:30:00,508.303,0.0,0.006,41.339,0.0,63.875,0.0,0.0,1411.848,3434.05,80.745,1411.848,0.4111320452526899,2022.202,2025.371,True,True,True,2,534.9645,486.2765,177.54899999999998,1.042,0.0,-3.5775,353.478,2297.255,3420.425,1854.2,1387.375,0.485,4.145,63.665,529.94,513.234,40.56145357354122,0.1211838141729799,2889.294,3955.3895,2340.4765,1564.924,1.527,4.145,63.665,-400.32,39.5642365706559,0.1047938578088108,0.0,0.0,68.465,1391.52,1854.685,466.8249999999998,0.0,466.8249999999998,1043.174
2026-01-02 04:00:00,488.363,0.0,0.006,41.27,0.0,63.537,0.0,0.0,1381.747,3397.291,79.9,1381.747,0.4067202368004389,2015.544,1974.923,True,True,True,2,529.096,543.9565,178.988,1.042,0.0,-24.0755,353.4765,2307.54,3390.785,1840.5,1384.18,0.525,4.109999999999999,63.34,503.37,513.2615000000001,40.82157390397947,0.121210739389431,2907.183,3919.881,2384.4565,1563.168,1.5670000000000002,4.109999999999999,63.34,-393.58,39.87786946301918,0.1048499761843647,0.0,0.0,67.98500000000001,1388.29,1841.025,456.32,0.0,456.32,1016.6315
2026-01-02 04:30:00,503.858,0.0,0.006,41.339,0.0,62.993,0.0,0.0,1379.583,3362.988,79.9,1379.583,0.4102253710093524,1983.405,1987.779,True,True,True,2,530.8344999999999,531.219,173.3485,1.042,0.0,-24.0475,353.467,2320.28,3357.99,1717.995,1378.955,0.51,4.13,62.985,461.095,513.26,41.06570764714853,0.1229908989373896,2922.469,3888.8245,2249.214,1552.3035,1.552,4.13,62.985,-394.005,39.91772065404244,0.1062022504135762,0.0,0.0,67.17,1383.085,1718.505,339.04,0.0,339.04,974.355
2026-01-02 05:00:00,521.914,0.0,0.006,41.339,0.0,63.137,0.0,0.0,1449.041,3365.649,72.43,1449.041,0.4305383597635998,1916.608,2075.437,True,True,True,2,538.4190000000001,539.6825,171.571,1.042,0.0,-11.627,353.491,2470.34,3380.2650000000003,1623.18,1508.35,0.5449999999999999,4.109999999999999,63.105,326.855,513.2235000000001,44.62161323572707,0.1215883877575659,3066.674,3918.684,2162.8625,1679.9209999999998,1.587,4.109999999999999,63.105,-393.485,42.86843432139563,0.1048828147582813,0.0,0.0,66.875,1512.4599999999998,1623.725,114.83000000000015,0.0,114.83000000000015,840.0785000000001
2026-01-02 05:30:00,566.273,0.0,0.006,41.339,0.0,62.956,0.0,0.0,1497.031,3381.857,72.43,1497.031,0.4426653758571104,1884.826,2167.605,True,True,True,2,565.8865000000001,491.1745,202.4355,1.042,0.0,-11.6445,353.485,2503.34,3419.96,1643.21,1567.375,0.605,4.105,62.905,338.565,513.194,45.82332569284863,0.1200345226648964,3110.152,3985.8465,2134.3845,1769.8105,1.647,4.105,62.905,-376.605,44.3937154277335,0.1029955473267346,0.0,0.0,68.35,1571.48,1643.815,75.83500000000004,0.0,75.83500000000004,851.759
2026-01-02 06:00:00,524.331,0.0,0.006,41.339,0.0,62.956,0.0,0.0,1635.945,3471.886,82.6,1635.945,0.4711977870241131,1835.941,2264.577,True,True,True,2,613.4635000000001,537.218,225.448,1.042,0.0,-2.7415000000000003,353.34450000000004,2557.05,3553.865,1568.955,1537.615,0.62,4.125,63.285,224.62,513.26,43.27486985538,0.1160783611544144,3201.0225,4167.3285,2106.173,1763.063,1.662,4.125,63.285,-374.06,42.31608981150446,0.098993827240623,0.0,0.0,66.025,1541.74,1569.5749999999998,31.33999999999992,0.0,31.33999999999992,737.88
2026-01-02 06:30:00,658.363,0.0,0.006,41.412,0.0,64.002,0.0,0.0,1486.318,3596.593,82.6,1486.318,0.4132572131458856,2110.275,2250.101,True,True,True,2,657.924,555.366,267.15250000000003,1.042,0.0,-2.46,353.3605,2545.33,3665.035,1450.92,1415.34,0.59,4.145,63.58,250.42,513.2025000000001,38.6223298618464,0.1131029082452463,3224.1095,4322.959000000001,2006.286,1682.4925,1.632,4.145,63.58,-365.19,38.923029671698565,0.0958913901683813,0.0,0.0,64.015,1419.485,1451.51,35.57999999999993,0.0,35.57999999999993,763.6225000000001
2026-01-02 07:00:00,834.33,0.0,0.006,41.339,0.0,64.306,0.0,0.0,1352.337,3708.009,123.735,1352.337,0.3647070435913181,2355.672,2292.318,True,True,True,2,728.9984999999999,524.8015,323.1985,1.042,0.0,-2.4225,330.821,2865.65,3849.765,1393.12,1368.25,0.61,4.130000000000001,63.815,128.4,501.245,35.548397538791114,0.1072962960515583,3604.8375,4578.7635,1917.9215,1691.4485,1.652,4.130000000000001,63.815,-333.28,36.94638349512346,0.0902164978816597,0.0,0.0,57.7,1372.38,1393.7299999999998,24.86999999999989,0.0,24.86999999999989,629.645
2026-01-02 07:30:00,1183.401,0.0,0.006,73.182,0.0,63.826,0.0,0.0,1287.467,3920.868,123.735,1287.467,0.3283627502889666,2633.401,2607.8820000000005,True,True,True,2,772.654,501.632,325.1215,1.042,0.0,-2.032,422.557,2883.3450000000003,3966.115,1358.065,1275.025,0.615,4.13,63.865,184.73,513.1479999999999,32.14867976186106,0.1041380524773219,3609.1015,4738.769,1859.697,1600.1464999999998,1.657,4.13,63.865,-366.175,33.768384442684784,0.0871607141279645,0.0,0.0,57.035,1279.1550000000002,1358.68,83.03999999999996,0.0,83.03999999999996,697.8779999999999
2026-01-02 08:00:00,1102.869,0.0,0.006,80.445,0.0,63.71,0.0,0.0,1295.094,3991.528,114.75,1295.094,0.3244607077790761,2696.434,2542.124,True,True,True,2,822.907,539.4785,322.211,1.042,0.0,-2.0315000000000003,442.101,2944.135,4070.145,1414.9299999999998,1362.495,0.6,3.96,63.955,244.335,513.178,33.472989116639255,0.0973402228950038,3679.0,4893.052,1954.4085,1684.706,1.642,3.96,63.955,-344.83000000000004,34.429321615386776,0.0809759706422822,0.0,0.0,58.67,1366.455,1415.5299999999995,52.434999999999945,0.0,52.434999999999945,757.5129999999999
2026-01-02 08:30:00,1198.18,0.0,0.006,81.206,0.0,64.275,0.0,0.0,1359.792,4149.241,114.75,1359.792,0.3277206602364143,2789.449,2703.459,True,True,True,2,873.1385,552.662,409.9775,1.136,0.023,-2.41,397.0865,3088.205,4218.115,1348.785,1297.1,5.615,9.43,63.78,262.245,513.178,30.757062660021795,0.2225572963574947,3906.2965,5091.2535,1901.447,1707.0775,6.751000000000001,9.453,63.78,-333.725,33.526551542550465,0.1847260677570689,0.0,0.0,56.31,1306.53,1354.4,51.68500000000017,0.0,51.68500000000017,775.423
2026-01-02 09:00:00,1224.386,0.0,75.456,74.152,0.0,63.533,0.0,0.0,1239.239,4297.69,118.28,1239.239,0.2883500205924578,3058.451,2676.766,True,True,True,2,928.121,581.8335,456.0595,2.9685,0.7935,-2.644,440.504,3094.37,4413.950000000001,1287.315,1235.92,38.03,38.35,67.055,412.22,513.1775,28.00989428329012,0.8669035634205156,3964.7345,5342.071,1869.1485,1691.9795,40.9985,39.1435,67.055,-376.135,31.682899726272893,0.7308972435215411,0.0,0.0,57.63,1274.27,1325.345,51.39499999999998,0.0,51.39499999999998,925.3975
2026-01-02 09:30:00,1187.202,0.0,202.611,81.274,0.0,67.956,0.0,0.0,1120.634,4477.673,118.28,1120.634,0.2502715137974569,3357.039,2659.677,True,True,True,2,971.479,595.1105,449.3315,9.497,2.8550000000000004,-2.6065,441.8565,3120.38,4505.88,1189.415,1148.83,93.715,82.08500000000001,67.80000000000001,523.8299999999999,513.1659999999999,25.494781876445305,1.8213069676732452,3983.1555,5477.359,1784.5255,1598.1615,103.212,84.94,67.80000000000001,-326.595,29.176172056149408,1.5501485748205253,0.0,0.0,57.675,1230.915,1283.13,40.58500000000004,11.629999999999995,52.21500000000003,1036.996
2026-01-02 10:00:00,1199.417,0.0,192.558,78.066,0.0,67.395,0.0,0.0,1191.612,4502.542,114.615,1191.612,0.2646531670332003,3310.9300000000003,2729.048,True,True,True,2,990.358,546.6095,462.7085,20.8245,9.443,-2.2505,441.8535,3191.475,4528.3150000000005,1155.47,1122.615,153.76999999999998,145.25,82.035,471.625,513.1510000000001,24.79215289306684,3.2069539509527325,4075.5995,5518.673,1702.0795,1585.3235,174.59449999999998,154.69299999999998,82.035,-328.985,28.726857077780487,2.8025521863249065,0.0,0.0,57.675,1267.865,1309.24,32.85500000000002,8.519999999999982,41.375,984.776
2026-01-02 10:30:00,1211.105,0.0,196.58,78.903,0.0,102.683,0.0,0.0,1060.296,4561.324,114.615,1060.296,0.2324535595366609,3501.028,2649.567,True,True,True,2,996.1045,602.947,527.079,25.847,19.734,-2.481,441.841,3189.005,4544.325,1123.855,1079.13,210.59500000000003,189.335,114.855,425.68,513.1890000000001,23.747782094123217,4.166805205717397,4142.017,5540.4295,1726.802,1606.2090000000003,236.442,209.069,114.855,-393.02,28.991233104452707,3.7739240193855177,0.0,0.0,58.23,1268.465,1334.45,44.72499999999991,21.260000000000048,65.98499999999996,938.869
2026-01-02 11:00:00,1218.274,0.0,201.271,80.646,0.0,115.455,0.0,0.0,1137.641,4554.312,97.5,1137.641,0.2497942609114176,3416.671,2753.287,True,True,True,2,997.23,582.1880000000001,521.2180000000001,35.551500000000004,27.99,-0.7690000000000001,397.1225,3380.03,4527.8150000000005,1121.675,1094.81,255.115,265.195,115.815,276.77,481.145,24.177851366929847,5.857864523931767,4350.2065,5525.045,1703.8629999999998,1616.0279999999998,290.66650000000004,293.185,115.815,-365.465,29.249041354097194,5.307104235739428,0.0,0.0,56.41,1360.005,1376.79,26.86500000000001,0.0,26.86500000000001,757.915
2026-01-02 11:30:00,1258.702,0.0,270.053,78.206,0.0,114.984,0.0,0.0,1058.343,4501.015,97.5,1058.343,0.2351342974862336,3442.6720000000005,2780.288,True,True,True,2,996.7135,585.5695000000001,499.296,40.373000000000005,32.354,-2.468,440.23,3415.285,4504.435,1089.435,1056.995,286.56,300.04,115.405,172.155,513.1275,23.46524559805579,6.661585950911244,4356.014,5501.1485,1675.0045,1556.2910000000002,326.933,332.394,115.405,-379.915,28.289653669469143,6.042532915481666,0.0,0.0,55.87,1357.035,1375.995,32.440000000000055,0.0,32.440000000000055,685.2825
2026-01-02 12:00:00,1289.943,0.0,285.49,80.787,0.0,115.644,0.0,0.0,1012.218,4496.686,91.985,1012.218,0.2251031092675806,3484.468,2784.082,True,True,True,2,999.637,586.4214999999999,480.0335,39.8115,31.8345,-2.502,441.912,3405.835,4500.84,1094.995,1050.665,313.67499999999995,314.875,115.01,202.76,513.2035000000001,23.344319881108248,6.995843574639414,4324.5485,5500.477000000001,1681.4164999999998,1530.6985,353.4865,346.7095,115.01,-355.285,27.82879329253164,6.303234270008687,0.0,0.0,56.32999999999999,1365.54,1408.6699999999998,44.32999999999993,0.0,44.32999999999993,715.9635000000001
2026-01-02 12:30:00,1273.304,0.0,230.133,79.044,0.0,115.553,0.0,0.0,1080.953,4487.774,91.985,1080.953,0.2408661844379863,3406.8210000000004,2778.987,True,True,True,2,997.0875,574.832,464.4195,39.499,31.283,-2.478,441.891,3430.42,4498.46,1271.35,1216.41,313.005,311.535,114.795,210.26,513.1975,27.040171260434896,6.9253709460148585,4324.9535,5495.547500000001,1846.182,1680.8295,352.504,342.818,114.795,-333.995,30.58594571771509,6.238088790800132,0.0,0.0,58.955,1527.9449999999997,1584.355,54.940000000000055,1.4700000000000273,56.41000000000008,723.4575
2026-01-02 13:00:00,1099.794,0.0,171.068,81.137,0.0,114.829,0.0,0.0,1325.025,4500.887,93.59,1325.025,0.2943919720712828,3175.862,2791.853,True,True,True,2,986.5805,594.0775,473.453,40.727500000000006,32.058499999999995,-2.4885,441.9115,3438.6800000000003,4495.62,1315.3249999999998,1291.125,295.20500000000004,310.86,115.71,156.645,495.207,28.719224195228687,6.914469354419498,4370.4475,5482.2005,1909.4025,1764.578,335.9325,342.9185,115.71,-381.03,32.18727101429775,6.254883632220048,0.0,0.0,59.445,1601.985,1610.5299999999995,24.199999999999815,0.0,24.199999999999815,651.852
2026-01-02 13:30:00,1203.494,0.0,226.09,81.834,0.0,115.34,0.0,0.0,1293.99,4497.224,93.59,1293.99,0.2877308312861445,3203.2340000000004,2920.748,True,True,True,2,990.153,577.3575,461.1315,32.66,27.263,-2.495,441.893,3512.05,4476.73,1306.86,1282.42,259.335,271.06,115.415,73.755,512.4405,28.64509731212147,6.054242367425804,4422.379,5466.883,1884.2175,1743.5515,291.995,298.323,115.415,-355.905,31.89207828111219,5.456514321534613,0.0,0.0,57.035,1553.48,1566.1950000000002,24.44000000000005,0.0,24.44000000000005,586.1955
2026-01-02 14:00:00,1292.632,0.0,166.712,80.445,0.0,114.651,0.0,0.0,1240.588,4459.956,99.5,1240.588,0.2781614885886766,3219.3680000000004,2895.028,True,True,True,2,980.865,587.7075,457.7045,21.37,17.189,-2.499,441.8805,3474.94,4480.28,1300.87,1276.69,219.695,220.975,115.145,200.13,432.3445,28.49418110347107,4.9329020730862965,4367.01,5461.145,1888.5775,1734.3945,241.065,238.164,115.145,-348.42499999999995,31.75815659038092,4.36162119431092,0.0,0.0,56.49999999999999,1497.665,1520.5649999999998,24.17999999999984,0.0,24.17999999999984,632.4745
2026-01-02 14:30:00,1306.829,0.0,174.441,80.996,0.0,115.495,0.0,0.0,1345.842,4494.186,99.5,1345.842,0.2994629060746485,3148.344,3023.603,True,True,True,2,985.79,502.5625,486.209,17.6775,14.4195,-2.5295,417.0825,3426.855,4515.325000000001,1354.38,1314.785,167.995,158.19,114.805,315.24,414.5245,29.118689294883005,3.50489568817485,4337.181,5501.115,1856.9425,1800.994,185.6725,172.6095,114.805,-336.195,32.73822853672973,3.138739881175619,0.0,0.0,57.1,1472.975,1522.375,39.59500000000003,9.805000000000009,49.400000000000034,729.7645
2026-01-02 15:00:00,1320.092,0.0,180.473,81.347,0.0,108.925,0.0,0.0,1301.773,4556.798,115.715,1301.773,0.285677135567563,3255.025,2992.61,True,True,True,2,1009.086,509.6125,524.831,11.1485,8.088000000000001,-2.5225,398.8225,3402.365,4594.445,1213.195,1179.845,105.69,96.41,97.015,464.845,364.9655,25.68521145972345,2.100676919985826,4359.091,5603.530999999999,1722.8075,1704.676,116.8385,104.498,97.015,-341.295,30.42593393285131,1.866960488523208,0.0,0.0,54.31,1276.255,1318.885,33.34999999999991,9.28,42.62999999999991,829.8105
2026-01-02 15:30:00,1299.13,0.0,286.495,76.955,0.0,95.256,0.0,0.0,1134.99,4643.861,115.715,1134.99,0.2444065401613011,3508.871,2892.826,True,True,True,2,1034.3845,531.1714999999999,536.4475,4.758,2.8105,-2.4935,441.9085,3338.06,4716.42,1230.725,1180.885,49.02,44.675,65.41,529.985,475.9675,25.03743131817962,0.9490468570730668,4285.1095000000005,5750.8045,1761.8965,1717.3325,53.778,47.4855,65.41,-348.795,29.86296973425704,0.8273616836499196,0.0,0.0,55.67,1225.56,1279.745,49.83999999999992,4.344999999999999,54.18499999999992,1005.9525
2026-01-02 16:00:00,1360.046,0.0,362.649,81.347,21.521,64.298,0.0,0.0,1170.704,4791.525,136.36,1170.704,0.2443280583947699,3620.821,3060.565,True,True,True,2,1083.511,505.76,510.191,2.415,0.2175,-2.51,441.9135,3602.64,4855.775,1183.645,1154.4050000000002,9.135,13.04,64.055,529.98,419.148,23.775232293527925,0.2690847701488995,4531.728,5939.286,1689.405,1664.596,11.55,13.2575,64.055,-280.4,28.0274977172171,0.2238550643923315,0.0,0.0,51.77,1167.4450000000002,1192.78,29.23999999999978,0.0,29.23999999999978,949.128
2026-01-02 16:30:00,1374.916,0.0,447.516,71.922,135.719,63.749,0.0,0.0,1171.731,4901.646,136.36,1171.731,0.2390484747368537,3729.915,3265.553,True,True,True,2,1162.3795,485.582,491.7895,2.2,0.0,-1.1729999999999998,441.927,3818.405,5052.49,1268.58,1241.97,0.72,3.98,63.605,529.99,504.3085,24.574641353151616,0.0789207967782306,4722.394,6214.8695,1754.162,1733.7595,2.92,3.98,63.605,-177.67000000000002,27.897238448844657,0.0641648405718994,0.0,0.0,52.05,1245.95,1269.3,26.6099999999999,0.0,26.6099999999999,1034.2985
2026-01-02 17:00:00,1415.915,0.0,460.942,50.345,199.075,63.534,0.0,0.0,1222.45,5167.75,169.565,1222.45,0.2365536258526438,3945.3,3412.2610000000004,True,True,True,2,1224.337,491.82450000000006,498.8845,2.2,0.0,21.276,441.8945,4004.785,5240.485000000001,1264.53,1223.99,0.595,3.955,63.545,529.99,513.1885,23.35661891072605,0.0754544327320665,4940.5205000000005,6464.822,1756.3545,1722.8745,2.795,3.955,63.545,-167.95499999999998,26.652257959412605,0.0611615776649443,0.0,0.0,51.6,1227.945,1265.125,40.53999999999997,0.0,40.53999999999997,1043.1785
2026-01-02 17:30:00,1410.83,0.0,444.5,41.339,193.948,63.335,0.0,0.0,1248.171,5287.036,169.565,1248.171,0.2360814263417158,4038.865,3402.123,True,True,True,2,1221.5995,507.6185,509.204,2.2,0.0,69.2555,441.865,4017.33,5281.935,1411.3000000000002,1329.98,0.5800000000000001,4.220000000000001,63.135000000000005,529.985,513.154,25.179781873648665,0.0798949659679341,4931.9475,6503.5345,1918.9185,1839.184,2.78,4.220000000000001,63.135000000000005,-198.69,28.280414532384324,0.0648875849051656,0.0,0.0,55.525000000000006,1334.2,1411.88,81.32000000000016,0.0,81.32000000000016,1043.139
2026-01-02 18:00:00,1305.807,0.0,451.872,41.339,198.342,63.988,0.0,0.0,1333.181,5272.863,156.87,1333.181,0.2528381640107092,3939.682,3394.529,True,True,True,2,1192.1125000000002,503.037,508.0125000000001,2.2,0.0,0.7375,441.853,4022.565,5245.48,1449.23,1408.78,0.575,4.235,63.39,529.98,513.1885,26.8589432017176,0.0807367192649897,4938.3445,6437.592500000001,1952.267,1916.7925,2.7750000000000004,4.235,63.39,-159.615,29.777404539423568,0.0657863997192134,0.0,0.0,55.99000000000001,1413.015,1449.805,40.450000000000045,0.0,40.450000000000045,1043.1685
2026-01-02 18:30:00,1228.52,0.0,435.095,41.27,218.194,63.42,0.0,0.0,1499.393,5199.387,156.87,1499.393,0.2883788031165982,3699.994,3485.892,True,True,True,2,1151.0845,534.115,538.267,2.2,0.0,13.3455,441.852,3868.745,5173.68,1540.815,1496.725,0.575,4.24,63.075,529.98,513.191,28.929594006303084,0.0819551311098693,4813.568499999999,6324.764499999999,2074.93,2034.992,2.7750000000000004,4.24,63.075,-242.42,32.17541461055871,0.0670399959014053,0.0,0.0,56.57,1500.965,1541.39,44.09000000000015,0.0,44.09000000000015,1043.171
2026-01-02 19:00:00,1255.294,0.0,399.889,41.339,220.682,63.415,0.0,0.0,1426.468,5121.878,130.49,1426.468,0.278504876531616,3695.41,3407.0870000000004,True,True,True,2,1112.5585,596.1965,608.3805,2.2,0.0,-2.5155000000000003,441.844,3677.48,5077.705,1485.345,1435.645,0.575,4.225,63.37,529.9549999999999,513.13,28.273824446138317,0.0832076023078285,4693.262,6190.2635,2081.5415000000003,2044.0255,2.7750000000000004,4.225,63.37,-338.58500000000004,33.02230695185815,0.0682532760504614,0.0,0.0,56.81,1439.87,1485.92,49.700000000000045,0.0,49.700000000000045,1043.085
2026-01-02 19:30:00,1196.547,0.0,262.659,41.339,211.747,63.207,0.0,0.0,1503.761,5023.584,130.49,1503.761,0.2993402718059457,3519.823,3279.26,True,True,True,2,1067.4495,545.0675000000001,554.9175,2.2,0.0,-2.488,441.8035,3577.8450000000003,4968.645,1596.3049999999998,1527.77,0.585,4.23,63.59,529.905,513.1575,30.751056573663494,0.0851377389740845,4534.954,6036.0945,2141.3725,2082.6875,2.785,4.23,63.59,-325.1,34.50425898958242,0.0700820585336592,0.0,0.0,58.73500000000001,1532.0,1596.89,68.53499999999985,0.0,68.53499999999985,1043.0625
2026-01-02 20:00:00,1184.374,0.0,164.366,41.339,214.967,63.578,0.0,0.0,1531.255,4907.988,120.89,1531.255,0.3119924091093947,3376.733,3199.879,True,True,True,2,1020.797,582.6295,573.3465,2.2,0.0,-2.5215,441.8345,3414.945,4873.99,1582.89,1520.39,0.5700000000000001,4.220000000000001,63.925,529.915,513.145,31.19297233573991,0.0865829643475041,4393.9745,5894.787,2165.5195000000003,2093.7365,2.77,4.220000000000001,63.925,-393.32,35.519693192195014,0.0715900857604455,0.0,0.0,60.33500000000001,1524.61,1583.46,62.50000000000023,0.0,62.50000000000023,1043.06
2026-01-02 20:30:00,1115.725,0.0,173.436,41.13,154.03,64.388,0.0,0.0,1484.266,4836.663,120.89,1484.266,0.3068781099696216,3352.3969999999995,3032.975,True,True,True,2,971.786,603.78,492.1595,2.2,0.0,-2.5375,441.801,3334.16,4760.395,1528.54,1500.025,0.5800000000000001,4.245,63.88,522.2049999999999,513.0765,31.51260986371633,0.089180268788593,4249.077499999999,5732.1810000000005,2132.32,1992.1845,2.78,4.245,63.88,-377.85,34.75401720659212,0.074062007696561,0.0,0.0,60.09,1504.27,1529.12,28.514999999999876,0.0,28.514999999999876,1035.2815
2026-01-02 21:00:00,1209.105,0.0,187.51,41.548,0.0,63.68,0.0,0.0,1503.025,4715.387,103.99,1503.025,0.318749023144866,3212.362,3004.8680000000004,True,True,True,2,930.456,547.319,421.051,2.2,0.0,-17.3415,441.832,3384.245,4651.405,1551.515,1523.48,0.585,4.220000000000001,63.8,406.845,512.7105,32.754352304447124,0.0907270608018479,4218.369500000001,5581.861,2098.834,1944.531,2.785,4.220000000000001,63.8,-322.07000000000005,34.838186106768674,0.0756043711690036,0.0,0.0,58.775,1527.7,1552.1,28.03499999999985,0.0,28.03499999999985,919.5555
2026-01-02 21:30:00,1248.032,0.0,169.058,41.339,0.0,63.496,0.0,0.0,1518.578,4587.118,103.99,1518.578,0.3310527437925076,3068.5400000000004,3040.503,True,True,True,2,891.396,559.7735,421.4915,2.2,0.0,-2.4905,396.7445,3434.92,4509.075000000001,1538.245,1506.765,0.59,4.215,63.625,256.84,453.5375,33.414439335687455,0.0934833012645015,4277.0855,5400.471,2098.0185,1928.2565,2.79,4.215,63.625,-339.875,35.70545505078244,0.0780538934565614,0.0,0.0,55.965,1510.9799999999998,1538.8349999999998,31.480000000000015,0.0,31.480000000000015,710.3775
2026-01-02 22:00:00,1267.128,0.0,164.031,67.17,0.0,64.006,0.0,0.0,1448.129,4417.846,94.775,1448.129,0.3277907378392094,2969.717,3010.464,True,True,True,2,834.6545,591.2795,382.8715,2.2,0.0,-2.5205,440.258,3315.875,4353.65,1563.34,1517.75,0.59,4.24,63.69,120.76,509.2745,34.87033084369113,0.0973958990077333,4112.4145,5188.3045,2154.6195,1900.6215,2.79,4.24,63.69,-395.59,36.63271746365601,0.0817289940811749,0.0,0.0,56.91,1521.99,1563.9299999999998,45.58999999999992,0.0,45.58999999999992,630.0345
2026-01-02 22:30:00,1279.519,0.0,0.006,69.273,0.0,64.079,0.0,0.0,1561.225,4298.172,94.775,1561.225,0.3632299963798563,2736.947,2974.102,True,True,True,2,781.7425,604.7625,332.124,2.2,0.0,-49.116,441.9035,3198.105,4233.93,1630.38,1564.79,0.595,4.225,63.6,197.3,485.2305,36.95959413088179,0.0997931851424925,3934.5035,5015.6725,2235.1425,1896.914,2.795,4.225,63.6,-342.09000000000003,37.824360818892494,0.08424020200533,0.0,0.0,59.295,1569.015,1630.975,65.59000000000015,0.0,65.59000000000015,682.5305000000001
2026-01-02 23:00:00,963.225,0.0,0.006,70.311,91.549,63.96,0.0,0.0,1540.737,4165.388,116.74,1540.737,0.3698903919634858,2624.651,2729.788,True,True,True,2,730.438,619.9665,265.9015,2.2,0.0,-7.427,441.859,3072.5550000000003,4276.01,1650.09,1586.195,0.585,4.25,63.415000000000006,321.18,505.6345,37.09624360865556,0.0993921050919442,3742.7265,5006.448,2270.0565,1852.0965,2.785,4.25,63.415000000000006,-370.07,36.99609524472676,0.0848925010278427,0.0,0.0,61.78,1590.445,1650.6750000000002,63.89500000000021,0.0,63.89500000000021,826.8145
2026-01-02 23:30:00,738.012,0.0,0.006,66.611,142.606,64.173,0.0,0.0,1598.794,4224.101,116.74,1598.794,0.3784933172762678,2625.307,2610.202,True,True,True,2,680.3340000000001,670.04,241.84,2.2,0.0,-2.5475000000000003,441.911,2791.855,4178.555,1711.38,1627.835,0.6,4.23,63.575,470.285,513.1565,38.95786250208071,0.1012341994301503,3432.7055,4858.889,2381.42,1869.675,2.8,4.23,63.575,-395.585,38.48054842571811,0.0870606901888261,0.0,0.0,67.25000000000001,1632.065,1711.98,83.54500000000007,0.0,83.54500000000007,983.4415
2026-01-03 00:00:00,598.236,0.0,0.006,68.149,0.0,63.708,0.0,0.0,1632.005,4118.951,102.32,1632.005,0.3962186003183821,2486.946,2362.1040000000003,True,True,True,2,639.8035,655.9445000000001,169.38299999999998,2.2,0.0,-2.549,441.8985,2823.935,4102.785,1695.775,1658.31,0.59,4.225,63.895,463.54,513.113,40.42118160506081,0.1029855347917935,3415.85,4742.5885,2351.7195,1827.693,2.79,4.225,63.895,-387.475,38.53963784207773,0.0890952912367886,0.0,0.0,66.58,1662.535,1696.365,37.46500000000015,0.0,37.46500000000015,976.653
2026-01-03 00:30:00,771.758,0.0,0.006,83.586,0.0,64.224,0.0,0.0,1582.318,4018.0,102.32,1582.318,0.3938073668491787,2435.682,2501.892,True,True,True,2,605.148,654.5755,156.7495,2.2,0.0,-2.521,417.3805,2944.0,3972.92,1678.77,1640.855,0.61,4.23,63.79,324.58000000000004,513.0525,41.304890119638685,0.1064737963753958,3524.5695,4578.067999999999,2333.3455,1797.6045,2.81,4.23,63.79,-386.89,39.26947774987827,0.0924001042631924,0.0,0.0,63.370000000000005,1645.085,1679.38,37.91499999999997,0.0,37.91499999999997,837.6325
2026-01-03 01:00:00,838.476,0.0,0.006,73.041,0.0,63.559,0.0,0.0,1668.97,3941.892,94.005,1668.97,0.4233931320289851,2272.922,2644.052,True,True,True,2,619.3299999999999,611.822,155.382,2.2,0.0,-2.5045,353.4205,2937.48,3906.28,1635.025,1587.8049999999998,0.585,4.225,63.695,377.395,513.1845000000001,40.644677283376375,0.108163772893157,3508.536,4525.610000000001,2246.847,1743.187,2.785,4.225,63.695,-297.35,38.51601280571324,0.0933597643474178,0.0,0.0,62.335,1592.0299999999995,1635.61,47.220000000000255,0.0,47.220000000000255,890.5795
2026-01-03 01:30:00,902.72,0.0,0.006,72.763,0.0,63.82,0.0,0.0,1512.18,3843.862,94.005,1512.18,0.3934012199189253,2331.682,2551.489,True,True,True,2,609.2729999999999,633.519,151.4965,2.2,0.0,-5.428000000000001,353.37,2875.34,3799.465,1508.425,1461.25,0.605,4.215,63.75,354.66,513.1700000000001,38.45914430494011,0.1109411522842935,3443.5370000000003,4408.738,2141.944,1612.7465,2.805,4.215,63.75,-301.345,36.58068040477021,0.0956101666532774,0.0,0.0,60.29,1465.465,1509.03,47.17499999999996,0.0,47.17499999999996,867.83
2026-01-03 02:00:00,921.49,0.0,0.006,66.888,0.0,63.496,0.0,0.0,1447.382,3794.034,94.55,1447.382,0.3814889376320823,2346.652,2499.262,True,True,True,2,601.1975,604.233,155.1705,2.2,0.0,-5.5045,353.39250000000004,2836.29,3860.755,1624.155,1539.01,0.585,4.215,63.68,465.25,513.2035000000001,39.86516080472585,0.1091756484845751,3393.683,4461.952499999999,2228.388,1694.1805,2.785,4.215,63.68,-298.945,37.971851740975936,0.0944655345105471,0.0,0.0,63.465,1543.225,1624.74,85.14499999999998,0.0,85.14499999999998,978.4535
2026-01-03 02:30:00,699.202,0.0,0.006,69.482,0.0,63.412,0.0,0.0,1641.86,3824.935,94.55,1641.86,0.4292517389184391,2183.075,2473.962,True,True,True,2,588.6535,594.9749999999999,155.98250000000002,2.2,0.0,-5.5,353.3905,2694.185,3773.065,1623.1,1563.5700000000002,0.6,4.235,63.83,513.855,513.2425,41.44150051815452,0.1122445347036146,3258.163,4361.7185,2218.075,1719.5525000000002,2.8000000000000003,4.235,63.83,-318.97,39.42481469830895,0.0970963660278755,0.0,0.0,66.215,1567.805,1623.6999999999998,59.52999999999975,0.0,59.52999999999975,1027.0975
2026-01-03 03:00:00,597.488,0.0,0.006,65.427,0.0,63.466,0.0,0.0,1635.94,3739.688,94.3,1635.94,0.4374536057553464,2103.748,2362.327,True,True,True,2,578.0944999999999,513.616,150.5725,2.2,0.0,-5.524,353.3905,2682.215,3717.415,1776.39,1699.8049999999998,0.56,4.225,63.575,495.04,513.171,45.72467511196044,0.1136645314078066,3235.9715,4295.5095,2290.0060000000003,1850.3775,2.76,4.225,63.575,-318.32000000000005,43.07636494095576,0.0983665931962632,0.0,0.0,69.215,1704.0299999999995,1776.9499999999998,76.58500000000004,0.0,76.58500000000004,1008.211
2026-01-03 03:30:00,515.074,0.0,0.006,70.593,0.0,63.543,0.0,0.0,1675.149,3660.214,94.3,1675.149,0.4576642240043888,1985.065,2324.365,True,True,True,2,570.2245,532.22,152.4895,2.2,0.0,-6.737500000000001,353.37850000000003,2588.2200000000003,3635.645,1673.03,1626.78,0.5449999999999999,4.22,63.555,510.275,513.208,44.745988746506846,0.116073807436635,3153.511,4205.869500000001,2205.25,1779.2695,2.745,4.22,63.555,-337.215,42.30537098305695,0.1003373153876813,0.0,0.0,69.045,1631.0,1673.575,46.25,0.0,46.25,1023.483
2026-01-03 04:00:00,496.207,0.0,0.006,67.17,0.0,63.36,0.0,0.0,1653.956,3613.966,94.105,1653.956,0.4576567682153069,1960.01,2280.699,True,True,True,2,566.4755,541.7384999999999,151.546,2.2,0.0,-15.2355,353.389,2597.56,3602.87,1658.36,1617.1,0.54,4.225,63.75,445.545,513.2065,44.87831680654706,0.1172692326015587,3168.6705,4169.345499999999,2200.0985,1768.646,2.74,4.225,63.75,-339.045,42.41669891197083,0.1013355156385144,0.0,0.0,68.145,1621.3249999999998,1658.9,41.26000000000022,0.0,41.26000000000022,958.7515
2026-01-03 04:30:00,627.527,0.0,0.006,75.835,0.0,64.316,0.0,0.0,1479.375,3568.696,94.105,1479.375,0.41454217450856,2089.321,2247.059,True,True,True,2,564.5260000000001,524.226,152.40699999999998,2.2,0.0,-22.6765,353.372,2616.78,3545.26,1521.29,1491.8000000000002,0.53,4.225,63.43,364.73,513.1685,42.0792197013408,0.1191728764126218,3190.3345,4109.786,2045.516,1644.207,2.73,4.225,63.43,-334.315,40.00739031087506,0.102803195029179,0.0,0.0,64.47500000000001,1496.025,1521.82,29.48999999999978,0.0,29.48999999999978,877.8985
2026-01-03 05:00:00,718.61,0.0,0.006,74.852,0.0,63.191,0.0,0.0,1494.976,3528.741,87.9,1494.976,0.4236570493555633,2033.765,2351.635,True,True,True,2,570.342,530.345,152.225,2.2,0.0,-22.591500000000003,353.39300000000003,2781.255,3548.36,1544.565,1512.68,0.54,4.205,63.255,214.8,513.1875,42.63022807720563,0.1185064090668022,3349.5885,4118.701999999999,2074.91,1664.9050000000002,2.74,4.205,63.255,-323.4,40.42293679073728,0.1020956051627169,0.0,0.0,61.495,1516.885,1545.105,31.88499999999999,0.0,31.88499999999999,727.9875
2026-01-03 05:30:00,939.925,0.0,0.006,70.52,0.0,62.884,0.0,0.0,1487.388,3541.887,87.9,1487.388,0.4199422511220713,2054.4990000000003,2560.723,True,True,True,2,569.98,580.6925,151.6565,2.2,0.0,-29.989,353.3915,2880.68,3549.935,1570.22,1520.025,0.525,4.205,62.965,93.84,513.208,42.81698826370327,0.1184525036471145,3423.2635,4119.915,2150.9125000000004,1671.6815,2.725,4.205,62.965,-290.67,40.57344882397092,0.1020650103309522,0.0,0.0,59.66,1524.23,1570.745,50.194999999999936,0.0,50.194999999999936,607.048
2026-01-03 06:00:00,924.235,0.0,0.006,68.991,0.0,62.93,0.0,0.0,1607.802,3582.815,91.42,1607.802,0.4487538429977545,1975.013,2663.964,True,True,True,2,602.296,521.6815,156.3965,2.2,0.0,-2.1505,364.7725,3021.515,3642.72,1708.04,1655.36,0.53,4.21,63.06,1.46,513.1785,45.44509686755316,0.1155790674972582,3577.43,4245.016,2229.7215,1811.7565,2.7300000000000004,4.21,63.06,-310.815,42.68092776652347,0.0991808888600332,0.0,0.0,60.02000000000001,1659.5700000000002,1708.57,52.67999999999984,0.0,52.67999999999984,514.6385
2026-01-03 06:30:00,925.749,0.0,0.006,69.55,0.0,63.122,0.0,0.0,1553.746,3660.545,91.42,1553.746,0.4244575602813242,2106.799,2612.173,True,True,True,2,636.2049999999999,506.277,199.8915,2.2,0.0,-1.2065,384.077,2863.84,3674.135,1509.05,1475.46,0.5,4.23,63.125,0.02,513.1695,40.15929365040532,0.1151293130961846,3475.824,4310.34,2015.327,1675.3514999999998,2.7,4.23,63.125,-353.58000000000004,38.86894673961572,0.0981362472459192,0.0,0.0,58.46,1479.69,1509.55,33.58999999999992,0.0,33.58999999999992,513.1895
2026-01-03 07:00:00,925.715,0.0,0.006,63.68,0.0,62.827,0.0,0.0,1494.724,3717.626,101.125,1494.724,0.4020641129581082,2222.902,2546.952,True,True,True,2,682.691,448.5895,350.84,2.2,0.0,-1.8475,248.6545,2941.905,3797.93,1565.635,1533.365,0.535,4.205,63.125,0.02,513.1144999999999,40.37586127432287,0.1107182686550959,3705.2095,4480.620999999999,2014.2245,1884.205,2.7350000000000003,4.205,63.125,-322.12,42.04532744011556,0.0938513574429926,0.0,0.0,58.845000000000006,1537.57,1566.17,32.26999999999998,0.0,32.26999999999998,513.1344999999999
2026-01-03 07:30:00,1076.386,0.0,0.006,41.339,0.0,63.359,0.0,0.0,1545.945,3842.801,101.125,1545.945,0.4022963978618721,2296.856,2727.035,True,True,True,2,729.101,450.844,462.5125,2.716,0.0,-2.4135,133.3665,3107.325,3913.6,1534.0749999999998,1504.275,0.52,4.2,68.11,0.02,513.1635,38.44353894653226,0.1073244484936551,3983.419,4642.701,1984.919,1966.7875,3.236,4.2,68.11,-272.635,42.36837921374314,0.0904710315530853,0.0,0.0,56.065,1508.475,1534.5949999999998,29.799999999999727,0.0,29.799999999999727,513.1835
2026-01-03 08:00:00,1211.892,0.0,0.006,41.27,0.0,95.264,0.0,0.0,1479.059,3946.515,96.805,1479.059,0.3747759732320794,2467.456,2827.491,True,True,True,2,773.633,422.6895,443.31,3.49,0.0,11.4995,198.341,3190.45,4020.35,1474.4,1428.8200000000002,0.535,4.0600000000000005,95.68,0.02,513.142,35.547647861541506,0.101030008281926,4055.3605,4793.983,1897.0895,1872.13,4.025,4.0600000000000005,95.68,-295.36,39.06852464366346,0.0847309484043807,0.0,0.0,53.955,1432.88,1474.9350000000002,45.57999999999993,0.0,45.57999999999993,513.162
2026-01-03 08:30:00,1173.451,0.0,205.292,68.363,0.0,95.527,0.0,0.0,1374.368,4071.293,96.805,1374.368,0.3375753108410522,2696.925,2917.001,True,True,True,2,822.22,374.951,385.7225,3.6015,0.0,0.506,330.928,3244.685,4116.49,1400.68,1370.4299999999998,5.125,7.99,95.695,0.02,513.118,33.29245820559889,0.1935399618162121,4081.093,4938.71,1775.631,1756.1525,8.7265,7.99,95.695,-339.045,35.56061259301556,0.1612054928873498,0.0,0.0,52.565,1378.4199999999998,1405.805,30.250000000000227,0.0,30.250000000000227,513.138
2026-01-03 09:00:00,1217.911,0.0,191.218,82.676,0.0,96.511,0.0,0.0,1370.472,4205.716,102.78,1370.472,0.3258593780464491,2835.2440000000006,2958.788,True,True,True,2,888.79,394.494,410.8315,4.991,0.7154999999999999,-2.4535,437.1415,3320.775,4298.145,1364.705,1329.5100000000002,44.545,33.875,96.145,64.555,513.075,30.940379668035977,0.7866295825267428,4161.171,5186.935,1759.199,1740.3415,49.536,34.5905,96.145,-381.595,33.559686875514615,0.6653023381413472,0.0,0.0,53.52,1363.3850000000002,1409.25,35.19499999999971,10.670000000000002,45.86499999999971,577.6300000000001
2026-01-03 09:30:00,1338.196,0.0,229.463,95.382,0.0,97.638,0.0,0.0,1202.279,4339.012,102.78,1202.279,0.2770858895988303,3136.733,2962.958,True,True,True,2,931.1245,336.906,353.7735,12.396,1.881,-2.447,441.757,3423.025,4392.41,1201.3249999999998,1173.345,107.415,82.555,95.96,161.555,513.092,26.71529164878188,1.877991266822812,4195.512000000001,5323.5345,1538.231,1527.1185,119.811,84.436,95.96,-275.69,28.690035606802724,1.5847739032968902,0.0,0.0,51.28999999999999,1255.9,1308.7399999999998,27.97999999999979,24.859999999999985,52.839999999999776,674.6469999999999
2026-01-03 10:00:00,1396.181,0.0,301.239,100.624,0.0,96.257,0.0,0.0,1085.184,4414.742,98.8,1085.184,0.2458091548724704,3329.558,2979.485,True,True,True,2,968.144,395.1665,414.306,19.1995,3.206,-2.433,441.784,3445.205,4441.165,1090.485,1061.71,170.06,146.39,95.83,120.83,513.062,23.90614320465864,3.295968451142064,4322.248,5409.309,1485.6515,1476.0159999999998,189.2595,149.596,95.83,-342.125,27.28674886565308,2.7647099358933414,0.0,0.0,50.370000000000005,1208.1,1260.545,28.77500000000009,23.670000000000016,52.44500000000011,633.892
2026-01-03 10:30:00,1415.803,0.0,304.947,101.043,0.0,96.002,0.0,0.0,1023.19,4444.19,98.8,1023.19,0.2302309307207838,3420.9999999999995,2940.985,True,True,True,2,990.4675,354.2235,367.6325,36.0495,5.402,-2.587,441.701,3426.755,4455.675,992.535,967.675,228.73,214.94,96.065,184.96,513.1135,21.71753330401398,4.824311004795931,4296.4875,5446.1425,1346.7585,1335.3075,264.7795,220.342,96.065,-311.08500000000004,24.51834610504577,4.04596189423997,0.0,0.0,50.31,1182.615,1221.265,24.860000000000127,13.789999999999992,38.65000000000012,698.0735000000001
2026-01-03 11:00:00,1421.71,0.0,311.314,101.252,0.0,96.088,0.0,0.0,944.271,4443.948,94.715,944.271,0.2124847095420558,3499.6770000000006,2874.635,True,True,True,2,1005.83,335.52250000000004,344.1205,36.231,7.2675,-2.576,441.701,3426.105,4456.5650000000005,1038.165,969.9,271.735,249.845,94.865,228.135,513.183,21.76148888502056,5.606339044606382,4270.965,5462.395,1373.6875,1314.0205,307.966,257.11249999999995,94.865,-271.165,24.05430740945065,4.706950818763649,0.0,0.0,51.36000000000001,1219.745,1309.9,68.26499999999987,21.89000000000001,90.15499999999987,741.318
2026-01-03 11:30:00,1246.314,0.0,213.356,98.454,0.0,95.734,0.0,0.0,1017.339,4463.645,94.715,1017.339,0.2279166465971196,3446.3060000000005,2671.197,True,True,True,2,1021.4375,377.2995,389.649,30.3515,7.0465,-2.6025,441.688,3319.94,4439.87,930.25,895.44,303.63,300.745,96.27,257.76,513.139,20.16758329766305,6.773709677566568,4237.7965,5461.3075,1307.5495,1285.089,333.9815,307.79150000000004,96.27,-328.85,23.530861792771702,5.635844650783159,0.0,0.0,52.415,1196.185,1233.88,34.809999999999945,2.884999999999991,37.694999999999936,770.899
2026-01-03 12:00:00,1281.644,0.0,235.83,99.15,0.0,96.062,0.0,0.0,892.682,4433.251,95.0,892.682,0.2013605816589225,3540.5690000000004,2605.368,True,True,True,2,1032.4425,365.187,381.7905,42.952,12.9495,-2.594,441.7195,3357.315,4455.225,852.615,827.105,323.2,332.94,96.175,233.91,513.1610000000001,18.565695155952284,7.472866115282533,4287.9345,5487.6675,1217.802,1208.8955,366.152,345.8895,96.175,-329.75,22.03006380522356,6.3028785031476975,0.0,0.0,51.225,1160.045,1175.815,25.50999999999999,0.0,25.50999999999999,747.071
2026-01-03 12:30:00,1318.859,0.0,269.048,98.732,0.0,95.308,0.0,0.0,782.214,4467.425,95.0,782.214,0.1750928107354908,3685.211,2564.161,True,True,True,2,1032.4215,380.328,394.193,31.568,10.414,-2.632,441.7065,3319.985,4463.755,900.735,838.605,323.905,327.72,95.11,275.88,513.1965,18.787441117934826,7.341767235931823,4253.5055,5496.1765,1281.063,1232.798,355.473,338.134,95.11,-333.695,22.43058330205649,6.152135519743819,0.0,0.0,52.085,1166.325,1224.64,62.12999999999988,0.0,62.12999999999988,789.0765
2026-01-03 13:00:00,1239.528,0.0,264.669,97.83,0.0,95.213,0.0,0.0,871.848,4449.972,98.485,871.848,0.1959221316448732,3578.124,2569.088,True,True,True,2,1019.616,357.499,373.556,20.2275,7.528,-2.637,441.691,3346.415,4454.445,947.52,896.5150000000001,306.23,320.76,95.52,244.985,513.1569999999999,20.12604016000907,7.20087751470618,4261.711,5474.061,1305.019,1270.071,326.4575,328.288,95.52,-327.615,23.200706213062816,5.997038102702164,0.0,0.0,52.06999999999999,1217.275,1253.75,51.00499999999988,0.0,51.00499999999988,758.1419999999999
2026-01-03 13:30:00,1258.116,0.0,270.388,99.291,0.0,96.076,0.0,0.0,864.614,4431.894,98.485,864.614,0.1950890522201117,3567.28,2588.485,True,True,True,2,997.125,336.7695,349.9825,22.813,7.612,-2.6125,441.683,3289.71,4438.29,914.83,869.2249999999999,274.91,281.325,95.685,284.28,513.182,19.5848247171778,6.33826009424185,4184.6365000000005,5435.415,1251.5995,1219.2075,297.723,288.937,95.685,-328.83,22.431556923076567,5.315346099858422,0.0,0.0,51.44,1150.55,1189.74,45.60500000000013,0.0,45.60500000000013,797.462
2026-01-03 14:00:00,1247.592,0.0,267.708,98.313,0.0,95.989,0.0,0.0,872.737,4425.278,106.19,872.737,0.1972163104781213,3552.541,2582.339,True,True,True,2,985.126,345.5905,357.626,24.456,8.430499999999999,-2.624,441.672,3254.89,4454.535,894.365,862.885,230.065,234.82,95.725,309.265,513.152,19.37050559532158,5.2728012514712415,4163.969999999999,5439.661,1239.9555,1220.511,254.521,243.2505,95.725,-356.13,22.43741060210341,4.472691463467962,0.0,0.0,50.82,1097.705,1124.43,31.480000000000015,0.0,31.480000000000015,822.417
2026-01-03 14:30:00,1261.03,0.0,271.394,99.291,0.0,95.365,0.0,0.0,857.379,4466.342,106.19,857.379,0.1919644756268105,3608.963,2584.459,True,True,True,2,988.18,324.807,335.015,17.085,7.1555,-2.6295,441.6795,3195.36,4494.425,918.125,882.1800000000001,178.65,170.115,95.81,436.005,513.1475,19.627232533692087,3.786231329299789,4079.531,5482.6050000000005,1242.932,1217.195,195.735,177.2705,95.81,-328.0,22.201004588645763,3.234412544122073,0.0,0.0,51.145,1052.295,1096.775,35.944999999999936,8.534999999999997,44.47999999999993,949.1525
2026-01-03 15:00:00,1287.179,0.0,299.563,101.594,0.0,97.21,0.0,0.0,835.791,4536.929,125.0,835.791,0.1842195458646146,3701.138,2621.337,True,True,True,2,1003.84,303.264,313.2825,6.724,2.5055,-2.6085000000000003,441.6815,3271.935,4579.639999999999,797.9100000000001,772.775,114.635,107.935,96.065,478.115,513.087,16.875900554877937,2.358986057120109,4137.213,5583.48,1101.174,1086.0575,121.359,110.4405,96.065,-292.375,19.452190464346117,1.979586528398632,0.0,0.0,47.08,880.71,912.545,25.135000000000105,6.699999999999989,31.835000000000093,991.202
2026-01-03 15:30:00,1317.864,0.0,377.393,101.594,0.0,96.03,0.0,0.0,746.252,4631.454,125.0,746.252,0.1611269376744322,3885.202,2639.133,True,True,True,2,1025.796,260.97,266.047,5.859500000000001,1.6215000000000002,-2.6505,441.688,3403.945,4687.365,706.705,685.4449999999999,50.510000000000005,47.43,95.97,529.96,513.1055,14.626341041488883,1.0132496984240986,4215.1085,5713.161,967.675,951.492,56.3695,49.0515,95.97,-215.16,16.656781827288007,0.8598457573873449,0.0,0.0,43.17,732.8749999999999,757.215,21.260000000000105,3.0800000000000054,24.34000000000011,1043.0655000000002
2026-01-03 16:00:00,1409.946,0.0,437.441,98.591,95.496,95.587,0.0,0.0,669.882,4744.26,156.19,669.882,0.1411984166129175,4074.378,2806.943,True,True,True,2,1065.036,258.086,264.7445,3.8765,0.0635,-2.6685,441.6895,3582.09,4815.235,732.725,699.375,9.87,13.935,95.51,529.95,513.1545,14.522251586368483,0.2901249208438354,4382.940500000001,5880.271,990.811,964.1195,13.7465,13.9985,95.51,-164.7,16.392011935933336,0.2387886640602539,0.0,0.0,41.815000000000005,713.31,742.595,33.35000000000002,0.0,33.35000000000002,1043.1045
2026-01-03 16:30:00,1430.058,0.0,433.42,98.591,149.636,95.253,0.0,0.0,790.29,4895.901,156.19,790.29,0.161418705157641,4105.611,2997.248,True,True,True,2,1148.453,278.869,288.102,3.704,0.0,-0.848,441.7325,3841.985,5018.355,880.6,847.17,0.72,4.27,95.75,529.98,513.1445,16.880421801870582,0.0852289267166408,4667.6855,6166.808,1159.469,1135.272,4.424,4.27,95.75,-107.18,18.411354549648777,0.0693732633903443,0.0,0.0,43.31,851.4399999999999,881.32,33.430000000000064,0.0,33.430000000000064,1043.1245
2026-01-03 17:00:00,1422.35,0.0,429.064,97.412,214.822,95.811,0.0,0.0,843.635,5133.087,193.525,843.635,0.1643523672986645,4289.452,3103.094,True,True,True,2,1213.3055,232.176,241.421,3.704,0.0,34.005,441.7215,4116.73,5216.165,916.335,879.49,0.535,4.01,95.805,529.98,513.123,16.85867897019662,0.0768609831962879,4895.052,6429.470499999999,1148.511,1120.911,4.239000000000001,4.01,95.805,-28.645000000000003,17.4329234535573,0.0623566236778724,0.0,0.0,44.67,883.5,916.87,36.84500000000003,0.0,36.84500000000003,1043.103
2026-01-03 17:30:00,1464.564,0.0,434.76,101.663,220.682,96.566,0.0,0.0,854.32,5257.048,193.525,854.32,0.1625094539749304,4402.728,3172.5550000000003,True,True,True,2,1218.0605,229.566,229.7615,3.704,0.0,66.071,441.6945,4167.425,5273.105,958.73,905.255,0.535,4.345,94.915,529.98,513.1455000000001,17.167598821988477,0.0823992433943637,4925.9175000000005,6491.1655,1188.296,1135.0165000000002,4.239000000000001,4.345,94.915,-35.845,17.48602050635908,0.066937122710637,0.0,0.0,45.38,909.6,959.265,53.47500000000002,0.0,53.47500000000002,1043.1255
2026-01-03 18:00:00,1432.339,0.0,414.968,97.903,215.631,94.551,0.0,0.0,929.333,5256.894,186.805,929.333,0.1767836673138168,4327.561000000001,3184.725,True,True,True,2,1182.0255,210.222,216.286,3.704,0.0,8.377500000000001,441.687,4153.035,5238.085,879.0550000000001,858.2850000000001,0.53,4.325,95.415,529.985,513.0635,16.382543399520134,0.0825692844537507,4916.047500000001,6420.110500000001,1089.277,1074.571,4.234,4.325,95.415,-17.43,16.73426560014157,0.0673677512320014,0.0,0.0,43.465,862.6100000000001,879.585,20.769999999999985,0.0,20.769999999999985,1043.0485
2026-01-03 18:30:00,1463.546,0.0,427.053,101.394,220.315,94.873,0.0,0.0,771.706,5202.529,186.805,771.706,0.1483328588845924,4430.823,3078.887,True,True,True,2,1136.172,252.244,253.7225,3.704,0.0,-2.7685,441.7005,4011.765,5163.264999999999,797.835,764.51,0.505,4.31,94.755,529.975,513.1335,14.808701226386534,0.0834755688618942,4806.1695,6299.437,1050.079,1018.2325,4.209,4.31,94.755,-84.92500000000001,16.16596678476797,0.0684205440761074,0.0,0.0,40.61,768.8199999999999,798.34,33.325000000000045,0.0,33.325000000000045,1043.1085
2026-01-03 19:00:00,1445.977,0.0,414.968,98.663,217.821,94.78,19.139,0.0,804.435,5128.121,158.07,804.435,0.1568673984096709,4323.686,3095.783,True,True,True,2,1087.3925,238.238,239.9625,3.704,0.0,14.409,441.696,3892.695,5096.115,821.085,786.9000000000001,0.525,4.315,94.895,529.975,513.1044999999999,15.44057830746984,0.0846726470234935,4671.912,6183.5075,1059.323,1026.8625000000002,4.229,4.315,94.895,-136.28,16.60682343385929,0.0697832633588784,0.0,0.0,40.855,791.2150000000001,821.61,34.184999999999945,0.0,34.184999999999945,1043.0794999999998
2026-01-03 19:30:00,1469.335,0.0,448.521,101.663,220.468,95.469,0.0,0.0,713.214,5038.342,158.07,713.214,0.1415572821376556,4325.128,3048.67,True,True,True,2,1049.3365,215.548,218.1325,3.704,0.0,-2.2145,441.6705,3796.005,4999.9,757.405,727.385,0.515,4.315,94.915,529.985,513.1659999999999,14.548882851668893,0.0863040807653636,4555.09,6049.2365,972.953,945.5175,4.219,4.315,94.915,-137.54,15.631049952916756,0.0713337574406292,0.0,0.0,40.02,731.7,757.92,30.019999999999985,0.0,30.019999999999985,1043.1509999999998
2026-01-03 20:00:00,1448.683,0.0,441.149,99.992,218.698,94.774,0.0,0.0,742.873,4962.95,154.96,742.873,0.1496837566366778,4220.076999999999,3046.1690000000003,True,True,True,2,1005.6585,173.637,173.474,3.704,0.0,-2.5775,441.694,3708.63,4911.66,717.025,695.7049999999999,0.5,4.279999999999999,95.335,529.98,513.0955,14.16262740249186,0.0871450330774118,4423.9365,5917.318499999999,890.6619999999999,869.179,4.204000000000001,4.279999999999999,95.335,-137.32,14.686212137206278,0.0723361649287097,0.0,0.0,39.375,699.9849999999999,717.525,21.32000000000005,0.0,21.32000000000005,1043.0755
2026-01-03 20:30:00,1458.231,0.0,440.814,99.851,199.144,95.381,0.0,0.0,644.875,4844.941,154.96,644.875,0.1331027560500736,4200.066,2938.296,True,True,True,2,963.5375,152.314,152.3235,3.704,0.0,-2.495,441.705,3577.815,4803.995,663.23,642.565,0.5,4.315,95.705,529.98,513.0865,13.372995205288158,0.0898254762361262,4273.487,5767.532499999999,815.5440000000001,794.8885,4.204000000000001,4.315,95.705,-160.225,13.779593469205992,0.0748194600088422,0.0,0.0,38.98,646.8800000000001,663.73,20.664999999999964,0.0,20.664999999999964,1043.0665
2026-01-03 21:00:00,1462.136,0.0,450.196,101.522,86.418,96.239,0.0,0.0,602.24,4751.093,141.215,602.24,0.126758200691925,4148.853,2798.751,True,True,True,2,934.795,165.8655,167.711,3.704,0.0,-2.5105,441.6915,3429.325,4700.24,618.075,599.19,0.49,4.3,95.57,529.985,513.116,12.747866937910008,0.0914843320047603,4140.39,5635.035,783.9405,766.9010000000001,4.194000000000001,4.3,95.57,-204.74,13.609701758290232,0.0763084719157606,0.0,0.0,39.4,603.49,618.565,18.88499999999999,0.0,18.88499999999999,1043.101
2026-01-03 21:30:00,1374.832,0.0,447.181,101.252,87.669,95.54,0.0,0.0,575.662,4634.675,141.215,575.662,0.1242076305242546,4059.013,2682.1360000000004,True,True,True,2,896.072,188.444,191.451,3.704,0.0,-2.523,441.6875,3247.24,4575.465,613.155,588.735,0.5,4.279999999999999,95.515,529.975,513.13,12.868303722148228,0.093545683642911,3977.965,5471.537,801.5989999999999,780.186,4.204000000000001,4.279999999999999,95.515,-264.62,14.260783289920544,0.0782264222022824,0.0,0.0,40.83,593.015,613.655,24.41999999999996,0.0,24.41999999999996,1043.105
2026-01-03 22:00:00,1363.915,0.0,459.936,101.594,25.847,97.195,0.0,0.0,544.382,4527.823,113.305,544.382,0.1202304065331175,3983.441,2592.869,True,True,True,2,857.217,192.3245,197.6865,3.704,0.0,-18.755,441.689,3121.21,4480.38,553.5699999999999,528.395,0.49,4.27,95.6,529.98,513.1345,11.793563283483492,0.095313046761947,3859.203,5337.597,745.8945,726.0815,4.194000000000001,4.27,95.6,-294.95,13.602736004330351,0.0800065371318568,0.0,0.0,40.7,532.665,554.06,25.174999999999955,0.0,25.174999999999955,1043.1145
2026-01-03 22:30:00,1299.603,0.0,464.292,99.992,4.756,95.475,0.0,0.0,532.138,4390.535,113.305,532.138,0.121201174799882,3858.397,2496.2560000000003,True,True,True,2,811.7525,191.337,195.216,3.704,0.0,-17.7455,441.741,2971.06,4340.025,600.0450000000001,572.85,0.495,4.285,95.33,529.98,513.2025,13.202223107350823,0.0987337159269404,3704.8945,5151.7775,791.3820000000001,768.066,4.199,4.285,95.33,-336.045,14.91265706709282,0.0831778577094637,0.0,0.0,42.735,577.135,600.5400000000001,27.19500000000005,0.0,27.19500000000005,1043.1825
2026-01-03 23:00:00,1247.002,0.0,397.521,99.291,0.0,95.15,0.0,0.0,572.337,4280.492,101.635,572.337,0.1337082279326769,3708.155,2411.301,True,True,True,2,764.6099999999999,194.561,182.727,3.704,0.0,-3.0225,441.7285,2943.025,4380.665000000001,601.72,584.255,0.49,4.3,96.07,529.975,513.0405000000001,13.337041430345684,0.0981585641351122,3679.92,5145.275000000001,796.281,766.982,4.194000000000001,4.3,96.07,-401.19,14.905287481446436,0.083572301734957,0.0,0.0,42.92,588.555,602.21,17.465000000000032,0.0,17.465000000000032,1043.0155
2026-01-03 23:30:00,1304.2,0.0,412.287,101.663,0.0,96.45,0.0,0.0,570.727,4346.637,101.635,570.727,0.1313031200903135,3775.91,2485.327,True,True,True,2,720.431,175.2415,172.6595,3.704,0.0,-2.518,441.6935,2956.345,4295.69,611.7,583.375,0.495,4.305,95.615,491.05000000000007,513.0945,13.584225646016453,0.1002243469161062,3588.4345,5016.120999999999,786.9414999999999,756.0345,4.199,4.305,95.615,-344.025,15.076536534556029,0.0858308481850915,0.0,0.0,43.07,587.68,612.195,28.325000000000045,0.0,28.325000000000045,1004.1445
2026-01-04 00:00:00,1248.267,0.0,418.676,98.031,0.0,95.582,0.0,0.0,602.971,4220.666,95.45,602.971,0.1428615768222361,3617.695,2463.527,True,True,True,2,687.4535000000001,189.414,189.8105,3.704,0.0,-10.155,428.773,2983.035,4189.15,665.865,639.085,0.495,4.305,96.235,355.63,512.928,15.256342686439798,0.1027698578431831,3616.2695,4876.6035,855.279,828.8955000000001,4.199,4.305,96.235,-358.505,16.998558583400566,0.0882832370338057,0.0,0.0,42.690000000000005,643.39,666.36,26.779999999999973,0.0,26.779999999999973,868.558
2026-01-04 00:30:00,1315.854,0.0,422.027,85.329,0.0,97.393,0.0,0.0,629.999,4123.243,95.45,629.999,0.1527921104819677,3493.2440000000006,2550.602,True,True,True,2,656.7085,174.3435,172.15550000000002,3.704,0.0,-2.776,344.733,2998.42,4074.62,633.3399999999999,605.1800000000001,0.51,4.335,95.905,336.82000000000005,513.069,14.852273846376912,0.106394777931047,3588.8990000000003,4731.3285,807.6835,777.3355,4.214,4.335,95.905,-269.46500000000003,16.42969263021926,0.0916271997446962,0.0,0.0,40.585,609.5150000000001,633.8499999999999,28.15999999999985,0.0,28.15999999999985,849.889
2026-01-04 01:00:00,1246.272,0.0,422.027,77.924,0.0,94.68,0.0,0.0,610.607,3994.782,96.105,610.607,0.1528511443177625,3384.175,2451.51,True,True,True,2,669.8389999999999,163.149,161.3465,3.704,0.0,-2.4865,430.327,2913.25,3982.91,619.77,583.615,0.49,4.3100000000000005,95.275,471.645,513.1015,14.65284508610461,0.1082186187923253,3482.1800000000003,4652.749,782.919,744.9615,4.194000000000001,4.3100000000000005,95.275,-321.91,16.01091974575381,0.0926370852574553,0.0,0.0,43.38,587.925,620.26,36.15499999999997,0.0,36.15499999999997,984.7465
2026-01-04 01:30:00,1243.891,0.0,434.09,80.578,0.0,95.752,0.0,0.0,566.488,3934.323,96.105,566.488,0.143986144503133,3367.835,2420.799,True,True,True,2,660.2705,153.1925,150.14249999999998,3.704,0.0,-2.481,442.0235,2923.63,3893.485,597.235,580.725,0.52,4.305,95.775,408.58,513.0029999999999,14.915093585134844,0.1105746646439309,3489.295,4553.7555,750.4275,730.8675000000001,4.224,4.305,95.775,-340.645,16.04881893249612,0.0945424020434974,0.0,0.0,42.48,585.03,597.755,16.50999999999999,0.0,16.50999999999999,921.583
2026-01-04 02:00:00,1230.987,0.0,426.718,78.834,0.0,95.221,0.0,0.0,572.115,3855.274,96.055,572.115,0.1483980126963738,3283.159,2403.875,True,True,True,2,650.963,123.8575,117.117,3.704,0.0,-2.4415,442.021,2946.745,3931.75,594.12,578.115,0.5,4.28,96.125,425.0750000000001,513.0699999999999,14.703803039118784,0.1088575032478733,3499.425,4582.713,717.9775,695.232,4.204000000000001,4.28,96.125,-336.125,15.17055800675239,0.0933947453076199,0.0,0.0,41.83,582.395,594.62,16.004999999999995,0.0,16.004999999999995,938.145
2026-01-04 02:30:00,1258.259,0.0,442.824,101.804,0.0,96.738,0.0,0.0,558.558,3909.167,96.055,558.558,0.1428841489759839,3350.609,2458.183,True,True,True,2,635.948,120.6575,111.504,3.704,0.0,-2.475,442.0255,2946.155,3884.835,546.255,531.5350000000001,0.51,4.315,96.01,392.07,513.0835,13.681470666265538,0.1110748841580426,3509.925,4520.782999999999,666.9124999999999,643.039,4.214,4.315,96.01,-361.785,14.22375097825558,0.0954498991268399,0.0,0.0,40.3,535.8500000000001,546.765,14.719999999999914,0.0,14.719999999999914,905.1535
2026-01-04 03:00:00,1272.805,0.0,428.393,99.15,0.0,95.373,0.0,0.0,518.195,3852.34,94.98,518.195,0.1345143471240856,3334.145,2413.916,True,True,True,2,624.636,115.8675,111.1205,3.704,0.0,-2.4845,441.998,2877.15,3839.905,515.615,496.725,0.525,4.285,95.75,419.065,513.0445,12.93568152428612,0.1115921943142129,3428.386,4464.540999999999,631.4825000000001,607.8455,4.229,4.285,95.75,-360.62,13.61473285567525,0.095979309705613,0.0,0.0,40.56,501.0100000000001,516.14,18.889999999999983,0.0,18.889999999999983,932.1095
2026-01-04 03:30:00,1266.898,0.0,427.723,99.014,0.0,95.751,0.0,0.0,509.041,3816.985,94.98,509.041,0.1333620645614274,3307.944,2398.427,True,True,True,2,613.5965,119.428,113.9835,3.704,0.0,-3.7725,441.999,2870.375,3782.61,552.505,518.91,0.505,4.295,95.24,375.475,513.1505,13.719112377911175,0.1135482768082188,3415.582,4396.2065,671.933,632.8935,4.2090000000000005,4.295,95.24,-365.67,14.397387522874745,0.0976998970172171,0.0,0.0,40.675,523.2049999999999,553.01,33.59500000000003,0.0,33.59500000000003,888.6255
2026-01-04 04:00:00,1233.121,0.0,416.978,96.92,0.0,94.66,0.0,0.0,534.712,3736.648,94.96,534.712,0.143099376767627,3201.936,2376.3910000000005,True,True,True,2,610.13,122.0375,116.256,3.704,0.0,-13.6105,441.965,2866.355,3731.92,599.5,548.5,0.51,4.3,94.715,343.315,513.1275,14.696774790139388,0.1152222120966927,3403.5290000000005,4342.049999999999,721.5374999999999,664.756,4.214,4.3,94.715,-350.665,15.3090816472852,0.0990315739863068,0.0,0.0,41.065,552.8,600.01,51.0,0.0,51.0,856.4425000000001
2026-01-04 04:30:00,1236.038,0.0,418.676,97.061,0.0,94.9,0.0,0.0,517.473,3719.355,94.96,517.473,0.1391297684679198,3201.882,2364.148,True,True,True,2,602.356,115.6375,111.9485,3.704,0.0,-17.194,441.9895,2833.855,3695.76,543.835,500.725,0.52,4.279999999999999,94.705,263.735,513.147,13.548460489985898,0.1158069645096237,3372.33,4298.116,659.4725000000001,612.6735,4.224,4.279999999999999,94.705,-355.46000000000004,14.254485380010951,0.0995773005741215,0.0,0.0,39.275,505.005,544.355,43.110000000000014,0.0,43.110000000000014,776.8820000000001
2026-01-04 05:00:00,1242.594,0.0,420.016,97.061,0.0,94.612,0.0,0.0,543.392,3671.95,89.865,543.392,0.1479845858467572,3128.558,2397.675,True,True,True,2,604.789,120.3105,116.013,3.704,0.0,-13.734,441.979,2965.085,3656.83,615.565,591.895,0.505,4.3,95.27,113.8,513.137,16.18671613681612,0.1175883671472992,3520.0375000000004,4261.619,735.8755,707.9079999999999,4.2090000000000005,4.3,95.27,-372.37,16.61203775103693,0.1009008297507465,0.0,0.0,38.185,596.1949999999999,616.07,23.670000000000076,0.0,23.670000000000076,626.9369999999999
2026-01-04 05:30:00,1257.543,0.0,425.378,98.454,0.0,94.982,0.0,0.0,651.142,3643.392,89.865,651.142,0.1787186226461495,2992.25,2527.499,True,True,True,2,611.6835,136.683,131.897,3.704,0.0,-13.6435,441.9815,2989.445,3647.795,636.0550000000001,612.495,0.515,4.300000000000001,95.445,67.385,513.1220000000001,16.790879875113653,0.1178795142208726,3550.936,4259.4785,772.738,744.392,4.219,4.300000000000001,95.445,-373.095,17.476314480181316,0.1009517890064766,0.0,0.0,38.07000000000001,616.795,636.57,23.56000000000006,0.0,23.56000000000006,580.5070000000001
2026-01-04 06:00:00,1279.782,0.0,437.798,101.252,0.0,95.228,0.0,0.0,606.644,3659.107,94.68,606.644,0.165790177767417,3052.463,2520.704,True,True,True,2,639.2560000000001,142.7415,143.2395,3.704,0.0,-26.991,427.2235,3000.98,3699.255,628.615,610.145,0.52,4.305,94.915,159.095,513.1125,16.493908218330507,0.1163772224912618,3557.4905,4338.511,771.3565,753.3845,4.224,4.305,94.915,-312.62,17.365699399356078,0.0992303397677364,0.0,0.0,39.18000000000001,614.4499999999999,629.135,18.470000000000027,0.0,18.470000000000027,672.2075
2026-01-04 06:30:00,1254.037,0.0,424.037,98.031,0.0,94.728,0.0,0.0,584.533,3719.512,94.68,584.533,0.1571531426703288,3134.9790000000003,2455.366,True,True,True,2,660.8135,126.668,129.80200000000002,3.704,0.0,-40.069500000000005,441.9685,2925.435,3741.255,632.395,587.24,0.5,4.279999999999999,94.695,307.235,513.1095,15.696774641805304,0.114399337429291,3460.673,4402.0685,759.063,717.042,4.204000000000001,4.279999999999999,94.695,-271.42499999999995,16.289995014643505,0.097225959118736,0.0,0.0,41.22,591.52,632.895,45.15499999999997,0.0,45.15499999999997,820.3445
2026-01-04 07:00:00,1231.696,0.0,417.648,96.779,0.0,94.005,0.0,0.0,575.609,3762.198,95.555,575.609,0.1529980612397327,3186.589,2415.737,True,True,True,2,691.0815,128.3105,127.639,3.704,0.0,-3.47,442.0125000000001,2954.34,3813.76,572.0350000000001,549.46,0.51,4.295,95.135,288.515,513.0550000000001,14.410354706263728,0.1126214182735462,3503.8525000000004,4504.8415,700.3455,677.0989999999999,4.214,4.295,95.135,-291.02,15.032741379051204,0.0953445423395994,0.0,0.0,39.89,553.755,572.5450000000001,22.575000000000045,0.0,22.575000000000045,801.57
2026-01-04 07:30:00,1295.106,0.0,438.468,101.184,0.0,94.757,0.0,0.0,493.801,3853.007,95.555,493.801,0.1281599021231988,3359.206,2423.3160000000003,True,True,True,2,722.85,132.454,131.264,3.704,0.0,-8.213,441.924,2892.41,3892.615,502.56,486.235,0.515,4.279999999999999,95.005,286.865,513.018,12.491639209284152,0.1099536664669165,3443.0510000000004,4615.465,635.014,617.499,4.219,4.279999999999999,95.005,-255.65,13.380152361520649,0.0927340011258233,0.0,0.0,39.13,490.515,503.075,16.32499999999999,0.0,16.32499999999999,799.883
2026-01-04 08:00:00,1267.386,0.0,428.058,99.501,0.0,94.545,0.0,0.0,465.275,3896.78,107.005,465.275,0.1193998634770246,3431.505,2354.765,True,True,True,2,753.842,117.908,118.4325,3.704,0.0,-2.8145,441.9425,2868.07,3946.88,498.11,479.155,0.535,4.22,95.115,341.975,513.0905,12.1397858742048,0.1069336438803899,3460.373,4700.722,616.018,597.5875,4.239000000000001,4.22,95.115,-269.83000000000004,12.71269806593416,0.0897872804414868,0.0,0.0,39.155,483.375,498.645,18.95500000000004,0.0,18.95500000000004,855.0655
2026-01-04 08:30:00,1252.759,0.0,390.149,98.313,0.0,94.641,0.0,0.0,477.761,3979.109,107.005,477.761,0.1200673316564085,3501.348,2313.623,True,True,True,2,792.9845,100.1285,97.824,3.7585,0.0,-2.989,441.9335,2839.14,4041.215,523.095,500.2000000000001,2.915,7.68,95.225,453.285,513.091,12.37729663734661,0.1894179515811321,3416.25,4834.199500000001,623.2235000000001,598.024,6.673500000000001,7.68,95.225,-213.655,12.371813136644596,0.1582667794010462,0.0,0.0,40.93,507.88000000000005,526.01,22.894999999999985,0.0,22.894999999999985,966.376
2026-01-04 09:00:00,1295.182,0.0,399.889,101.663,0.0,96.295,0.0,0.0,472.362,4104.755,134.225,472.362,0.1150767829017809,3632.393,2365.391,True,True,True,2,855.491,98.939,97.6935,3.3185,0.007,-2.981,441.775,3014.29,4210.264999999999,507.785,489.88,19.595,28.450000000000003,96.245,449.465,513.0699999999999,11.63658851524125,0.6739299657272841,3651.857,5065.755999999999,606.7239999999999,587.5735,22.9135,28.457,96.245,-210.145,11.600105164116345,0.5601228972524254,0.0,0.0,39.295,518.33,527.38,17.904999999999973,0.0,17.904999999999973,962.535
2026-01-04 09:30:00,1376.874,0.0,438.468,99.014,45.116,95.208,0.0,0.0,463.023,4292.875,134.225,463.023,0.1078584864455638,3829.852,2517.703,True,True,True,2,908.1945,108.0825,108.9915,4.2785,0.308,-2.96,441.7845,3111.74,4342.425,451.515,425.9,47.72,62.115,98.165,524.59,513.0935,9.811053400604017,1.4289547514970562,3762.28,5250.619500000001,559.5975,534.8915,51.99849999999999,62.423,98.165,-169.54,10.189758561448404,1.1873941955487168,0.0,0.0,39.09,488.015,499.235,25.61500000000001,0.0,25.61500000000001,1037.6835
2026-01-04 10:00:00,1441.497,0.0,453.882,100.201,45.482,101.325,0.0,0.0,409.897,4393.894,145.605,409.897,0.0932878672084488,3983.997,2552.284,True,True,True,2,954.4425,103.291,100.356,10.0535,0.8014999999999999,-2.9655,441.8205,3259.87,4441.48,421.71,405.61,85.45,104.26,104.17,529.985,513.0609999999999,9.132937147654967,2.3464301197067976,3902.3385,5395.9225,525.001,505.966,95.5035,105.0615,104.17,-114.185,9.378222615693115,1.9460375394671965,0.0,0.0,38.665,509.87,507.16,16.100000000000023,0.0,16.100000000000023,1043.0459999999998
2026-01-04 10:30:00,1433.898,0.0,463.957,99.432,90.453,106.769,0.0,0.0,420.184,4483.207,145.605,420.184,0.0937239792853642,4063.023,2614.693,True,True,True,2,984.486,82.443,80.321,14.3935,1.469,-2.957,441.8315,3359.46,4512.725,433.9,416.435,119.645,153.22500000000002,109.55,529.98,513.0915,9.228335748587346,3.394706408437508,4004.052,5497.210999999999,516.343,496.756,134.0385,154.69400000000002,109.55,-85.51,9.037131974784606,2.8131815584182838,0.0,0.0,38.895,569.6600000000001,553.545,17.464999999999975,0.0,17.464999999999975,1043.0715
2026-01-04 11:00:00,1447.648,0.0,448.186,101.735,92.567,110.341,0.0,0.0,410.792,4539.228,147.255,410.792,0.0904982080653362,4128.436,2611.269,True,True,True,2,1013.1825,87.54400000000001,85.26400000000001,13.8035,0.996,6.135,441.7915,3411.4300000000003,4581.87,408.08,387.16,146.72,190.73,111.01,529.98,513.0625,8.450334975946445,4.162415106650358,4091.633,5595.0525,495.624,472.424,160.5235,191.726,111.01,-102.075,8.443599423501915,3.4264353904190914,0.0,0.0,38.865,577.89,554.8,20.920000000000016,0.0,20.920000000000016,1043.0425
2026-01-04 11:30:00,1427.473,0.0,396.85,99.014,89.568,111.033,0.0,0.0,344.041,4602.896,147.255,344.041,0.0747444652236331,4258.855,2467.9790000000003,True,True,True,2,1032.6370000000002,112.406,109.034,12.9,1.158,-2.6415,441.8075,3462.52,4622.08,366.56500000000005,340.405,165.14,203.75,110.5,529.98,513.157,7.364719472790754,4.407956779095498,4159.9065,5654.717000000001,478.971,449.439,178.04000000000002,204.908,110.5,-91.495,7.948124907404706,3.6234342094855374,0.0,0.0,38.125,544.155,531.705,26.16000000000008,0.0,26.16000000000008,1043.1370000000002
2026-01-04 12:00:00,1428.388,0.0,461.612,99.014,90.446,110.636,0.0,0.0,334.465,4652.529,150.92,334.465,0.071888858726082,4318.064,2524.561,True,True,True,2,1062.295,104.764,101.6835,13.4185,1.1785,-2.9705000000000004,441.8265,3571.985,4694.715,346.83,330.78,179.61,233.02,111.1,529.985,513.0905,7.045871025477052,4.963382489211633,4263.0175,5757.01,451.594,432.4635,193.0285,234.1985,111.1,-54.505,7.512123869517381,4.068001328974736,0.0,0.0,37.73,563.8,526.44,16.05000000000001,0.0,16.05000000000001,1043.0755
2026-01-04 12:30:00,1447.834,0.0,460.607,101.735,100.997,110.909,0.0,0.0,340.048,4717.687,150.92,340.048,0.0720793897517999,4377.639,2562.13,True,True,True,2,1081.711,102.538,100.946,15.5395,1.602,-2.9515,441.8345000000001,3616.315,4729.51,364.285,349.25,168.54,225.04,111.055,529.98,513.0625,7.384529571217219,4.758375731973308,4318.7325,5811.2210000000005,466.823,450.196,184.0795,226.642,111.055,-44.715,7.746782949769229,3.900248305840973,0.0,0.0,37.665000000000006,574.29,532.8249999999999,15.034999999999968,0.0,15.034999999999968,1043.0425
2026-01-04 13:00:00,1456.059,0.0,456.228,100.834,99.754,110.691,0.0,0.0,355.561,4762.671,151.83,355.561,0.0746557971356828,4407.110000000001,2579.1270000000004,True,True,True,2,1089.138,124.324,126.125,16.413,1.7,6.09,441.8275,3639.105,4763.75,359.56,338.38,162.78,212.54,110.98,529.985,513.1485,7.103405958321607,4.46171319244597,4349.87,5852.888000000001,483.884,464.505,179.19299999999998,214.24,110.98,-55.150000000000006,7.93638104702816,3.660468628857148,0.0,0.0,38.69,550.92,522.34,21.180000000000007,0.0,21.180000000000007,1043.1335
2026-01-04 13:30:00,1461.413,0.0,473.675,101.594,26.572,112.39,0.0,0.0,311.907,4768.0,151.83,311.907,0.0654167365771812,4456.093,2487.5510000000004,True,True,True,2,1072.131,140.817,143.2875,13.6925,1.7525,-2.6845,441.8185,3603.38,4758.34,356.24,334.815,118.615,165.11,110.78,529.98,513.179,7.036767192998158,3.4696502859318565,4337.654,5830.471,497.057,478.1025,132.3075,166.8625,110.78,-88.93,8.200774879783443,2.8615989269491946,0.0,0.0,36.67,499.925,474.855,21.42500000000001,0.0,21.42500000000001,1043.159
2026-01-04 14:00:00,1448.042,0.0,460.607,98.381,15.959,110.426,0.0,0.0,348.212,4754.69,160.62,348.212,0.0732354790743455,4406.477999999999,2481.627,True,True,True,2,1061.245,157.18349999999998,159.8965,9.1575,1.149,-3.0,441.819,3579.535,4766.055,339.82,320.095,95.14,131.345,110.45,529.98,513.1755,6.7164395092218,2.7559832752416407,4334.3465,5827.3,497.0035,479.9915,104.2975,132.494,110.45,-119.785,8.237026994997917,2.2737531923023595,0.0,0.0,36.84499999999999,451.44000000000005,434.96,19.72499999999997,0.0,19.72499999999997,1043.1555
2026-01-04 14:30:00,1462.52,0.0,470.994,101.594,63.857,102.61,0.0,0.0,293.387,4771.703,160.62,293.387,0.0614847571192088,4478.316000000001,2494.962,True,True,True,2,1067.168,179.3655,184.0525,6.146,0.9475,-2.99,441.829,3575.775,4788.07,321.91,302.28,67.02000000000001,85.545,96.14,529.98,513.1685,6.313133116910389,1.786720985224589,4361.212,5855.238,501.2755,486.3325,73.166,86.4925,96.14,-145.97500000000002,8.305895926098511,1.4772470405322713,0.0,0.0,34.940000000000005,387.825,388.93,19.629999999999995,0.0,19.629999999999995,1043.1485
2026-01-04 15:00:00,1499.124,0.0,460.942,98.454,15.585,95.634,22.201,0.0,309.156,4808.859,150.21,309.156,0.0642888468969458,4499.703,2501.096,True,True,True,2,1079.8635,149.289,156.739,3.207,0.4225,-2.9995000000000003,441.83,3640.365,4838.31,339.18,312.93,61.29,63.155,95.45,529.975,513.1220000000001,6.4683124960712215,1.3055049602197382,4424.0095,5918.173500000001,488.4690000000001,469.669,64.497,63.5775,95.45,-130.055,7.936989688566423,1.074455444421878,0.0,0.0,33.84,376.085,400.47,26.25,0.0,26.25,1043.0970000000002
2026-01-04 15:30:00,1506.875,0.0,464.292,98.732,55.51,95.67,23.128,0.0,305.552,4863.485,150.21,305.552,0.0628257309316262,4557.933,2549.759,True,True,True,2,1097.9965000000002,129.507,130.885,2.2875,0.0785,-3.0165,441.8475,3732.79,4904.905,389.87,367.19,33.45,33.2,95.64,529.98,513.158,7.484469225179045,0.6774545427404512,4510.7285,6002.9015,519.377,498.075,35.7375,33.278499999999994,95.64,-105.99,8.296576275801481,0.5549415743590469,0.0,0.0,33.15,400.39,423.32,22.680000000000007,0.25,22.930000000000007,1043.138
2026-01-04 16:00:00,1509.73,0.0,463.957,98.454,135.788,95.398,23.545,0.0,392.347,4973.065,171.36,392.347,0.0788944041551839,4580.718,2719.219,True,True,True,2,1151.9335,119.7985,116.463,1.7095,0.0,-3.0090000000000003,441.843,3891.13,5045.97,421.355,395.965,7.24,11.405,96.0,529.98,513.192,7.846479639131762,0.2265662091235422,4706.977999999999,6197.9035,541.1535,512.428,8.9495,11.405,96.0,-88.01499999999999,8.266444758024376,0.1845403742787865,0.0,0.0,32.305,407.37,428.595,25.389999999999983,0.0,25.389999999999983,1043.172
2026-01-04 16:30:00,1534.417,0.0,458.931,97.963,176.583,95.623,21.569,0.0,409.921,5124.558,171.36,409.921,0.079991484143608,4714.637,2795.007,True,True,True,2,1230.1615000000002,124.1635,125.701,1.6,0.0,-1.7665000000000002,441.8695,4083.58,5219.245,510.44,480.035,0.525,3.88,95.325,529.98,513.16,9.19037355875914,0.0744176259729808,4957.96,6449.406499999999,634.6034999999999,605.7360000000001,2.125,3.88,95.325,-69.305,9.387367391919838,0.060228206108691,0.0,0.0,34.015,483.915,510.965,30.404999999999973,0.0,30.404999999999973,1043.14
2026-01-04 17:00:00,1504.982,0.0,446.846,95.382,171.166,94.674,19.342,0.0,542.608,5329.404,198.33,542.608,0.1018140114729526,4786.796,2875.0,True,True,True,2,1285.627,125.619,124.3975,1.6,0.0,33.059,441.706,4250.655000000001,5393.344999999999,542.4549999999999,505.57,0.515,3.965,96.01,529.98,513.167,9.37638123604939,0.0734840245494059,5152.5405,6678.972,668.0740000000001,629.9675,2.115,3.965,96.01,-75.32,9.433221089035005,0.0593392616384627,0.0,0.0,36.16,509.535,542.9699999999999,36.884999999999934,0.0,36.884999999999934,1043.147
2026-01-04 17:30:00,1501.98,0.0,453.547,96.501,174.02,95.082,20.767,0.0,528.352,5468.758,198.33,528.352,0.0966127958121386,4940.406,2870.2490000000003,True,True,True,2,1287.8215,159.4745,159.709,1.6,0.0,65.86949999999999,441.678,4215.125,5465.03,607.48,557.78,0.51,4.305,95.22,529.98,513.164,10.206338833167951,0.0787735880772921,5190.942999999999,6752.8515,766.9545,717.489,2.1100000000000003,4.305,95.22,-181.23,10.625572677605929,0.0637506593605599,0.0,0.0,37.94,562.0849999999999,607.99,49.700000000000045,0.0,49.700000000000045,1043.144
2026-01-04 18:00:00,1423.475,0.0,446.846,74.434,126.266,94.755,19.055,0.0,617.911,5472.573,185.82,617.911,0.1129105084573563,4854.662,2802.742,True,True,True,2,1235.375,143.81900000000002,143.49349999999998,1.6,0.0,-0.7854999999999999,441.6965,4156.83,5423.5,632.965,592.4549999999999,0.535,4.305,95.765,529.985,513.174,10.924529708704323,0.0793780786030636,5167.437,6658.875,776.784,735.9485,2.135,4.305,95.765,-201.065,11.052577737707542,0.0646522521434859,0.0,0.0,36.885,596.7599999999999,633.5,40.510000000000105,0.0,40.510000000000105,1043.159
2026-01-04 18:30:00,1448.562,0.0,453.212,45.731,174.241,95.622,20.514,0.0,629.411,5385.808,185.82,629.411,0.1168647304174229,4756.397,2867.293,True,True,True,2,1186.9050000000002,143.753,142.35750000000002,1.6,0.0,-2.548,441.685,4003.8,5326.695,676.905,640.0550000000001,0.505,4.31,95.52,529.98,513.15,12.015858640566345,0.0809149933017859,5024.2235,6513.6,820.658,782.4125,2.105,4.31,95.52,-258.52,12.011784272560188,0.0661715542060708,0.0,0.0,35.775,644.365,677.41,36.84999999999991,0.0,36.84999999999991,1043.13
2026-01-04 19:00:00,1463.216,0.0,468.649,60.189,180.176,95.633,23.885,0.0,644.245,5292.919,160.815,644.245,0.1217182805933739,4648.674,2935.9929999999995,True,True,True,2,1137.1545,132.32850000000002,135.39049999999995,1.6,0.0,-2.551,441.66,3885.81,5263.5,634.885,610.49,0.53,4.324999999999999,95.46,529.98,513.1215,11.597401263227718,0.0821723674987591,4910.2880000000005,6400.654500000001,767.2135000000001,745.8805,2.13,4.324999999999999,95.46,-311.99,11.652339886835945,0.0675744570785988,0.0,0.0,34.425,614.815,635.415,24.394999999999985,0.0,24.394999999999985,1043.1015
2026-01-04 19:30:00,1442.267,0.0,435.43,98.381,177.613,95.13,21.889,0.0,625.307,5215.753,160.815,625.307,0.1198881542128241,4590.446,2896.017,True,True,True,2,1092.7085000000002,159.50150000000002,161.1515,1.6,0.0,-2.5585,441.6345,3771.71,5183.885,631.86,601.77,0.535,4.279999999999999,95.56,529.985,513.1225,11.608603702414843,0.0825657726662289,4785.486499999999,6276.593500000001,791.3615,762.9214999999999,2.135,4.279999999999999,95.56,-346.14,12.155144085897414,0.0681923647025267,0.0,0.0,35.28,606.05,632.395,30.090000000000032,0.0,30.090000000000032,1043.1075
2026-01-04 20:00:00,1433.352,0.0,437.441,98.732,164.574,95.305,0.0,0.0,656.696,5131.128,144.85,656.696,0.1279827749375965,4474.432,2886.1,True,True,True,2,1051.535,149.21749999999997,151.56099999999998,1.6,0.0,-2.514,441.6025,3678.405,5086.99,642.64,616.04,0.505,4.285,96.06,529.975,513.1514999999999,12.10950116713683,0.0842349487639691,4647.648,6138.525,791.8575000000001,767.6009999999999,2.105,4.285,96.06,-342.18,12.50431388876244,0.0698058778797833,0.0,0.0,36.125,620.3249999999999,643.145,26.600000000000023,0.0,26.600000000000023,1043.1265
2026-01-04 20:30:00,1451.021,0.0,471.664,101.594,65.253,95.769,0.0,0.0,633.552,5040.643,144.85,633.552,0.1256887266168225,4407.091,2818.853,True,True,True,2,1007.7955,149.882,158.031,1.6,0.0,-2.4945,441.586,3563.8450000000003,4981.610000000001,714.01,687.0550000000001,0.5,4.28,95.42,529.98,513.149,13.795874012614684,0.0859202015871485,4499.017,5989.4055,863.892,845.086,2.1,4.28,95.42,-351.995,14.112979686217708,0.0714640159718495,0.0,0.0,38.285,691.335,714.51,26.954999999999927,0.0,26.954999999999927,1043.129
2026-01-04 21:00:00,1361.93,0.0,456.563,98.873,0.0,95.852,0.0,0.0,764.463,4911.745,122.315,764.463,0.1556397980758365,4147.282,2777.681,True,True,True,2,962.4,149.3025,151.7665,1.6,0.0,-2.508,441.577,3421.51,4825.555,821.485,791.745,0.505,4.295,95.71,529.985,513.106,16.41311487662943,0.0890192697040992,4319.282999999999,5787.955,970.7875,943.5115,2.1050000000000004,4.295,95.71,-361.46,16.30726031732006,0.0742181671451779,0.0,0.0,41.185,796.04,821.99,29.74000000000001,0.0,29.74000000000001,1043.091
2026-01-04 21:30:00,1286.588,0.0,414.968,98.172,0.0,94.993,0.0,0.0,909.336,4751.871,122.315,909.336,0.1913637807086934,3842.535,2804.057,True,True,True,2,907.9505,150.4745,153.0095,1.6,0.0,-2.518,441.6785,3334.485,4634.28,954.42,903.55,0.53,4.295,95.86,529.975,513.0905,19.494798220898677,0.0926906404257448,4101.06,5542.2305,1104.8945,1056.5595,2.13,4.295,95.86,-284.42,19.06416588570941,0.077506937738849,0.0,0.0,44.81,907.845,954.95,50.87000000000012,0.0,50.87000000000012,1043.0655000000002
2026-01-04 22:00:00,1262.151,0.0,397.856,98.873,0.0,96.378,0.0,0.0,854.546,4533.254,97.97,854.546,0.1885060929742741,3678.708,2709.804,True,True,True,2,857.7945,189.583,188.3005,1.6,0.0,-2.518,441.6695,3279.87,4449.73,821.95,796.895,0.49,4.265,96.31,464.46,513.052,17.905128210829062,0.0958573899417429,4028.7015,5307.5245,1011.533,985.1955,2.09,4.265,96.31,-318.095,18.557234069580844,0.0803663895568309,0.0,0.0,43.54,801.16,822.44,25.055000000000064,0.0,25.055000000000064,977.512
2026-01-04 22:30:00,1318.059,0.0,419.681,99.432,0.0,96.294,0.0,0.0,752.093,4352.514,97.97,752.093,0.1727950788900391,3600.4210000000003,2685.559,True,True,True,2,802.626,150.366,151.0325,1.6,0.0,-30.388,439.645,3399.995,4279.335,795.95,770.33,0.51,4.3,96.05,314.83000000000004,504.449,18.005894587596327,0.1004884180657851,4108.727500000001,5081.960999999999,946.316,921.3625,2.11,4.3,96.05,-304.52,18.135211555647604,0.0846197321078359,0.0,0.0,40.080000000000005,774.63,796.46,25.620000000000005,0.0,25.620000000000005,819.279
2026-01-04 23:00:00,1310.628,0.0,426.383,101.735,0.0,95.952,0.0,0.0,845.924,4230.557,95.08,845.924,0.1999557032324585,3384.633,2780.622,True,True,True,2,748.1115,166.10899999999998,170.634,1.6,0.0,-13.208,369.4815,3546.835,4306.389999999999,897.65,878.48,0.49,4.27,96.35,172.84,512.021,20.400324931608715,0.0991565182678878,4279.8395,5054.5015,1063.759,1049.114,2.09,4.27,96.35,-330.785,20.75826295321573,0.0844821821357914,0.0,0.0,38.93,882.75,898.14,19.16999999999996,0.0,19.16999999999996,684.861
2026-01-04 23:30:00,1410.288,0.0,426.383,101.594,0.0,97.186,0.0,0.0,878.812,4263.834,95.08,878.812,0.2061083991543761,3385.022,2914.263,True,True,True,2,700.528,166.7195,169.651,1.6,0.0,-3.098,293.696,3521.1,4188.855,876.585,836.525,0.495,4.29,96.835,90.42,510.1845,19.968978811971805,0.102425064311591,4261.449,4889.383,1043.3045000000002,1006.176,2.095,4.29,96.835,-319.46000000000004,20.57683130042017,0.0877522265250705,0.0,0.0,36.38,840.8149999999999,877.08,40.06000000000006,0.0,40.06000000000006,600.6044999999999
2026-01-05 00:00:00,1328.204,0.0,393.164,95.382,0.0,95.791,0.0,0.0,811.45,4123.562,98.0,811.45,0.1967837515235614,3312.112,2723.991,True,True,True,2,665.338,199.5495,195.5975,1.6,0.0,-2.635,415.813,3229.84,4086.21,898.28,830.51,0.49,4.295,96.18,188.96,513.0654999999999,20.33213180566198,0.105118711204838,3895.708,4751.548,1097.8295,1026.1075,2.09,4.295,96.18,-406.185,21.60274970275943,0.0904001308947713,0.0,0.0,42.275000000000006,834.805,898.77,67.76999999999998,0.0,67.76999999999998,702.0255
2026-01-05 00:30:00,1208.201,0.0,403.575,98.172,0.0,96.416,0.0,0.0,907.713,4029.892,98.0,907.713,0.2252449941586524,3122.179,2714.077,True,True,True,2,638.2760000000001,194.279,171.25,1.6,0.0,-2.479,441.9685,3192.125,3960.175,953.87,900.805,0.485,4.275,96.61,122.225,513.1225,22.750066635548357,0.1079590860981081,3774.8365,4598.451,1148.149,1072.055,2.085,4.275,96.61,-378.195,23.315805244876664,0.0929740472725379,0.0,0.0,43.77,905.08,954.355,53.06499999999983,0.0,53.06499999999983,635.3475
2026-01-05 01:00:00,1198.667,0.0,332.782,97.412,0.0,96.408,0.0,0.0,954.042,3913.963,99.68,954.042,0.2437534539800197,2959.9210000000003,2679.311,True,True,True,2,653.1745000000001,204.276,173.0935,1.6,0.0,-17.4155,441.962,3070.615,3883.035,962.565,922.755,0.495,4.28,96.54,221.45,513.0989999999999,23.76006450628015,0.1102277524022417,3664.695,4536.2095,1166.841,1095.8485,2.095,4.28,96.54,-359.56,24.15590071228696,0.094354138061716,0.0,0.0,46.345000000000006,927.035,963.06,39.81000000000006,0.0,39.81000000000006,734.549
2026-01-05 01:30:00,1223.862,0.0,296.212,99.291,0.0,96.826,0.0,0.0,888.741,3836.358,99.68,888.741,0.2316626863290652,2947.617,2604.932,True,True,True,2,642.557,221.7695,170.587,1.6,0.0,-17.812,441.952,3024.545,3814.085,988.02,930.09,0.505,4.289999999999999,96.025,190.78,513.1535,24.388012321748032,0.1124799813086501,3616.6755,4456.642,1209.7895,1100.677,2.105,4.289999999999999,96.025,-367.9,24.700019813742625,0.0962633845753332,0.0,0.0,46.595000000000006,934.38,988.525,57.92999999999995,0.0,57.92999999999995,703.9335
2026-01-05 02:00:00,1007.38,0.0,286.16,96.779,0.0,95.628,0.0,0.0,1028.82,3801.319,99.385,1028.82,0.2706481618617116,2772.499,2514.767,True,True,True,2,632.076,305.17150000000004,163.36,1.6,0.0,-2.5065,441.9005,2917.23,3838.175,981.05,953.865,0.485,4.279999999999999,96.925,283.1,513.0105,24.848049184419143,0.111511517984691,3519.5035,4470.251,1286.2215,1117.225,2.085,4.279999999999999,96.925,-403.59,24.986604166846178,0.0957447212479311,0.0,0.0,48.955,958.145,981.535,27.184999999999945,0.0,27.184999999999945,796.1105
2026-01-05 02:30:00,1019.442,0.0,362.649,101.804,0.0,97.289,0.0,0.0,901.378,3800.012,99.385,901.378,0.2372039877768807,2898.634,2482.562,True,True,True,2,613.44,380.9285,135.297,1.6,0.0,-3.615,441.9025,2957.315,3783.715,940.595,914.66,0.515,4.289999999999999,96.515,217.04,513.0699999999999,24.17364997029952,0.1133800165057604,3534.456,4397.155000000001,1321.5235,1049.957,2.115,4.289999999999999,96.515,-394.48,23.878279374241156,0.0975626211795216,0.0,0.0,46.8,918.95,941.11,25.93500000000006,0.0,25.93500000000006,730.1099999999999
2026-01-05 03:00:00,1016.254,0.0,384.452,98.522,0.0,96.226,0.0,0.0,921.439,3757.254,97.485,921.439,0.2452426692472747,2835.815,2516.893,True,True,True,2,606.1115,376.78,125.9885,1.6,0.0,-13.642499999999998,441.901,2951.09,3748.86,1019.665,962.585,0.495,4.275,96.01,267.555,513.1600000000001,25.678421351310558,0.1140343353769172,3510.6395,4354.9715,1396.4450000000002,1088.5735,2.095,4.275,96.01,-372.255,24.998253413091454,0.0981633949951362,0.0,0.0,48.370000000000005,966.86,1020.16,57.07999999999993,0.0,57.07999999999993,780.7150000000001
2026-01-05 03:30:00,981.312,0.0,323.377,98.313,0.0,96.532,0.0,0.0,982.958,3732.412,97.485,982.958,0.2633573142514813,2749.454,2482.492,True,True,True,2,597.269,369.0145,137.8905,1.6,0.0,-13.6085,441.8995,2909.925,3727.315,1017.775,964.045,0.52,4.27,96.205,287.265,513.1055,25.86430998983551,0.1145616154991804,3483.5665,4324.584,1386.7895,1101.9355,2.12,4.27,96.205,-396.555,25.480200137690836,0.0987399147360877,0.0,0.0,49.09,968.315,1018.295,53.73000000000013,0.0,53.73000000000013,800.3705
2026-01-05 04:00:00,992.626,0.0,326.415,99.014,0.0,96.202,0.0,0.0,972.507,3705.301,96.31,972.507,0.2624636972812735,2732.794,2486.764,True,True,True,2,589.879,461.8905,88.52250000000001,1.6,0.0,-17.2035,441.8945,2965.425,3695.885,941.405,915.955,0.51,4.275,97.04,185.22,513.069,24.78151540313348,0.115670201620402,3522.228,4285.764,1403.2955000000002,1004.4775,2.1100000000000003,4.275,97.04,-382.51,23.43609035384347,0.0997496497972398,0.0,0.0,45.63,920.23,941.915,25.450000000000045,0.0,25.450000000000045,698.289
2026-01-05 04:30:00,1014.095,0.0,383.782,98.454,0.0,96.328,0.0,0.0,870.282,3687.245,96.31,870.282,0.2360249996948941,2816.963,2462.9410000000003,True,True,True,2,589.0340000000001,488.1675,87.3335,1.6,0.0,-25.8315,422.6065,2928.92,3680.27,957.225,909.205,0.515,4.255,96.165,212.32,495.6015,24.704755078613296,0.1156165262085588,3487.5910000000003,4269.304,1445.3925,996.5385,2.115,4.255,96.165,-357.64,23.3410425163755,0.09966509931558,0.0,0.0,45.74,913.46,957.74,48.020000000000095,0.0,48.020000000000095,707.9214999999999
2026-01-05 05:00:00,1051.584,0.0,319.356,102.222,0.0,96.492,0.0,0.0,1045.871,3689.232,97.895,1045.871,0.2834928787346527,2643.361,2615.525,True,True,True,2,620.2805000000001,368.6955,206.1645,1.6,0.0,-11.7035,293.5105,3202.19,3726.5,1075.41,1051.08,0.48,4.27,97.005,76.75999999999999,395.727,28.20537443832253,0.114584687221012,3893.6895,4346.7805,1444.1055,1257.2445000000002,2.08,4.27,97.005,-343.57000000000005,28.91895899976996,0.0982344286617642,0.0,0.0,43.155,1055.35,1075.89,24.329999999999927,0.0,24.329999999999927,472.487
2026-01-05 05:30:00,1226.507,0.0,301.909,70.52,0.0,97.101,0.0,0.0,1060.293,3734.743,97.895,1060.293,0.2838998560275767,2674.45,2756.33,True,True,True,2,667.9155000000001,350.4355,364.209,1.6,0.0,-10.896,197.603,3159.455,3805.85,1112.53,1080.38,0.46,4.27,96.53,0.025,469.606,28.384861814252137,0.1121999561678603,4004.917,4473.7655,1462.9654999999998,1444.589,2.06,4.27,96.53,-355.945,32.28370769758422,0.0954515930765399,0.0,0.0,44.88,1084.65,1112.99,32.149999999999864,0.0,32.149999999999864,469.631
2026-01-05 06:00:00,1117.808,0.0,190.19,60.399,0.0,96.517,0.0,0.0,1151.441,3875.499,116.08,1151.441,0.2971078046981821,2724.058,2616.355,True,True,True,2,751.555,357.265,367.4345,1.6,0.0,-2.3555,96.3105,3326.045,4029.17,1179.4499999999998,1135.26,0.445,4.27,96.535,0.02,398.818,28.18129302916353,0.106004640358445,4296.4745,4780.725,1536.715,1502.6945,2.045,4.27,96.535,-300.035,31.43838218599601,0.0893412552621516,0.0,0.0,41.595000000000006,1139.53,1179.8949999999998,44.18999999999983,0.0,44.18999999999983,398.838
2026-01-05 06:30:00,1166.961,0.0,202.611,50.273,0.0,95.83,0.0,0.0,1157.345,4132.739,116.08,1157.345,0.2800430900669024,2975.394,2673.02,True,True,True,2,832.172,350.746,364.065,1.6,0.0,-2.215,211.1905,3439.025,4295.985000000001,1129.155,1101.245,0.45,4.275,96.505,0.02,488.9225,25.647673719368857,0.0995492450403294,4425.014999999999,5128.157,1479.9009999999998,1465.31,2.05,4.275,96.505,-348.865,28.592126077809628,0.0833985790007043,0.0,0.0,42.01499999999999,1105.52,1129.605,27.91000000000008,0.0,27.91000000000008,488.9425
2026-01-05 07:00:00,1325.645,0.0,253.946,56.767,0.0,96.061,0.0,0.0,1075.282,4472.19,149.905,1075.282,0.2404374590525,3396.9079999999994,2807.701,True,True,True,2,940.3275,317.966,330.5105,1.6,0.0,-2.213,254.662,3943.665,4677.385,1049.3049999999998,1012.71,0.455,4.285,96.09,0.02,443.9465,21.67128445149059,0.0916359255666302,4914.771,5617.7125,1367.271,1343.2205,2.055,4.285,96.09,-267.68,23.93627220612596,0.0763054184799474,0.0,0.0,36.22,1016.995,1049.7599999999998,36.59499999999992,0.0,36.59499999999992,443.9665
2026-01-05 07:30:00,1431.096,0.0,431.074,75.835,10.394,95.605,0.0,0.0,938.349,4813.981,149.905,938.349,0.1949216251580552,3875.632,2982.353,True,True,True,2,1034.621,218.414,227.9015,1.6,0.0,-2.6275000000000004,393.1925,4120.62,4940.53,1063.42,1008.715,0.455,4.25,95.53,0.02,508.282,20.410163324706275,0.0860313784511127,5069.200500000001,5975.151,1281.8339999999998,1236.6165,2.055,4.25,95.53,-288.64,20.69557022298996,0.071137420325034,0.0,0.0,35.495,1012.965,1063.875,54.70500000000016,0.0,54.70500000000016,508.302
2026-01-05 08:00:00,1447.83,0.0,427.388,99.15,10.471,95.991,0.0,0.0,1037.321,5013.024,152.705,1037.321,0.2069252012358209,3975.703,3118.151,True,True,True,2,1104.98,183.4635,183.2865,1.6,0.0,-2.4215,427.6405,4190.195,5076.41,1032.32,1001.595,0.485,4.12,95.885,69.325,513.0854999999999,19.731555183530286,0.0811796991792782,5166.656000000001,6181.389999999999,1215.7835,1184.8815,2.085,4.12,95.885,-282.36,19.1691246990312,0.0666720065971529,0.0,0.0,35.09,1005.715,1032.8049999999998,30.72499999999991,0.0,30.72499999999991,582.4105
2026-01-05 08:30:00,1434.429,0.0,426.718,98.873,10.394,95.799,0.0,0.0,984.932,5110.554,152.705,984.932,0.1927250939917668,4125.622,3051.1450000000004,True,True,True,2,1157.812,217.5445,219.7715,1.6755,0.0,-2.5725,335.93,4197.6900000000005,5166.030000000001,1065.31,1033.195,3.955,8.190000000000001,95.66,219.21,513.105,19.99920946290128,0.1582063256365816,5251.6045,6323.842000000001,1282.8545,1252.9665,5.6305,8.190000000000001,95.66,-214.335,19.813349964041944,0.1291815899861384,0.0,0.0,36.375,1041.385,1069.265,32.11500000000001,0.0,32.11500000000001,732.315
2026-01-05 09:00:00,1404.757,0.0,427.723,78.903,5.343,96.665,0.0,0.0,1017.672,5215.737,155.09,1017.672,0.195115666299892,4198.0650000000005,3031.063,True,True,True,2,1220.336,210.731,217.5925,1.866,0.0115,-2.6465,423.5315,4161.84,5316.42,1015.22,990.515,45.575,37.04,99.455,369.21,513.0705,18.63556039044336,0.6954426667123959,5225.3085,6536.755999999999,1225.951,1208.1075,47.441,37.0515,99.455,-250.59,18.48671431199151,0.5656546697260431,0.0,0.0,39.56000000000001,1027.555,1060.795,24.70500000000004,8.535000000000004,33.240000000000045,882.2805000000001
2026-01-05 09:30:00,1345.935,0.0,438.133,82.325,0.0,99.965,0.0,0.0,960.31,5369.339,155.09,960.31,0.1788506927947741,4409.029,2926.668,True,True,True,2,1256.153,153.987,159.91199999999998,5.4165,0.2985,-2.7235,441.926,4171.685,5371.735,952.68,932.245,97.8,88.99000000000001,100.19,483.03,513.1189999999999,17.354491031247328,1.656881564552844,5185.299,6627.888,1106.667,1092.1570000000002,103.2165,89.2885,100.19,-182.24,16.478454593912225,1.3470453711139057,0.0,0.0,40.31,1021.235,1050.48,20.43500000000006,8.809999999999988,29.245000000000047,996.149
2026-01-05 10:00:00,1386.459,0.0,418.318,85.188,0.0,104.454,0.0,0.0,910.932,5352.117,144.5,910.932,0.1702003151276401,4441.185,2905.351,True,True,True,2,1269.8445,131.68,137.457,10.599,0.5740000000000001,-2.69,441.8915,4267.295,5337.21,976.26,946.43,147.97,138.42000000000002,115.1,388.965,513.1285,17.733275601910407,2.5940147507009845,5257.682000000001,6607.0545,1107.94,1083.8870000000002,158.56900000000002,138.994,115.1,-145.45499999999998,16.405312496297974,2.104039410345855,0.0,0.0,39.085,1084.85,1124.23,29.829999999999927,9.549999999999985,39.37999999999991,902.0935
2026-01-05 10:30:00,1437.19,0.0,362.649,98.591,0.0,115.981,0.0,0.0,944.191,5323.599,144.5,944.191,0.1773595268914882,4379.408,2958.602,True,True,True,2,1279.1025,140.7285,142.817,19.3725,1.373,-2.191,441.8955,4225.275,5294.945,854.335,830.04,207.59,223.265,116.035,410.655,513.0905,15.674848593802432,4.217425254435379,5204.142,6574.047500000001,995.0635,972.857,226.9625,224.638,116.035,-124.62,14.797989914569465,3.4175395883569104,0.0,0.0,39.44,1053.3049999999998,1061.925,24.295000000000076,0.0,24.295000000000076,923.7455
2026-01-05 11:00:00,1451.214,0.0,345.872,101.663,0.0,115.931,0.0,0.0,774.51,5287.941,138.4,774.51,0.1464672166349813,4513.431,2789.19,True,True,True,2,1277.2845,165.147,168.1525,26.0725,1.9525,-2.1355,441.878,4166.535,5248.245,779.23,747.52,261.645,284.49,115.67,407.34,513.158,14.24314259633046,5.420929880777284,5158.496499999999,6525.5295,944.377,915.6725,287.7175,286.4425,115.67,-140.53,14.031983908279,4.389729793444866,0.0,0.0,40.18000000000001,1032.01,1040.875,31.71000000000004,0.0,31.71000000000004,920.498
2026-01-05 11:30:00,1381.323,0.0,331.776,97.762,0.0,115.394,0.0,0.0,762.813,5218.176,138.4,762.813,0.1461838389506218,4455.363,2689.068,True,True,True,2,1279.457,151.3875,153.777,27.21,2.6865,-2.4485,441.8895,4045.385,5194.1900000000005,785.025,751.6700000000001,312.365,323.095,115.945,479.1,513.163,14.471621505445064,6.2208796322663895,5036.817,6473.647,936.4125,905.447,339.57499999999993,325.7815,115.945,-136.32,13.986811134404697,5.0327946275310005,0.0,0.0,42.06,1074.765,1097.39,33.354999999999905,0.0,33.354999999999905,992.263
2026-01-05 12:00:00,1272.221,0.0,357.936,104.812,0.0,116.04,0.0,0.0,691.032,5161.266,143.195,691.032,0.1338880809475814,4470.234,2542.041,True,True,True,2,1282.2075,155.4955,156.05849999999998,29.6,3.6875,-2.5605,441.894,4129.185,5178.955,691.76,673.52,324.195,365.43,115.755,387.09,513.09,13.004906859930507,7.056079571709911,5167.6095000000005,6461.1625,847.2555,829.5785000000001,353.795,369.1175,115.755,-180.565,12.839461233053454,5.71287059636872,0.0,0.0,40.075,1038.9499999999998,1015.955,18.24000000000001,0.0,18.24000000000001,900.1800000000001
2026-01-05 12:30:00,1327.828,0.0,385.458,98.873,5.931,115.982,0.0,0.0,646.433,5162.905,143.195,646.433,0.1252072234526879,4516.472,2580.505,True,True,True,2,1279.0055000000002,193.889,193.532,24.891,4.3725,-2.1345,441.8795,4049.535,5167.465,701.71,665.015,320.58000000000004,350.96000000000004,113.89,479.075,513.2065,12.869316881497475,6.791673032675077,5066.351500000001,6446.4705,895.5989999999999,858.547,345.471,355.3325,113.89,-163.615,13.318231430422578,5.511979073983497,0.0,0.0,41.645,1015.975,1022.29,36.69500000000005,0.0,36.69500000000005,992.2815
2026-01-05 13:00:00,1331.259,0.0,380.409,97.202,5.633,99.885,0.0,0.0,680.219,5159.315,144.37,680.219,0.1318428899960557,4479.096,2594.607,True,True,True,2,1270.0315,171.103,171.474,31.6145,6.2875,-2.0205,441.874,3993.415,5141.89,738.76,712.015,305.475,346.005,100.135,455.765,513.12,13.848777902935169,6.729085165783352,4999.192999999999,6411.9215,909.863,883.4889999999999,337.0895,352.2925,100.135,-161.185,13.779876103231503,5.494373539578079,0.0,0.0,42.21,1058.02,1044.235,26.745000000000005,0.0,26.745000000000005,968.885
2026-01-05 13:30:00,1259.628,0.0,379.404,102.714,0.0,101.461,0.0,0.0,710.686,5091.922,144.37,710.686,0.1395712660170364,4381.236,2553.893,True,True,True,2,1248.6709999999998,161.15550000000002,162.28750000000002,29.3045,6.4670000000000005,-1.72,441.901,3985.68,5088.635,737.425,717.085,274.62,313.405,104.59,317.25,513.1105,14.09216862505822,6.158720878396649,5058.086,6337.3060000000005,898.5805,879.3725000000001,303.9245,319.872,104.59,-251.815,13.876467678874889,5.047230951249992,0.0,0.0,39.94,1030.49,1012.045,20.33999999999992,0.0,20.33999999999992,830.3605
2026-01-05 14:00:00,1268.076,0.0,369.686,100.552,0.0,107.883,0.0,0.0,754.426,5090.12,156.07,754.426,0.1482137945667292,4335.694,2600.623,True,True,True,2,1238.5815,182.7795,185.1315,34.21,8.092500000000001,-1.7280000000000002,441.8855,3966.78,5114.06,752.73,732.7750000000001,230.86,256.36,110.15,369.49,513.1375,14.328641219219843,5.013167355964056,5018.996999999999,6352.6415,935.5095,917.9065,265.07,264.4525,110.15,-242.12,14.449165247741202,4.163082699439647,0.0,0.0,40.195,989.135,983.59,19.954999999999927,0.0,19.954999999999927,882.6275
2026-01-05 14:30:00,1270.179,0.0,367.34,99.851,0.0,111.87,0.0,0.0,745.064,5125.372,156.07,745.064,0.1453677898892021,4380.308,2594.304,True,True,True,2,1238.4145,181.1355,181.2705,26.0295,6.9295,-1.73,441.902,3959.845,5134.455,735.085,716.905,181.475,192.04,111.815,365.665,510.2835,13.962999640187135,3.740786810876584,5044.8165,6372.8695,916.2205,898.1755,207.5045,198.9695,111.815,-273.395,14.094314853339512,3.122548312674483,0.0,0.0,38.44,908.945,916.56,18.180000000000064,0.0,18.180000000000064,875.9485
2026-01-05 15:00:00,1357.574,0.0,382.442,103.273,6.953,115.259,0.0,0.0,713.176,5170.825,186.205,713.176,0.1379230586995305,4457.648999999999,2678.677,True,True,True,2,1251.066,177.27,178.5925,10.8245,3.2265,-1.7315,441.905,4186.215,5208.905,695.7449999999999,677.135,123.885,121.18,121.77,215.76,493.9365,13.001275516610644,2.3279670792137463,5297.558,6459.971,873.0149999999999,855.7275,134.7095,124.4065,121.77,-287.88,13.248218028456666,1.9271135458410211,0.0,0.0,33.265,798.315,819.6299999999999,18.6099999999999,2.704999999999984,21.314999999999884,709.6965
2026-01-05 15:30:00,1431.656,0.0,433.085,100.552,180.398,130.674,0.0,0.0,648.07,5260.778,186.205,648.07,0.1231890036036495,4612.7080000000005,2924.435,True,True,True,2,1271.2075,176.8585,179.741,7.423999999999999,1.7445,-1.7305,441.928,4337.935,5321.81,681.0,653.81,65.825,56.76,130.695,209.965,513.1175000000001,12.285352040103064,1.0678615213538745,5421.974,6593.0175,857.8585,833.5509999999999,73.249,58.50449999999999,130.695,-238.795,12.641417698090509,0.8884412018084974,0.0,0.0,31.12,710.5699999999999,746.825,27.19000000000005,9.065000000000005,36.25500000000006,723.0825000000001
2026-01-05 16:00:00,1434.093,0.0,427.053,99.082,180.543,131.074,22.493,0.0,668.878,5365.552,239.04,668.878,0.1246615446090169,4696.674,2963.2160000000003,True,True,True,2,1307.502,200.754,203.9345,5.0205,0.1765,-1.793,441.432,4446.82,5448.855,697.8199999999999,680.1949999999999,14.64,17.615000000000002,130.77499999999998,236.3,513.0675,12.484568364791295,0.3242366428917875,5559.8535,6756.357,898.574,884.1295,19.6605,17.7915,130.77499999999998,-230.75,13.087833368010587,0.26419943242197,0.0,0.0,31.235000000000003,697.81,712.4599999999999,17.625,0.0,17.625,749.3675000000001
2026-01-05 16:30:00,1446.454,0.0,396.85,108.994,193.07,131.052,34.004,0.0,686.24,5554.413,239.04,686.24,0.1235486090069283,4868.173,2996.664,True,True,True,2,1390.684,166.917,163.9305,4.5025,0.0,-1.077,384.751,4718.205,5669.2,796.93,756.075,0.775,4.385,131.01,378.24,513.169,13.33159585458491,0.0775080538372314,5780.719999999999,7059.884,963.847,920.0055,5.2775,4.385,131.01,-37.72,13.02810500406268,0.0622501048093147,0.0,0.0,33.489999999999995,760.46,797.7049999999999,40.85499999999991,0.0,40.85499999999991,891.409
2026-01-05 17:00:00,1405.741,0.0,423.032,105.226,185.967,131.046,29.605,0.0,758.491,5775.301,272.01,758.491,0.1313335876346531,5016.81,3039.108,True,True,True,2,1443.2615,160.4635,161.0115,4.481,0.0,46.4945,438.6245,4725.485000000001,5840.975,922.54,850.385,0.495,3.855,130.73000000000002,510.35,513.1575,14.554912514224664,0.0659785823894354,5768.3145,7284.2365,1083.0035,1011.3965,4.976,3.855,130.73000000000002,-67.09,13.88172659899448,0.0529065501767905,0.0,0.0,38.61,854.24,923.035,72.15499999999997,0.0,72.15499999999997,1023.5075
2026-01-05 17:30:00,1406.829,0.0,427.388,105.017,156.96,131.229,30.746,0.0,926.733,5876.311,272.01,926.733,0.1577065951751022,4949.578,3184.902,True,True,True,2,1428.448,175.498,178.84199999999998,4.481,0.0,85.2995,441.914,4720.21,5897.055,989.65,946.76,0.51,4.26,130.77499999999998,529.98,513.186,16.05475775500381,0.0722394585266206,5745.2655,7325.503000000001,1165.148,1125.602,4.991,4.26,130.77499999999998,-106.54,15.365410590046636,0.0581531968801524,0.0,0.0,40.605,951.02,990.16,42.88999999999999,0.0,42.88999999999999,1043.1660000000002
2026-01-05 18:00:00,1442.419,0.0,437.798,65.359,193.139,131.158,34.179,0.0,906.226,5868.265,239.225,906.226,0.1544282679803996,4962.039000000001,3210.278,True,True,True,2,1372.299,185.4105,188.147,4.481,0.0,4.519,441.88,4611.615,5830.485000000001,946.96,913.94,0.48,4.275,130.735,529.98,513.1885,15.675202785171107,0.0733215429593192,5705.543,7202.784,1132.3705,1102.087,4.961,4.275,130.735,-150.825,15.301171934000852,0.0593523415488962,0.0,0.0,37.145,918.215,947.44,33.01999999999998,0.0,33.01999999999998,1043.1685
2026-01-05 18:30:00,1423.687,0.0,433.085,80.714,215.997,130.406,21.712,0.0,923.346,5826.18,239.225,923.346,0.1584822302091593,4902.834000000001,3228.947,True,True,True,2,1318.9245,175.7875,181.466,4.481,0.0,-2.35,441.9235,4523.135,5780.005,978.785,945.2,0.48,4.27,130.915,529.97,513.105,16.35346731700824,0.0738761944431485,5609.371000000001,7098.9295,1154.5724999999998,1126.6660000000002,4.961,4.27,130.915,-190.435,15.87073194792229,0.0601510500145986,0.0,0.0,36.765,949.47,979.265,33.58499999999992,0.0,33.58499999999992,1043.075
2026-01-05 19:00:00,1408.937,0.0,442.824,95.66,219.285,129.218,0.0,0.0,929.534,5740.569,195.32,929.534,0.1619236699358547,4811.035000000001,3225.458,True,True,True,2,1278.761,144.659,154.2765,4.481,0.0,-2.4455,441.83,4429.66,5692.135,929.695,888.89,0.5,4.245,130.38,529.99,513.1625,15.614578004836323,0.0745780756653119,5481.749,6970.896000000001,1074.354,1043.1665,4.981,4.245,130.38,-196.425,14.962515209223207,0.0608977178178073,0.0,0.0,36.185,893.135,930.195,40.80499999999995,0.0,40.80499999999995,1043.1525
2026-01-05 19:30:00,1375.781,0.0,430.739,102.923,214.967,130.118,0.0,0.0,852.767,5630.863,195.32,852.767,0.1514451692395997,4778.0960000000005,3107.295,True,True,True,2,1227.9299999999998,130.471,137.07100000000003,4.481,0.0,5.861,441.733,4356.83,5574.145,904.98,871.4649999999999,0.475,4.244999999999999,130.47,529.975,513.128,15.634207509606618,0.0761549153318214,5303.8035,6802.075000000001,1035.451,1008.536,4.956,4.244999999999999,130.47,-150.32999999999998,14.827203001926796,0.062407532355998,0.0,0.0,36.285,875.7099999999999,905.455,33.5150000000001,0.0,33.5150000000001,1043.103
2026-01-05 20:00:00,1379.494,0.0,476.043,111.447,209.474,130.716,0.0,0.0,847.58,5532.592,167.57,847.58,0.1531976332250778,4685.012,3154.754,True,True,True,2,1180.1095,128.424,136.804,4.481,0.0,-0.5149999999999999,441.698,4329.795,5459.88,887.2049999999999,867.7049999999999,0.495,4.15,130.015,488.245,513.123,15.894012888313894,0.0760262302487417,5188.433,6639.9895,1015.629,1004.509,4.976,4.15,130.015,-103.35,15.129850377425983,0.0625165214879543,0.0,0.0,36.5,871.8549999999999,887.6999999999999,19.5,0.0,19.5,1001.368
2026-01-05 20:30:00,1373.061,0.0,469.319,111.165,195.924,129.281,0.0,0.0,877.783,5380.254,167.57,877.783,0.1631489888767333,4502.471,3156.533,True,True,True,2,1129.2800000000002,150.883,152.15800000000002,4.481,0.0,-2.4095,441.697,4196.02,5318.125,927.49,893.995,0.475,4.255,130.03500000000005,481.755,513.1615,16.811355058741416,0.0800125795900169,5006.971,6447.405000000001,1078.373,1046.1529999999998,4.956,4.255,130.03500000000005,-105.53,16.227045556047525,0.0659988598738874,0.0,0.0,37.915,898.25,927.965,33.495000000000005,0.0,33.495000000000005,994.9165
2026-01-05 21:00:00,1334.136,0.0,464.963,100.97,20.056,122.537,0.0,0.0,918.59,5258.143,149.145,918.59,0.1746985580270449,4339.553,2961.252,True,True,True,2,1079.8725,185.4,186.389,4.481,0.0,-2.4165,441.713,3938.99,5171.74,918.15,898.39,0.4649999999999999,4.265,97.855,529.975,513.1424999999999,17.36945047084947,0.0824731565653654,4761.0515,6251.6125,1103.5500000000002,1084.779,4.946,4.265,97.855,-166.57999999999998,17.353561345199196,0.0682283661836639,0.0,0.0,40.525,902.655,918.615,19.760000000000105,0.0,19.760000000000105,1043.1174999999998
2026-01-05 21:30:00,1281.485,0.0,469.654,101.462,0.0,96.148,0.0,0.0,890.336,5070.303,149.145,890.336,0.1755981841716363,4179.967,2839.085,True,True,True,2,1014.626,237.231,240.2845,4.481,0.0,-2.4130000000000003,441.669,3730.44,4963.85,878.405,857.235,0.495,4.26,96.15,529.98,513.154,17.267837091227012,0.0858316004934837,4487.4365,5978.476000000001,1115.636,1097.5195,4.976,4.26,96.15,-167.115,18.359037983648207,0.0712660734581486,0.0,0.0,42.66,861.495,878.9,21.16999999999996,0.0,21.16999999999996,1043.134
2026-01-05 22:00:00,1249.119,0.0,456.228,98.031,0.0,96.011,0.0,0.0,842.854,4846.756,135.085,842.854,0.1739006461228912,4003.902,2742.243,True,True,True,2,952.2915,289.704,298.396,4.481,0.0,-2.4135,441.6745,3396.33,4735.2,932.66,897.22,0.48,4.26,96.145,529.98,513.1445,18.95423560489073,0.0899836962254512,4196.7395,5687.4915,1222.364,1195.616,4.961,4.26,96.145,-274.795,21.031108852377585,0.0749192667415216,0.0,0.0,46.605,901.48,933.14,35.440000000000055,0.0,35.440000000000055,1043.1245
2026-01-05 22:30:00,1220.482,0.0,285.825,101.321,0.0,96.501,0.0,0.0,933.359,4613.848,135.085,933.359,0.2022951341266552,3680.489,2637.488,True,True,True,2,890.434,322.7125,330.0765,4.481,0.0,-2.4125,441.5335,3218.94,4508.76,945.625,917.275,0.48,4.25,96.37,529.98,513.1295,20.34696056513624,0.0942739174135447,4038.4135,5399.194,1268.3375,1247.3515,4.961,4.25,96.37,-358.54,23.10626580110308,0.0787288256362416,0.0,0.0,48.86,921.525,946.105,28.350000000000023,0.0,28.350000000000023,1043.1095
2026-01-05 23:00:00,1189.694,0.0,222.068,98.454,0.0,96.256,0.0,0.0,923.679,4410.283,107.285,923.679,0.2094375803094721,3486.6040000000003,2530.151,True,True,True,2,820.9114999999999,313.064,323.022,4.481,0.0,-2.4065,431.1315,3313.995,4497.48,961.755,946.865,0.49,4.255,96.715,493.09,513.0264999999999,21.05364129733484,0.0946105718180176,4104.096,5318.3915,1274.819,1269.887,4.971,4.255,96.715,-391.21,23.87925033521286,0.0800088795218353,0.0,0.0,48.25,951.12,962.245,14.889999999999986,0.0,14.889999999999986,1006.1165
2026-01-05 23:30:00,1263.707,0.0,241.526,102.782,0.0,96.821,0.0,0.0,966.554,4431.02,107.285,966.554,0.2181335223041195,3464.4660000000003,2671.39,True,True,True,2,766.029,301.9,313.55150000000003,4.481,0.0,-10.0895,348.769,3379.5950000000003,4353.31,1007.915,992.585,0.485,4.265000000000001,96.47,371.235,513.0685000000001,22.80194241723688,0.0979768603410423,4110.6215,5119.339,1309.815,1306.1365,4.966,4.265000000000001,96.47,-296.785,25.51503291305808,0.0833171967156346,0.0,0.0,46.95,996.85,1008.4,15.329999999999927,0.0,15.329999999999927,884.3035000000001
2026-01-06 00:00:00,1230.21,0.0,223.409,99.014,0.0,96.182,0.0,0.0,970.646,4288.427,102.015,970.646,0.2263408004846532,3317.781,2619.461,True,True,True,2,728.494,287.91700000000003,307.1015,4.481,0.0,-28.793,353.76300000000003,3264.665,4279.67,1037.245,1000.155,0.49,4.265,96.425,400.845,513.121,23.372956640805523,0.0996596668747103,3983.0895,5008.164000000001,1325.162,1307.2565,4.971,4.265,96.425,-308.39,26.10477078966158,0.0851642372140336,0.0,0.0,48.4,1004.42,1037.735,37.08999999999992,0.0,37.08999999999992,913.966
2026-01-06 00:30:00,1256.576,0.0,239.18,103.205,0.0,96.272,0.0,0.0,1034.645,4223.558,102.015,1034.645,0.2449699992281389,3188.913,2729.878,True,True,True,2,700.0835,276.879,295.4345,4.481,0.0,-4.883,353.7565,3228.255,4162.67,1110.97,1070.055,0.49,4.25,96.32,284.945,513.1030000000001,25.711764445197392,0.1021018089435526,3933.0975,4862.7535,1387.849,1365.4895,4.971,4.25,96.32,-346.685,28.08692415780521,0.0874023396891504,0.0,0.0,48.895,1074.305,1111.46,40.91499999999997,0.0,40.91499999999997,798.048
2026-01-06 01:00:00,1143.489,0.0,183.154,96.92,0.0,95.879,0.0,0.0,1132.472,4108.438,99.025,1132.472,0.2756453912654882,2975.9660000000003,2651.914,True,True,True,2,724.439,287.26300000000003,300.948,4.481,0.0,-4.907,353.7595,3136.89,4079.46,1214.615,1177.7,0.48,4.255,96.355,315.19,513.1155,28.870349875346623,0.104306747659717,3850.074,4803.898999999999,1501.8780000000002,1478.648,4.961,4.255,96.355,-330.92999999999995,30.779051744797137,0.0885752231401711,0.0,0.0,52.22,1181.9550000000002,1215.095,36.91499999999997,0.0,36.91499999999997,828.3054999999999
2026-01-06 01:30:00,1061.525,0.0,176.787,103.342,0.0,96.222,0.0,0.0,1207.108,4026.91,99.025,1207.108,0.2997603621635447,2819.802,2644.984,True,True,True,2,715.502,242.4115,261.676,4.481,0.0,-4.8485,353.7745,3166.005,4003.355,1254.24,1238.06,0.495,4.27,96.35,215.05,513.117,30.92691522344415,0.1066616989518636,3883.674,4718.857,1496.6515,1499.736,4.976,4.27,96.35,-343.475,31.7833639878131,0.0904893135126747,0.0,0.0,51.36000000000001,1242.33,1254.735,16.180000000000064,0.0,16.180000000000064,728.1669999999999
2026-01-06 02:00:00,1059.187,0.0,178.462,103.483,0.0,96.456,0.0,0.0,1236.951,4018.682,96.86,1236.951,0.3078001693092412,2781.731,2674.539,True,True,True,2,706.6904999999999,239.522,255.4745,4.481,0.0,-4.901,353.7665,3290.535,4104.360000000001,1207.1799999999998,1184.365,0.485,4.265,96.53,165.505,513.079,28.856500382452957,0.1039139104312375,4011.779,4811.0505,1446.7019999999998,1439.8395,4.965999999999999,4.265,96.53,-355.645,29.928155066530373,0.0886501428350465,0.0,0.0,48.47,1188.63,1207.6649999999995,22.814999999999827,0.0,22.814999999999827,678.584
2026-01-06 02:30:00,1176.8,0.0,164.366,97.689,0.0,96.448,0.0,0.0,1255.116,4079.946,96.86,1255.116,0.3076305421689405,2824.83,2790.419,True,True,True,2,693.9805,250.9855,265.3205,4.481,0.0,-4.8655,327.798,3322.49,4030.655,1357.485,1332.975,0.47,4.26,96.52,137.805,513.1355,33.075295678149054,0.1056915015805159,4039.845,4724.6355,1608.4705,1598.2955,4.9510000000000005,4.26,96.52,-339.04999999999995,33.83233433960603,0.0901669771641378,0.0,0.0,50.76499999999999,1337.235,1357.955,24.50999999999999,0.0,24.50999999999999,650.9404999999999
2026-01-06 03:00:00,1099.17,0.0,169.728,101.735,0.0,96.538,0.0,0.0,1412.198,4014.774,93.95,1412.198,0.3517503102291686,2602.576,2879.369,True,True,True,2,684.2280000000001,264.2635,277.3355,4.481,0.0,-16.041,324.1155,3411.3450000000003,4004.185,1489.57,1457.32,0.5,4.27,96.37,32.025,513.149,36.39816285405122,0.1066414307910452,4158.175,4688.4130000000005,1753.8335,1734.6554999999998,4.981,4.27,96.37,-363.645,37.00159361570948,0.0910777437315439,0.0,0.0,51.28,1461.59,1490.07,32.25,0.0,32.25,545.174
2026-01-06 03:30:00,956.098,0.0,164.031,100.552,0.0,96.042,0.0,0.0,1562.007,3959.464,93.95,1562.007,0.394499609037991,2397.457,2878.73,True,True,True,2,673.8475000000001,271.994,290.4565,4.481,0.0,-6.6370000000000005,324.1065,3371.27,3919.765,1610.645,1559.7199999999998,0.49,4.26,96.335,0.02,486.3395,39.79347184376076,0.1086834336566504,4117.3385,4593.6125,1882.639,1850.1765,4.971,4.26,96.335,-383.235,40.28041789247253,0.0927405361622876,0.0,0.0,53.53,1563.9799999999998,1611.135,50.92500000000018,0.0,50.92500000000018,486.3595
2026-01-06 04:00:00,955.557,0.0,164.366,100.483,0.0,97.03,0.0,0.0,1621.874,3880.93,92.095,1621.874,0.4179085940741008,2259.056,2939.31,True,True,True,2,669.1769999999999,317.73850000000004,338.1345,4.481,0.0,-55.311,287.5815,3538.715,3889.87,1745.605,1713.545,0.475,4.26,96.27,17.815,363.833,44.05247371164231,0.1095150771479788,4305.3875,4559.0470000000005,2063.3435,2051.6795,4.956,4.26,96.27,-323.1,45.003702244898506,0.0934404534520382,0.0,0.0,54.22,1717.805,1746.08,32.059999999999945,0.0,32.059999999999945,381.648
2026-01-06 04:30:00,917.567,0.0,164.366,95.869,0.0,96.458,0.0,0.0,1706.83,3855.581,92.095,1706.83,0.4426907384386425,2148.751,2981.09,True,True,True,2,668.7004999999999,389.665,416.083,4.481,0.0,-24.6175,220.869,3386.9700000000003,3834.895,1803.73,1753.64,0.49,4.245,96.13,113.4,388.117,45.72977317921956,0.1106950633247341,4216.846,4503.595499999999,2193.395,2169.723,4.971,4.245,96.13,-352.155,48.180689387357006,0.094258824605081,0.0,0.0,58.00000000000001,1757.8849999999998,1804.22,50.09000000000015,0.0,50.09000000000015,501.517
2026-01-06 05:00:00,776.261,0.0,178.462,103.624,0.0,96.361,0.0,0.0,1753.177,3811.185,98.145,1753.177,0.4600083701001132,2058.008,2907.885,True,True,True,2,679.3395,464.7115,489.0205,4.481,0.0,-15.091,76.421,3566.42,3863.525,1762.715,1736.38,0.49,4.255,96.655,20.69,259.517,44.94259255466575,0.1101342832589023,4495.843500000001,4542.8645,2227.4265,2225.4005,4.971,4.255,96.655,-303.975,48.9866831978245,0.093664821977118,0.0,0.0,52.98,1740.6350000000002,1763.2050000000002,26.33500000000004,0.0,26.33500000000004,280.207
2026-01-06 05:30:00,1053.79,0.0,186.504,105.504,0.0,96.774,0.0,0.0,1750.038,3889.585,98.145,1750.038,0.4499292340956683,2139.547,3192.61,True,True,True,2,713.7235000000001,445.343,474.0675,4.481,0.0,-13.3605,-3.87,3677.065,3923.9,1836.775,1776.855,0.485,4.265000000000001,96.42,46.575,110.1885,45.27811917227432,0.1086941216439668,4623.326499999999,4637.6235,2282.1180000000004,2250.9225,4.966,4.265000000000001,96.42,-205.855,48.53296913501767,0.0919677200332102,0.0,0.0,50.080000000000005,1781.12,1837.26,59.92000000000007,0.0,59.92000000000007,156.76350000000002
2026-01-06 06:00:00,1012.507,0.0,163.361,85.888,0.0,96.62,0.0,0.0,1898.864,3984.145,115.575,1898.864,0.4766051436380955,2085.281,3257.24,True,True,True,2,783.7225000000001,451.61,471.086,4.481,0.0,-2.2865,-75.2315,4018.525,4123.885,2110.13,2059.84,0.485,4.25,96.74,1.61,-31.45,49.93957426053836,0.1030792206523223,5004.137,4907.6075,2561.74,2530.9260000000004,4.966,4.25,96.74,-111.85,51.56202957878353,0.0866212404021803,0.0,0.0,50.56,2064.09,2110.615,50.28999999999997,0.0,50.28999999999997,-29.84
2026-01-06 06:30:00,1173.138,0.0,174.776,92.938,0.0,97.13,0.0,0.0,2128.789,4215.53,115.575,2128.789,0.5049872732491526,2086.7409999999995,3666.771,True,True,True,2,864.1425,509.9335,527.0435,4.481,0.0,-1.9835,-138.47449999999998,4351.365,4340.25,2246.405,2176.745,0.495,4.26,96.79,0.015,-64.581,50.15260587488303,0.098170241968428,5405.6965,5204.3925,2756.3385,2703.7885,4.976,4.26,96.79,-33.6,51.95279139083022,0.0818749962789322,0.0,0.0,50.02,2181.005,2246.9,69.65999999999985,0.0,69.65999999999985,-64.566
2026-01-06 07:00:00,1190.289,0.0,164.366,88.26,0.0,96.418,0.0,0.0,2248.708,4483.615,149.28,2248.708,0.5015390482902747,2234.907,3788.041,True,True,True,2,979.58,560.668,580.4794999999999,4.481,0.0,-1.9515,-19.5815,4509.855,4681.27,2372.335,2295.54,0.49,4.255000000000001,96.215,0.02,65.014,49.04560506641221,0.0909105266328085,5612.467000000001,5660.85,2933.003,2876.0195,4.971,4.255000000000001,96.215,-86.83500000000001,50.81264882884645,0.0751828113547638,0.0,0.0,52.0,2299.795,2372.825,76.79500000000007,0.0,76.79500000000007,65.03399999999999
2026-01-06 07:30:00,1229.703,0.0,163.361,78.976,0.0,96.396,0.0,0.0,2324.992,4810.078,149.28,2324.992,0.4833584819206674,2485.086,3893.428,True,True,True,2,1071.1844999999998,584.7155,599.727,4.481,0.0,2.4845,-3.4895,4683.905000000001,4914.835,2390.455,2322.415,0.485,4.275,96.38,0.02,166.37849999999997,47.258119795205474,0.0869920317620342,5812.641,5986.0195,2975.1705,2922.142,4.965999999999999,4.275,96.38,-41.68,48.82255698668012,0.0714276906686696,0.0,0.0,53.21499999999999,2326.69,2390.94,68.03999999999996,0.0,68.03999999999996,166.39849999999998
2026-01-06 08:00:00,1239.274,0.0,255.957,60.258,65.33,98.11,0.0,0.0,2289.669,4973.675,151.11,2289.669,0.4603575826727721,2684.0060000000003,4008.598,True,True,True,2,1138.2695,586.3265,599.4035,4.481,0.0,-1.771,-3.48,4874.18,5069.389999999999,2417.2250000000004,2352.02,0.48,4.289999999999999,99.74,0.02,198.2615,46.39402170985801,0.0846268339946775,6004.621499999999,6207.6595,3003.5515000000005,2951.4235,4.961,4.289999999999999,99.74,29.15,47.54479025420885,0.069109426871652,0.0,0.0,52.16,2356.31,2417.7050000000004,65.20500000000038,0.0,65.20500000000038,198.2815
2026-01-06 08:30:00,1278.587,0.0,372.032,41.202,71.036,99.283,0.0,0.0,2361.485,5104.254,151.11,2361.485,0.4626503696720422,2742.769,4223.625,True,True,True,2,1169.1085,579.1610000000001,593.577,4.559,0.0,-2.5995,-3.4695,4968.685,5149.225,2505.2,2417.095,1.605,5.605,101.915,0.02,239.99400000000003,46.938956108279854,0.1087292269898899,6079.136,6318.333500000001,3084.361,3010.672,6.164,5.605,101.915,80.815,47.6471102445133,0.0886058420093897,0.0,0.0,52.43,2422.7,2506.805,88.10500000000002,0.0,88.10500000000002,240.01400000000004
2026-01-06 09:00:00,1205.796,0.0,324.069,41.48,69.503,114.706,0.0,0.0,2506.836,,143.195,2506.836,,,4262.389999999999,True,False,True,2,1210.722,626.7284999999999,640.1165,4.9795,0.2764999999999999,-2.1625,64.1195,4832.3,5266.73,2565.77,2480.91,12.83,18.39,115.26,26.96,389.322,47.108772828462655,0.3490335985058983,5992.4555,6477.452,3192.4985,3121.0265,17.8095,18.6665,115.26,2.9899999999999984,48.18547990776082,0.2880317792290298,0.0,0.0,55.825,2499.3,2578.6,84.86000000000013,0.0,84.86000000000013,416.282
2026-01-06 09:30:00,1280.022,0.0,187.845,41.27,61.153,115.605,0.0,0.0,2387.346,,143.195,2387.346,,,4073.241,True,False,True,2,1236.9755,666.1465000000001,682.6795,5.6495,0.8999999999999999,-2.0085,110.686,4803.215,5333.855,2385.52,2326.83,19.23,31.205,115.41,0.03,454.438,43.62360961624569,0.5850554054999683,5999.877,6570.8305,3051.6665000000003,3009.5095,24.8795,32.105,115.41,-54.2,45.80153398131348,0.4885482477904492,0.0,0.0,54.885,2358.035,2404.75,58.690000000000055,0.0,58.690000000000055,454.468
2026-01-06 10:00:00,1212.923,0.0,247.915,41.339,5.122,115.659,0.0,0.0,2275.46,5317.486,131.105,2275.46,0.4279202615672143,3042.026,3898.418,True,True,True,2,1239.735,639.5060000000001,659.6055,7.6075,2.647,-2.0175,251.764,4595.299999999999,5336.01,2349.01,2284.195,31.89,46.905,115.35,0.02,512.962,42.80733156220246,0.8790052171936495,5801.108,6575.745000000001,2988.516,2943.8005000000003,39.4975,49.55200000000001,115.35,-203.975,44.767787278731234,0.7535325482768234,0.0,0.0,57.14,2331.1,2380.9,64.81500000000051,0.0,64.81500000000051,512.982
2026-01-06 10:30:00,1169.904,0.0,172.096,41.339,0.0,115.165,0.0,0.0,2244.142,5351.907,131.105,2244.142,0.4193163296746374,3107.7650000000003,3742.646,True,True,True,2,1244.761,630.748,647.0450000000001,9.0635,4.5200000000000005,-2.0285,346.96000000000004,4472.445,5345.764999999999,2201.46,2140.565,42.93,51.93000000000001,115.835,0.79,513.137,40.03916637167513,0.9716558034102925,5716.1415,6590.526,2832.208,2787.61,51.9935,56.45,115.835,-334.855,42.29557322327619,0.8566807571590143,0.0,0.0,56.26,2192.495,2244.39,60.89499999999998,0.0,60.89499999999998,513.9269999999999
2026-01-06 11:00:00,1206.967,0.0,164.031,41.27,0.0,115.438,0.0,0.0,1989.292,5333.163,125.63,1989.292,0.37300416282045,3343.871,3516.998,True,True,True,2,1249.2685,646.6365000000001,659.8505,9.5715,6.1025,2.3755,348.815,4514.65,5307.879999999999,1883.815,1814.27,56.370000000000005,65.735,115.835,-28.28,441.147,34.1779621290684,1.2384950714817535,5830.256,6557.148499999999,2530.4515,2474.1205,65.9415,71.8375,115.835,-409.04,37.7301501582171,1.0955796728142946,0.0,0.0,50.55499999999999,1880.005,1940.185,69.54500000000007,0.0,69.54500000000007,412.867
2026-01-06 11:30:00,1333.672,0.0,350.899,60.399,10.104,115.87,0.0,0.0,1624.365,5263.657,125.63,1624.365,0.3086000854538964,3639.292,3495.309,True,True,True,2,1240.9985,550.4835,563.6575,9.187,6.1875,-1.9995,202.6055,4675.31,5236.200000000001,1603.655,1562.355,109.66,110.825,115.385,19.86,289.5305,29.835404608946448,2.117966533551585,6012.7335,6477.1985,2154.1385,2126.0125,118.847,117.0125,115.385,-285.875,32.820503112812084,1.807591062610496,0.0,0.0,42.905,1673.18,1713.315,41.29999999999996,0.0,41.29999999999996,309.3905
2026-01-06 12:00:00,1381.287,0.0,471.664,50.136,14.133,114.981,0.0,0.0,1445.788,5199.67,128.285,1445.788,0.2780537995680495,3753.882,3477.989,True,True,True,2,1255.8435,493.8065,500.506,8.189,5.9605,-1.9735,199.645,4643.13,5201.0650000000005,1446.425,1410.225,116.915,124.995,115.455,152.22,137.946,27.11423304321848,2.4033221341565247,5964.8035,6456.9085,1940.2315,1910.731,125.104,130.9555,115.455,-252.17,29.592234734108818,2.0282444025045585,0.0,0.0,39.970000000000006,1535.2199999999998,1563.34,36.200000000000045,0.0,36.200000000000045,290.166
2026-01-06 12:30:00,1382.134,0.0,462.282,41.48,13.324,115.638,0.0,0.0,1402.858,5211.782,128.285,1402.858,0.2691705063642339,3808.924,3417.716,True,True,True,2,1262.3815,425.704,434.857,6.875,4.8865,-2.316,302.2225,4601.185,5207.42,1320.825,1296.975,73.03,90.415,115.305,298.75,-10.623,24.90611116231948,1.736252236017221,5868.254,6469.8015,1746.529,1731.832,79.905,95.3015,115.305,-292.92,26.76769905058461,1.472998466664413,0.0,0.0,37.79,1387.39,1393.855,23.850000000000136,0.0,23.850000000000136,288.127
2026-01-06 13:00:00,1429.897,0.0,461.612,41.202,114.257,115.831,0.0,0.0,1243.612,5211.214,129.8,1243.612,0.2386415142421708,3967.602,3406.411,True,True,True,2,1249.5195,375.5065,380.2595,10.2915,8.504,-2.049,425.0085,4591.514999999999,5185.735000000001,1217.08,1197.9250000000002,62.315,81.065,115.76,323.08000000000004,-133.1515,23.098646294693893,1.5633745717870022,5807.0425,6435.2545,1592.5865,1578.1845,72.6065,89.56899999999999,115.76,-378.99,24.52209041133895,1.3920005506417858,0.0,0.0,36.93000000000001,1278.9900000000002,1279.395,19.154999999999745,0.0,19.154999999999745,189.92850000000004
2026-01-06 13:30:00,1443.244,0.0,459.936,63.821,15.226,116.031,0.0,0.0,1172.435,5137.267,129.8,1172.435,0.2282215426996494,3964.832,3270.693,True,True,True,2,1234.0594999999998,341.15,358.536,7.436,7.065,-2.027,441.785,4512.549999999999,5143.425,1231.6799999999998,1192.78,64.55,73.995,115.73,357.745,-122.0805,23.19069478796159,1.438520834549739,5689.418,6377.4845000000005,1572.83,1551.316,71.98599999999999,81.06,115.73,-372.995,24.325203394594407,1.270973062822322,0.0,0.0,37.465,1266.775,1296.2299999999998,38.89999999999986,0.0,38.89999999999986,235.6645
2026-01-06 14:00:00,1457.237,0.0,450.867,80.445,10.104,116.22,0.0,0.0,1209.818,,132.675,1209.818,,,3324.691,True,False,True,2,1229.1785,400.2295,412.0700000000001,8.0735,7.2285,-2.1235,441.762,4457.755,5151.56,1328.045,1275.93,63.465,74.185,102.05,324.075,-69.9955,24.768512877023,1.4400762877545574,5668.803,6380.7385,1728.2745,1688.0,71.5385,81.4135,102.05,-412.73,26.45526420847679,1.2759456997526348,0.0,0.0,39.46,1350.115,1391.51,52.11500000000001,0.0,52.11500000000001,254.0795
2026-01-06 14:30:00,1471.858,0.0,459.601,86.098,12.592,96.868,0.0,0.0,1353.605,,132.675,1353.605,,,3480.622,True,False,True,2,1222.2295,427.828,437.999,5.8675,4.8565000000000005,-2.3255,441.72,4691.525,5131.965,1413.5549999999998,1369.915,70.75999999999999,83.525,96.42,188.23,-176.5265,26.69417305088246,1.6274959767673778,5886.4095,6354.1945,1841.383,1807.914,76.6275,88.38150000000002,96.42,-402.275,28.45254213118506,1.3908966434163696,0.0,0.0,38.97,1453.44,1484.3149999999998,43.63999999999987,0.0,43.63999999999987,11.703499999999991
2026-01-06 15:00:00,1496.284,0.0,445.84,107.255,15.524,96.238,50.118,0.0,1397.057,5156.547,142.5,1397.057,0.2709287823809228,3759.49,3608.316,True,True,True,2,1220.2775,486.192,495.949,4.856999999999999,4.2875,-2.361,441.707,4761.37,5180.125,1444.225,1387.64,50.545,58.3,96.48,117.225,-158.31349999999998,26.78594517952536,1.1258250839350896,5970.095499999999,6400.4025,1930.417,1883.589,55.402,62.587500000000006,96.48,-420.12,29.42740929068306,0.9781256430022062,0.0,0.0,38.915,1445.9399999999998,1494.77,56.58500000000004,0.0,56.58500000000004,-41.08849999999998
2026-01-06 15:30:00,1511.584,0.0,451.872,108.926,15.592,96.144,53.42,0.0,1511.275,5234.755,142.5,1511.275,0.288700235254563,3723.48,3748.813,True,True,True,2,1239.8384999999998,510.2480000000001,513.0485,2.6795,1.3795,33.9695,421.429,4970.360000000001,5269.9,1640.92,1580.48,26.295,32.254999999999995,97.565,13.61,-199.94,29.98899275447241,0.6124385535514978,6193.012000000001,6509.7385,2151.168,2093.5285000000003,28.9745,33.6345,97.565,-431.505,32.1591416882341,0.5171043404729271,0.0,0.0,39.805,1612.735,1667.215,60.440000000000055,0.0,60.440000000000055,-186.33
2026-01-06 16:00:00,1451.998,0.0,441.819,106.696,53.458,115.065,48.498,0.0,1648.362,5283.993,156.775,1648.362,0.3119538576224457,3635.631,3865.896,True,True,True,2,1272.5705,561.933,565.1134999999999,1.9535,0.0,-0.6509999999999999,293.66700000000003,5092.935,5373.0,1857.045,1780.59,9.29,14.02,115.82,0.02,-199.9675,33.132260341005605,0.2615531706889799,6445.0495,6645.5705,2418.978,2345.7035,11.2435,14.02,115.82,-361.6,35.288522280604425,0.2115370254265387,0.0,0.0,40.115,1794.61,1866.335,76.45499999999993,0.0,76.45499999999993,-199.9475
2026-01-06 16:30:00,1440.008,0.0,437.798,105.576,91.11,115.546,29.288,0.0,1902.729,5438.445,156.775,1902.729,0.3498663680518972,3535.7159999999994,4122.055,True,True,True,2,1346.708,727.5615,714.0575,1.81,0.0,-1.775,227.7435,5223.29,5523.5650000000005,2218.185,2103.275,0.905,4.53,115.42,16.450000000000003,-199.9555,38.06850437243598,0.0821014130424519,6718.028,6870.273,2945.7465,2817.3325,2.715,4.53,115.42,-362.305,40.99639600843293,0.0660159491974085,0.0,0.0,46.29,2107.805,2219.09,114.91000000000032,0.0,114.91000000000032,-183.5055
2026-01-06 17:00:00,1348.794,0.0,420.351,107.674,94.917,115.42,11.202,0.0,2238.925,5614.493,155.0,2238.925,0.3987759892122049,3375.568,4337.283,True,True,True,2,1377.096,819.135,797.082,1.81,0.0,7.250500000000001,207.5025,5178.48,5669.855,2436.255,2305.77,0.47,3.915,115.695,110.445,-142.886,40.666086732635264,0.069048343451363,6754.877,7046.951,3255.39,3102.852,2.28,3.915,115.695,-403.7000000000001,44.02965777594765,0.0555551606826726,0.0,0.0,50.01,2309.685,2436.725,130.48500000000013,0.0,130.48500000000013,-32.441
2026-01-06 17:30:00,1299.41,0.0,360.281,68.149,147.873,115.64,0.0,0.0,2386.718,5686.824,155.0,2386.718,0.4196926087390782,3300.106,4378.071,True,True,True,2,1353.1195,809.1859999999999,758.8275,1.81,0.0,12.1755,59.0725,5433.4,5713.264999999999,2619.815,2525.16,0.47,4.25,115.6,19.14,-15.478,44.19795691927174,0.0743880768890715,6926.5255,7066.3845,3429.001,3283.9875,2.28,4.25,115.6,-198.385,46.474068982669706,0.0601445917100006,0.0,0.0,49.605,2529.41,2620.285,94.6550000000002,0.0,94.6550000000002,3.662000000000001
2026-01-06 18:00:00,1299.952,0.0,426.048,50.345,218.996,115.666,0.0,0.0,2617.792,5674.345,138.24,2617.792,0.4613381808825512,3056.5530000000003,4728.799,True,True,True,2,1294.9105,771.8305,738.9965,1.81,0.0,-1.907,80.5385,5418.530000000001,5613.09,2766.175,2680.575,0.47,4.285,115.89,-57.655,71.848,47.75865480986074,0.07634141924895,6801.3575,6908.0005,3538.0055,3419.5715,2.28,4.285,115.89,-153.65,49.50357336820933,0.0620317576650394,0.0,0.0,51.475,2684.86,2766.645,85.60000000000036,0.0,85.60000000000036,14.192999999999998
2026-01-06 18:30:00,1204.198,0.0,305.282,41.339,214.013,115.958,0.0,0.0,2654.301,5539.352,138.24,2654.301,0.479171751497287,2885.051,4535.091,True,True,True,2,1244.9125,747.5129999999999,699.639,1.81,0.0,-2.434,221.47,4992.74,5526.584999999999,2872.12,2725.6800000000003,0.435,4.29,115.79,-8.95,221.72,49.31997343342925,0.0776246882299037,6329.397999999999,6771.4975,3619.633,3425.3190000000004,2.245,4.29,115.79,-300.07000000000005,50.584503502676334,0.0633538784269512,0.0,0.0,57.565,2729.9700000000003,2872.555,146.4399999999996,0.0,146.4399999999996,212.77
2026-01-06 19:00:00,1165.946,0.0,175.112,41.27,0.0,116.069,0.0,0.0,2770.68,5510.789,112.83,2770.68,0.5027737407474683,2740.109,4269.076999999999,True,True,True,2,1208.6350000000002,689.796,667.398,1.81,0.0,-2.43,158.449,4849.79,5496.1900000000005,2967.355,2820.695,0.435,4.3,115.81,-0.02,367.999,51.32182205793458,0.0782361711656109,6168.488,6704.825,3657.151,3488.093,2.245,4.3,115.81,-256.21500000000003,52.02561448748917,0.064133420055947,0.0,0.0,59.845000000000006,2824.995,2967.79,146.6600000000003,0.0,146.6600000000003,367.979
2026-01-06 19:30:00,1043.026,0.0,175.447,41.339,0.0,115.775,0.0,0.0,2880.702,5474.648,112.83,2880.702,0.5261894463351799,2593.946,4256.289000000001,True,True,True,2,1163.2825,693.3489999999999,653.275,3.4875,0.0,-2.441,109.763,4911.18,5411.495000000001,2979.555,2818.01,0.435,4.27,115.66,-0.015,328.0545,52.07091039837635,0.0789116954466269,6122.6875,6574.7775,3672.904,3471.285,3.9225,4.27,115.66,-142.935,52.79584009085772,0.0649513840366443,0.0,0.0,59.48,2822.28,2979.99,161.54499999999962,0.0,161.54499999999962,328.0395
2026-01-06 20:00:00,1139.086,0.0,179.132,41.48,0.0,115.453,0.0,0.0,2771.812,5324.424,100.205,2771.812,0.5205843862171757,2552.612,4246.963,True,True,True,2,1101.5395,729.349,675.806,0.827,0.0,-2.4625,148.505,4865.555,5293.365,2890.585,2776.9,0.405,4.19,115.33,-0.02,177.25099999999998,52.46023336023124,0.0791688448720584,6054.267,6394.904500000001,3619.934,3452.706,1.2319999999999998,4.19,115.33,-222.15,53.99326863832584,0.0655330682421197,0.0,0.0,59.155,2781.09,2890.99,113.6850000000004,0.0,113.6850000000004,177.23099999999997
2026-01-06 20:30:00,1211.017,0.0,323.734,41.27,0.0,115.187,0.0,0.0,2721.158,5226.746,100.205,2721.158,0.520621817092317,2505.588,4412.366,True,True,True,2,1057.0895,732.1875,681.4575,0.827,0.0,-2.459,17.715,4906.06,5158.65,2766.58,2656.63,0.42,4.279999999999999,115.235,-0.02,77.2445,51.49842711338821,0.0829717650049253,6107.181500000001,6215.7395,3498.7675,3338.0875,1.247,4.279999999999999,115.235,-145.54500000000002,53.70452797329367,0.068861711087908,0.0,0.0,55.395,2660.9100000000003,2767.0,109.94999999999982,0.0,109.94999999999982,77.2245
2026-01-06 21:00:00,1244.462,0.0,426.048,41.339,0.0,115.171,0.0,0.0,2633.028,5111.662,93.99,2633.028,0.5151021331222604,2478.6340000000005,4460.048,True,True,True,2,1001.658,716.127,678.88,0.827,0.0,-2.4625000000000004,-13.0095,4891.195,5033.935,2635.725,2539.93,0.43,4.279999999999999,114.845,-0.025,-37.74,50.453176824428894,0.0850268442149485,6073.585499999999,6035.593,3351.852,3218.81,1.257,4.279999999999999,114.845,-151.05,53.32706213088528,0.0709176100601424,0.0,0.0,53.05,2544.21,2636.155,95.79500000000009,0.0,95.79500000000009,-37.765
2026-01-06 21:30:00,1321.195,0.0,431.074,41.202,0.0,114.348,0.0,0.0,2481.356,4965.255,93.99,2481.356,0.4997439205035794,2483.899,4389.175,True,True,True,2,945.211,723.9590000000001,671.9335000000001,0.827,0.0,-4.3795,-52.333,4848.34,4849.495000000001,2520.27,2461.52,0.49,4.26,111.91,-0.015,-178.84050000000002,50.76606578435887,0.0878577302566993,6016.1115,5794.706,3244.2290000000003,3133.4535,1.317,4.26,111.91,-151.78,54.082330467310925,0.073527166130172,0.0,0.0,52.155,2465.78,2520.76,58.75,0.0,58.75,-178.8555
2026-01-06 22:00:00,1194.586,0.0,449.191,60.467,0.0,99.943,0.0,0.0,2441.427,4731.64,86.35,2441.427,0.5159790262995494,2290.213,4245.614,True,True,True,2,882.031,740.8824999999999,681.175,0.827,0.0,-14.605,-3.5365,4476.495,4619.3,2492.2200000000003,2408.215,0.49,4.275,96.37,-0.02,-141.2815,52.13398829934648,0.0925568749270199,5651.7575,5501.331,3233.1025,3089.39,1.317,4.275,96.37,-261.99,56.16199671290043,0.0777198579940488,0.0,0.0,54.760000000000005,2412.49,2492.71,84.00500000000011,0.0,84.00500000000011,-141.3015
2026-01-06 22:30:00,1036.248,0.0,376.723,60.467,0.0,95.544,0.0,0.0,2373.532,4495.777,86.35,2373.532,0.5279470044888792,2122.245,3942.514,True,True,True,2,812.082,785.7560000000001,711.019,0.827,0.0,-22.2275,-3.498,4102.53,4385.355,2418.82,2315.265,0.495,4.27,95.895,-0.015,-40.491,52.80110898127133,0.0973880031022459,5269.2295,5197.437,3204.576,3026.284,1.322,4.27,95.895,-318.695,58.23465724752843,0.0821741196455669,0.0,0.0,57.49,2319.535,2419.315,103.55499999999984,0.0,103.55499999999984,-40.506
2026-01-06 23:00:00,915.63,0.0,319.691,50.273,0.0,96.196,0.0,0.0,2325.981,4293.647,89.735,2325.981,0.5417261828930046,1967.666,3707.771,True,True,True,2,741.5045,790.891,695.5740000000001,0.827,0.0,-43.331,53.8545,4039.275,4360.0650000000005,2520.685,2371.92,0.5,4.265,96.2,-0.015,71.614,54.40362636710605,0.0978242807040701,5157.3485,5101.5695,3311.576,3067.494,1.327,4.265,96.2,-380.525,60.13250171049322,0.0836087842131321,0.0,0.0,60.425,2376.185,2521.185,148.76499999999987,0.0,148.76499999999987,71.599
2026-01-06 23:30:00,713.304,0.0,322.372,41.202,0.0,96.094,0.0,0.0,2424.865,4289.044,89.735,2424.865,0.5653625842961741,1864.179,3597.8369999999995,True,True,True,2,681.178,820.421,648.172,0.827,0.0,-1.75,5.992,3980.555,4210.264999999999,2526.785,2421.9700000000003,0.49,4.275,96.42,-0.02,116.4315,57.52672258121849,0.1015486212460411,5041.586,4891.442999999999,3347.206,3070.142,1.317,4.275,96.42,-378.215,62.76466345519288,0.0874095517016217,0.0,0.0,61.76999999999999,2426.2450000000003,2527.275,104.8149999999996,0.0,104.8149999999996,116.4115
2026-01-07 00:00:00,869.46,0.0,304.254,41.339,0.0,96.684,0.0,0.0,2362.769,4130.351,87.75,2362.769,0.5720504141173474,1767.582,3674.506,True,True,True,2,646.6310000000001,799.8154999999999,608.9345000000001,0.827,0.0,-15.5025,-3.449,3997.295,4114.135,2474.165,2356.325,0.51,4.27,96.065,-0.015,208.81,57.27546859397364,0.1037910474044485,5017.916499999999,4760.766,3273.9805,2965.2595,1.337,4.27,96.065,-348.82000000000005,62.28796692817604,0.0896942409224785,0.0,0.0,60.655,2360.595,2474.675,117.84000000000016,0.0,117.84000000000016,208.795
2026-01-07 00:30:00,981.407,0.0,164.031,41.48,0.0,95.904,0.0,0.0,2382.334,4064.48,87.75,2382.334,0.5861350037397157,1682.1460000000002,3665.156,True,True,True,2,614.4179999999999,819.1220000000001,546.808,0.827,0.0,-1.7095,-3.485,3962.83,4004.795,2517.63,2398.07,0.485,4.255,96.08,-0.025,148.91750000000002,59.88101383149147,0.1062553897445705,4924.638,4619.213,3336.752,2944.878,1.3119999999999998,4.255,96.08,-335.46500000000003,63.75197390045177,0.0921229517704492,0.0,0.0,60.91,2402.325,2518.115,119.5600000000004,0.0,119.5600000000004,148.8925
2026-01-07 01:00:00,1023.121,0.0,0.006,41.339,0.0,96.404,0.0,0.0,2317.528,3934.175,85.66,2317.528,0.5890759816225765,1616.6470000000004,3478.398,True,True,True,2,634.6285,826.2265,532.755,0.827,0.0,-1.3490000000000002,27.558,3630.045,3888.69,2311.94,2182.9300000000003,0.495,4.279999999999999,96.32,-0.02,249.056,56.12783139952983,0.1100632999058762,4574.77,4523.3185,3138.1665,2715.685,1.322,4.279999999999999,96.32,-329.01,60.03332543225928,0.0946203778033206,0.0,0.0,61.605,2187.2100000000005,2312.4349999999995,129.0099999999993,0.0,129.0099999999993,249.036
2026-01-07 01:30:00,1020.307,0.0,0.006,41.202,0.0,95.668,0.0,0.0,2061.574,3853.067,85.66,2061.574,0.5350475348598922,1791.493,3218.757,True,True,True,2,634.0889999999999,834.654,535.2265,0.827,0.0,-1.3530000000000002,14.1895,3543.82,3815.265,2140.705,2034.715,0.51,4.285,96.205,-0.02,224.301,53.33107366756856,0.1123147421567655,4485.473,4449.353999999999,2975.3590000000004,2569.9415,1.337,4.285,96.205,-313.435,57.76031980453505,0.0963079817658428,0.0,0.0,59.425,2039.0,2141.215,105.98999999999978,0.0,105.98999999999978,224.281
2026-01-07 02:00:00,790.509,0.0,0.006,41.061,0.0,96.37,0.0,0.0,2028.925,3808.596,84.525,2028.925,0.5327225570787765,1779.671,2956.871,True,True,True,2,631.4665,822.6095,527.142,0.827,0.0,-2.6155,113.2915,3431.625,3896.775,2110.05,2034.185,0.495,4.27,96.485,-0.015,353.5535,52.20241833884661,0.1095776676396118,4333.943499999999,4528.2415,2932.6595,2561.327,1.322,4.27,96.485,-377.98,56.563418278214606,0.0942970841105942,0.0,0.0,62.88,2038.455,2110.545,75.86500000000024,0.0,75.86500000000024,353.5385
2026-01-07 02:30:00,755.622,0.0,0.006,41.27,0.0,96.448,0.0,0.0,1982.782,3891.358,84.525,1982.782,0.5095347177000934,1908.576,2876.128,True,True,True,2,618.2095,774.1089999999999,505.749,0.827,0.0,-3.547,40.963,3333.695,3870.18,2047.44,1952.185,0.485,4.27,96.31,-0.02,487.9980000000001,50.43748912919542,0.1103331564136736,4224.9635,4488.389499999999,2821.549,2457.934,1.3119999999999998,4.27,96.31,-305.165,54.75856746556931,0.0951360868528705,0.0,0.0,62.565000000000005,1956.455,2047.925,95.25500000000012,0.0,95.25500000000012,487.97800000000007
2026-01-07 03:00:00,706.12,0.0,0.006,41.339,0.0,96.384,0.0,0.0,1852.955,3847.973,81.86,1852.955,0.4815405409549391,1995.018,2696.804,True,True,True,2,606.8275,743.315,453.163,0.827,0.0,-3.7775,136.4335,3150.06,3832.915,1922.47,1831.33,0.49,4.285,96.305,-0.02,513.145,47.7785490413529,0.1117945030461714,4021.0935,4439.7425,2665.785,2284.4930000000004,1.317,4.285,96.305,-391.615,51.45385160131705,0.0965143254236213,0.0,0.0,62.53500000000001,1835.615,1922.96,91.13999999999989,0.0,91.13999999999989,513.125
2026-01-07 03:30:00,679.856,0.0,0.006,41.061,0.0,96.78,0.0,0.0,1764.325,3801.743,81.86,1764.325,0.4640831850022476,2037.418,2582.028,True,True,True,2,601.71,744.9110000000001,416.12,0.827,0.0,-3.9485,121.847,3060.545,3783.075,1764.17,1695.13,0.48,4.27,96.4,-0.025,513.178,44.80590930148549,0.1128722218761978,3903.677,4384.785,2509.081,2111.25,1.307,4.27,96.4,-351.775,48.14847798327781,0.0973830147061567,0.0,0.0,60.305,1699.4,1764.65,69.03999999999996,0.0,69.03999999999996,513.153
2026-01-07 04:00:00,688.875,0.0,0.006,41.48,0.0,96.379,0.0,0.0,1628.095,3752.271,85.285,1628.095,0.4338958993100444,2124.1760000000004,2454.835,True,True,True,2,615.0799999999999,740.5115,426.1125,0.827,0.0,-3.9705,169.799,2918.4700000000003,3750.955,1684.605,1600.52,0.515,4.285,96.41,-0.02,467.6565,42.66919487240412,0.1142390913028562,3753.6725,4366.035,2425.1165,2026.6325,1.342,4.285,96.41,-379.05,46.41774298711198,0.0981447759637799,0.0,0.0,60.400000000000006,1604.805,1685.12,84.08500000000004,0.0,84.08500000000004,467.6365
2026-01-07 04:30:00,716.355,0.0,0.006,41.202,0.0,96.188,0.0,0.0,1542.923,3725.864,85.285,1542.923,0.4141114651527807,2182.941,2396.674,True,True,True,2,621.9625000000001,689.144,410.185,0.827,0.0,-3.9655,153.766,3050.4,3715.705,1538.79,1507.94,0.515,4.285,96.46,-0.02,319.83050000000003,40.58278078695506,0.1153213573765656,3882.297,4337.6675,2227.934,1918.125,1.342,4.285,96.46,-353.19,44.22079577708648,0.098785802380106,0.0,0.0,54.81499999999999,1512.225,1539.305,30.84999999999991,0.0,30.84999999999991,319.81050000000005
2026-01-07 05:00:00,984.553,0.0,0.006,60.467,0.0,96.938,0.0,0.0,1532.651,3730.465,89.135,1532.651,0.4108471732076296,2197.8140000000003,2674.615,True,True,True,2,643.275,672.4245000000001,537.466,0.827,0.0,-2.9565,25.1365,3242.98,3757.715,1557.02,1513.02,0.505,4.295,96.69,-0.02,203.204,40.26475943547094,0.1142981456020616,4194.5075,4400.99,2229.4445,2050.486,1.332,4.295,96.69,-322.915,46.59075206976516,0.0975917812224314,0.0,0.0,51.545,1517.315,1557.525,44.0,0.0,44.0,203.184
2026-01-07 05:30:00,1063.042,0.0,0.006,41.412,0.0,96.424,0.0,0.0,1467.096,3761.25,89.135,1467.096,0.3900554336989033,2294.154,2667.98,True,True,True,2,673.5815,680.4505,502.908,0.827,0.0,-2.9095,113.7495,3140.94,3825.175,1568.47,1507.595,0.52,4.29,96.79,0.01,313.788,39.41781561781942,0.1121567861090412,4085.6755,4498.7565,2248.9205,2010.503,1.347,4.29,96.79,-374.99,44.70120148931163,0.0953656394314873,0.0,0.0,53.945,1511.885,1568.99,60.875,0.0,60.875,313.798
2026-01-07 06:00:00,1031.977,0.0,0.006,52.994,0.0,97.296,0.0,0.0,1415.06,3890.368,104.545,1415.06,0.3637342277131623,2475.308,2597.333,True,True,True,2,761.3615,671.233,501.863,0.827,0.0,-2.9335,186.7055,3115.15,4035.26,1338.935,1287.225,0.51,4.29,96.68,78.07499999999999,426.0685,31.921956978794245,0.1063255224905226,4102.9345,4796.621499999999,2010.168,1789.088,1.337,4.29,96.68,-402.075,37.32443602509585,0.0894550959477436,0.0,0.0,51.49,1291.515,1339.445,51.71000000000004,0.0,51.71000000000004,504.1435
2026-01-07 06:30:00,1132.207,0.0,0.006,65.5,0.0,97.014,0.0,0.0,1171.536,4124.184,104.545,1171.536,0.2840649204788147,2952.648,2466.263,True,True,True,2,857.7735,598.3534999999999,436.7595,0.827,0.0,-2.882,318.255,3104.095,4277.08,1247.48,1203.895,0.51,4.285,96.705,228.065,512.254,28.162288017391155,0.1002152144380867,4068.329,5134.853499999999,1845.8335,1640.6545,1.337,4.285,96.705,-415.28,31.97422956226643,0.0834819034891472,0.0,0.0,52.23500000000001,1208.18,1247.99,43.58500000000004,0.0,43.58500000000004,740.319
2026-01-07 07:00:00,1286.435,0.0,0.006,97.343,0.0,96.694,0.0,0.0,1144.085,4447.797,131.555,1144.085,0.2572250936812089,3303.7119999999995,2624.563,True,True,True,2,1003.8695,509.573,485.4705,0.827,0.0,-2.4495,296.64300000000003,3413.15,4666.455,1103.085,1079.02,0.51,4.29,98.785,378.085,510.211,23.144550913162725,0.0919672896676993,4477.975,5670.324500000001,1612.658,1564.4905,1.337,4.29,98.785,-345.105,27.61032753519845,0.0756957081701721,0.0,0.0,48.105,1083.31,1103.595,24.06500000000005,0.0,24.06500000000005,888.296
2026-01-07 07:30:00,1411.468,0.0,0.006,100.761,0.0,100.724,0.0,0.0,972.242,4833.755,131.555,972.242,0.2011359698619396,3861.513,2585.201,True,True,True,2,1114.6709999999998,384.738,404.5935,0.827,0.0,-2.261,411.437,3531.925,4941.305,878.89,853.8,0.51,4.285,104.335,510.275,513.1085,17.289803627171725,0.0867241032294197,4615.2745,6055.976000000001,1263.6280000000002,1258.3935,1.337,4.285,104.335,-365.77,20.79560951494398,0.0707640111723759,0.0,0.0,43.965,858.0849999999999,879.4,25.090000000000032,0.0,25.090000000000032,1023.3835
2026-01-07 08:00:00,1468.759,0.0,0.006,110.327,90.82,110.28,0.0,0.0,729.359,4992.418,188.065,729.359,0.1460933359346112,4263.058999999999,2509.551,True,True,True,2,1173.1405,282.993,291.0795,0.827,0.0,-2.267,441.986,3648.695,5054.01,666.21,633.615,0.515,4.275,113.26,529.985,513.1165000000001,12.539859331467,0.0845865653087815,4734.251,6227.1505,949.203,924.6945,1.342,4.275,113.26,-338.28,14.854549642727378,0.0686515163577591,0.0,0.0,38.6,637.89,666.725,32.59500000000003,0.0,32.59500000000003,1043.1015000000002
2026-01-07 08:30:00,1500.243,0.0,0.006,108.507,178.193,114.703,0.0,0.0,571.365,5072.935,188.065,571.365,0.1126300652383679,4501.570000000001,2473.017,True,True,True,2,1199.211,239.774,248.806,0.95,0.0755,-2.263,441.992,3685.2,5091.855,539.595,499.995,1.165,5.234999999999999,115.615,529.98,513.1155,9.824332229183607,0.1027608871601939,4796.3755,6291.066000000001,779.3689999999999,748.8009999999999,2.115,5.310499999999999,115.615,-338.135,11.907836059136672,0.0843597330090814,0.0,0.0,36.88,505.23,540.76,39.60000000000002,0.0,39.60000000000002,1043.0955
2026-01-07 09:00:00,1474.808,0.0,0.006,108.093,174.683,128.679,20.86,0.0,407.697,5143.556,204.1,407.697,0.0792636456179343,4735.859,2314.826,True,True,True,2,1245.0155,214.1125,225.054,1.7855,1.385,-2.263,441.9855,3816.685,5212.145,388.165,360.195,13.405,20.475,130.195,529.98,513.1765,6.91328364518071,0.392258853611926,4946.3835,6457.1605,602.2775,585.249,15.1905,21.86,130.195,-310.595,9.066656085642338,0.3379746519633371,0.0,0.0,37.16,380.67,401.57,27.96999999999997,0.0,27.96999999999997,1043.1565
2026-01-07 09:30:00,1586.915,0.0,0.006,109.977,180.39,130.704,23.498,0.0,316.044,5247.111,204.1,316.044,0.0602320019530747,4931.067,2347.534,True,True,True,2,1276.13,164.2125,177.026,3.101,2.9355,-0.7815000000000001,441.9655,3909.755,5262.12,293.41,272.73,29.24,40.7,130.265,529.985,513.121,5.182933707825811,0.7734406669656589,5013.991,6538.25,457.6225,449.756,32.341,43.63549999999999,130.265,-255.435,6.879454426093548,0.6672811945597418,0.0,0.0,35.29,313.43,322.65,20.67999999999995,0.0,20.67999999999995,1043.106
2026-01-07 10:00:00,1633.303,0.0,0.006,109.135,207.276,129.68,81.057,0.0,213.737,5226.626,230.505,213.737,0.0408938768528683,5012.889,2374.1940000000004,True,True,True,2,1275.0925,115.8755,116.6055,6.3685,6.574,13.219,441.9095,3879.625,5224.905000000001,210.62,188.635,56.58,75.155,129.7,529.985,513.1410000000001,3.6099518830063264,1.43867267921452,4938.483,6499.9975,326.4955,305.2405,62.9485,81.729,129.7,-223.635,4.695578454868751,1.2575941128230892,0.0,0.0,32.78,263.79,267.2,21.985000000000014,0.0,21.985000000000014,1043.1260000000002
2026-01-07 10:30:00,1667.813,0.0,0.006,109.977,206.254,129.467,144.502,0.0,165.02,5221.726,230.505,165.02,0.0316025773853319,5056.705999999999,2423.039,True,True,True,2,1279.478,99.007,97.1785,10.5785,10.8875,35.180499999999995,441.899,3835.89,5202.215,175.37,152.595,79.32,102.51,130.125,529.985,513.1965,2.9331494719677567,1.970613860563745,4895.9765,6481.693,274.377,249.7735,89.8985,113.3975,130.125,-242.455,3.853474342816156,1.749566554456662,0.0,0.0,31.66,255.105,254.69,22.77500000000001,0.0,22.77500000000001,1043.1815
2026-01-07 11:00:00,1679.136,0.0,0.006,108.234,216.577,130.24,203.921,0.0,140.46,5199.194,234.545,140.46,0.0270157258990528,5058.734,2478.574,True,True,True,2,1278.694,92.45,86.3425,10.8965,12.321000000000002,75.651,441.891,3775.08,5190.375,178.135,149.805,106.29,116.13,130.71499999999995,529.985,513.178,2.8863102772346374,2.237446610731806,4844.2705000000005,6469.069,270.585,236.1475,117.1865,128.451,130.71499999999995,-294.13,3.65038774937714,1.9856749643857363,0.0,0.0,32.325,265.935,284.42499999999995,28.329999999999984,0.0,28.329999999999984,1043.163
2026-01-07 11:30:00,1680.442,0.0,0.006,109.067,95.138,130.937,166.082,0.0,171.759,5179.622,234.545,171.759,0.0331605279304165,5007.863,2353.431,True,True,True,2,1269.9145,73.1855,62.3475,16.131,17.252000000000002,7.800499999999999,441.887,3801.325,5162.695,202.975,181.44,123.015,160.86,130.83499999999998,529.98,513.1614999999999,3.5146502817160488,3.11602340147164,4875.0725,6432.6095000000005,276.1605,243.7875,139.146,178.11200000000002,130.83499999999998,-238.765,3.789933895335136,2.769064521288348,0.0,0.0,32.74,342.3,325.99,21.535000000000025,0.0,21.535000000000025,1043.1415
2026-01-07 12:00:00,1680.914,0.0,0.006,110.746,137.909,129.843,130.426,0.0,203.436,5159.845,218.875,203.436,0.0394267657264898,4956.409000000001,2393.28,True,True,True,2,1273.1985,54.8245,44.6025,20.567500000000003,19.557,4.5765,441.8855,3873.07,5171.754999999999,260.83,238.385,120.42,153.76,130.45,529.985,513.154,4.608983419669397,2.973304734709935,4936.04,6444.9535,315.6545,282.9875,140.9875,173.317,130.45,-221.145,4.390627614070845,2.6893150320230266,0.0,0.0,31.65,392.145,381.25,22.444999999999997,0.0,22.444999999999997,1043.139
2026-01-07 12:30:00,1654.354,0.0,0.006,111.028,181.931,129.769,160.269,0.0,264.534,5178.396,218.875,264.534,0.0510841581061008,4913.862,2501.891,True,True,True,2,1277.4305,52.167,39.9275,18.474,17.0435,1.349,441.8515,3908.055,5200.379999999999,316.62,297.665,115.955,143.815,130.45,529.98,513.1675,5.723289694474875,2.765584114928477,4981.1485,6477.8105,368.787,337.5925,134.429,160.8585,130.45,-223.445,5.211309986743847,2.4832759057058054,0.0,0.0,30.795,441.48,432.575,18.95500000000004,0.0,18.95500000000004,1043.1475
2026-01-07 13:00:00,1659.71,0.0,0.006,111.165,155.274,130.608,196.486,0.0,332.147,5214.375,192.23,332.147,0.0636983339326381,4882.228,2585.396,True,True,True,2,1263.5695,44.1175,31.584000000000003,19.187,18.043,2.1335,441.826,3912.215,5214.5,387.555,368.355,99.08,122.44,130.655,529.985,513.168,7.064271325167793,2.34798475266315,4980.2905,6478.0695,431.6725,399.939,118.267,140.483,130.655,-233.525,6.174145947180339,2.168437434342441,0.0,0.0,31.335,490.795,486.635,19.19999999999999,0.0,19.19999999999999,1043.153
2026-01-07 13:30:00,1656.29,0.0,0.006,111.165,61.591,130.148,195.99,0.0,412.243,5203.314,192.23,412.243,0.0792270080183513,4791.071,2567.433,True,True,True,2,1239.704,37.1735,28.174,18.06,15.9325,-2.2350000000000003,441.8195,3913.5,5212.575,560.4300000000001,538.55,83.15,106.02,130.61,529.98,513.133,10.330160152301469,2.0340325282168625,4958.1975,6452.279,597.6035,566.724,101.21,121.9525,130.61,-230.015,8.782420513168024,1.890151267280305,0.0,0.0,33.585,644.5699999999999,643.58,21.88000000000011,0.0,21.88000000000011,1043.113
2026-01-07 14:00:00,1651.725,0.0,0.006,110.605,54.847,130.786,41.662,0.0,733.028,5223.488,170.45,733.028,0.1403330494872391,4490.46,2722.659,True,True,True,2,1242.1815,30.3625,18.647,12.242,10.5075,-2.367,441.8045,4037.525,5239.9,967.765,931.095,63.71,83.22,113.895,529.985,513.175,17.769584889879965,1.588193651564736,4990.503,6482.0815,998.1275,949.742,75.952,93.7275,113.895,-134.04,14.65144942679222,1.4459560075146465,0.0,0.0,38.7,1014.315,1031.475,36.66999999999996,0.0,36.66999999999996,1043.16
2026-01-07 14:30:00,1445.495,0.0,0.006,108.648,10.023,110.185,0.0,0.0,1138.935,5244.794,170.45,1138.935,0.2171553353668418,4105.859,2813.292,True,True,True,2,1242.0875,24.9555,11.9665,11.426,10.006,-2.3760000000000003,441.8235,4101.24,5260.675,1344.995,1264.99,47.82,53.805,111.035,529.98,513.15,24.04314251217755,1.022979954243672,5032.6285,6502.762500000001,1369.9505,1276.9565,59.246,63.81099999999999,111.035,-112.63,19.635581648576288,0.9814169428654792,0.0,0.0,42.875,1318.795,1392.8149999999998,80.00499999999988,0.0,80.00499999999988,1043.13
2026-01-07 15:00:00,1406.123,0.0,0.006,106.204,0.0,111.652,0.0,0.0,1368.068,5299.596,149.11,1368.068,0.2581457152582951,3931.5279999999993,2992.053,True,True,True,2,1251.9285,23.3905,10.042,8.6435,4.8965,-2.3735,441.8335,4316.32,5329.825,1599.475,1486.725,34.95,42.52,111.38,529.98,513.1305,27.891419834430497,0.7978893451275395,5243.700499999999,6581.7535,1622.8655,1496.7669999999998,43.593500000000006,47.4165,111.38,-99.08,22.738125237556154,0.7206083923149306,0.0,0.0,44.46,1529.245,1634.425,112.75,0.0,112.75,1043.1105
2026-01-07 15:30:00,1414.7,0.0,0.006,106.555,0.0,111.005,0.0,0.0,1626.246,5352.812,149.11,1626.246,0.3038115293419609,3726.566,3258.512,True,True,True,2,1288.447,19.6875,6.202999999999999,6.071999999999999,1.129,-2.3825000000000003,441.827,4605.344999999999,5412.469999999999,1949.695,1819.115,18.64,24.96,111.645,529.975,513.192,33.60237733602438,0.4615613086330397,5530.2935,6700.917,1969.3825,1825.318,24.712,26.089,111.645,-59.91,27.233242090476605,0.3897341163069995,0.0,0.0,46.92,1844.075,1968.3350000000005,130.58000000000015,0.0,130.58000000000015,1043.167
2026-01-07 16:00:00,1417.887,0.0,0.006,106.555,0.0,115.452,0.0,0.0,1972.184,5457.338,151.8,1972.184,0.3613820511025705,3485.1539999999995,3612.084,True,True,True,2,1340.2065,18.988,6.086,5.3580000000000005,0.0465,-2.388,441.848,4832.055,5530.125,2192.225,2086.045,3.745,7.985,114.895,529.98,513.1565,37.71960755992123,0.1446634197521243,5756.0695,6870.3315,2211.213,2092.1310000000003,9.103,8.031500000000001,114.895,-6.200000000000001,30.45017213250653,0.1171827425353289,0.0,0.0,48.835,2094.03,2195.97,106.17999999999984,0.0,106.17999999999984,1043.1365
2026-01-07 16:30:00,1347.492,0.0,0.006,108.717,0.0,116.104,0.0,0.0,2145.716,5581.771,151.8,2145.716,0.3844149106081206,3436.055,3718.035,True,True,True,2,1416.2065,17.9635,4.7545,5.204,0.0,-2.624,441.8735,4965.1900000000005,5689.450000000001,2357.325,2235.755,0.645,4.25,115.805,529.985,513.185,39.29342695735589,0.0747371198203862,5883.743,7105.656500000001,2375.2885,2240.5095,5.849,4.25,115.805,75.915,31.528874138721395,0.0598425443662352,0.0,0.0,49.95,2240.005,2357.97,121.56999999999972,0.0,121.56999999999972,1043.17
2026-01-07 17:00:00,1262.463,0.0,124.111,107.747,0.0,116.074,0.0,0.0,2324.131,5769.706,154.4,2324.131,0.4028161920208759,3445.5750000000003,3934.526,True,True,True,2,1447.8205,16.9635,3.109,5.204,0.0,-2.652,441.877,5081.155,5828.860000000001,2524.14,2418.115,0.575,4.205,115.855,466.245,513.175,41.48244241523162,0.0721376882741697,5999.879499999999,7276.6805,2541.1035,2421.224,5.779,4.205,115.855,107.88,33.27168364944343,0.0577848641915922,0.0,0.0,51.215,2422.32,2524.715,106.02500000000008,0.0,106.02500000000008,979.42
2026-01-07 17:30:00,1256.388,0.0,203.616,110.605,15.516,116.052,0.0,0.0,2482.198,5866.209,154.4,2482.198,0.4231349411519433,3384.011,4184.375,True,True,True,2,1428.9625,19.2125,4.313000000000001,5.204,0.0,-2.642,441.8475,5096.405000000001,5864.705,2541.7700000000004,2494.4300000000003,0.565,4.355,115.73,393.04,513.128,42.53312048525429,0.0742580035973461,5988.805,7293.6675,2560.9825,2498.743,5.769,4.355,115.73,116.905,34.25944632753652,0.0597097406510736,0.0,0.0,51.925,2498.7850000000003,2542.3350000000005,47.34000000000015,0.0,47.34000000000015,906.168
2026-01-07 18:00:00,1168.181,0.0,243.872,107.187,16.172,115.514,0.0,0.0,2523.455,5824.421,144.055,2523.455,0.4332542238962464,3300.9660000000003,4174.380999999999,True,True,True,2,1375.3745,22.468,11.797,5.204,0.0,-2.654,438.5415,4992.765,5767.635,2516.51,2474.035,0.575,4.33,115.54,441.545,513.0854999999999,42.89456283082127,0.0750744678798537,5750.794,7143.0095,2538.978,2485.8320000000003,5.779,4.33,115.54,203.07,34.800833617217656,0.0606195896882455,0.0,0.0,53.76499999999999,2478.365,2517.085,42.47500000000037,0.0,42.47500000000037,954.6305
2026-01-07 18:30:00,1126.363,0.0,229.798,100.761,16.988,115.651,0.0,0.0,2486.021,5697.811,144.055,2486.021,0.4363115940490129,3211.7899999999995,4075.582,True,True,True,2,1324.0904999999998,36.5215,26.3835,5.204,0.0,-2.6525,370.6835,4933.77,5637.4,2477.15,2433.235,0.545,4.345000000000001,115.465,350.05,513.1244999999999,43.1629922027859,0.0770740537416223,5729.52,6961.4905,2513.6715,2459.6185,5.749,4.345000000000001,115.465,183.425,35.33285899418635,0.0624145263430212,0.0,0.0,52.545,2437.5799999999995,2477.695,43.91499999999997,0.0,43.91499999999997,863.1744999999999
2026-01-07 19:00:00,1073.638,0.0,221.733,98.732,16.256,114.99,0.0,0.0,2481.459,5584.944,133.045,2481.459,0.4443122437754075,3103.4850000000006,4006.808,True,True,True,2,1287.2935,46.7645,38.886,5.204,0.0,-2.6625,437.0955,4688.515,5547.25,2583.88,2523.945,0.54,4.355,115.28,436.87,513.183,45.50177317071004,0.0785090838718666,5446.124500000001,6834.5435,2630.6445000000003,2562.831,5.744,4.355,115.28,116.18,37.50088473932317,0.0637221059856915,0.0,0.0,57.3,2528.3,2584.42,59.9350000000004,0.0,59.9350000000004,950.053
2026-01-07 19:30:00,1013.178,0.0,165.372,95.309,16.027,115.456,0.0,0.0,2557.677,5500.884,133.045,2557.677,0.4649574504752327,2943.207,3963.019,True,True,True,2,1242.337,59.590500000000006,52.0885,5.204,0.0,-2.66,441.8285,4619.695,5456.665,2651.96,2573.415,0.535,4.335,115.57,336.76,513.1415,47.15984976925755,0.0794450056826746,5401.6125,6699.002,2711.5505000000003,2625.5035,5.739,4.335,115.57,41.015,39.19181075152444,0.0647120787267758,0.0,0.0,58.06,2577.75,2652.495,78.54500000000007,0.0,78.54500000000007,849.9014999999999
2026-01-07 20:00:00,1031.475,0.0,182.148,45.663,25.404,115.218,0.0,0.0,2479.418,5382.038,117.125,2479.418,0.4606838524737284,2902.6199999999994,3879.326,True,True,True,2,1191.445,61.054,54.962,5.204,0.0,-2.71,441.7765,4507.21,5309.29,2508.17,2466.35,0.5549999999999999,4.315,101.985,260.38,513.163,46.45645999297921,0.0812833302898072,5303.623,6500.735000000001,2569.224,2521.312,5.759,4.315,101.985,-24.965,38.78840627708069,0.0663871682842086,0.0,0.0,56.84,2470.665,2508.725,41.82000000000016,0.0,41.82000000000016,773.543
2026-01-07 20:30:00,1032.971,0.0,166.712,60.258,20.864,100.781,0.0,0.0,2454.95,5225.242,117.125,2454.95,0.4698251296303596,2770.2920000000004,3836.536,True,True,True,2,1143.844,59.163,53.1165,5.204,0.0,-2.7735000000000003,441.6615,4346.69,5143.13,2427.49,2393.5150000000003,0.575,4.324999999999999,100.355,241.205,512.163,46.53902318157469,0.0840951007878595,5123.328,6286.974,2486.653,2446.6315000000004,5.779,4.324999999999999,100.355,-55.3,38.91648418896011,0.0687950738052141,0.0,0.0,57.095000000000006,2397.84,2428.065,33.974999999999454,0.0,33.974999999999454,753.368
2026-01-07 21:00:00,929.23,0.0,165.036,80.855,0.0,100.098,0.0,0.0,2381.917,5075.459,110.055,2381.917,0.4693008060945818,2693.542,3657.136,True,True,True,2,1102.749,55.989,45.775000000000006,5.204,0.0,-3.2705,441.6535,4058.25,4975.965,2406.285,2358.045,0.55,4.33,99.73,345.225,513.162,47.39499995893174,0.087029384687636,4809.156499999999,6078.714,2462.2740000000003,2403.82,5.754,4.33,99.73,-69.49000000000001,39.550141141325305,0.071241221123155,0.0,0.0,60.04999999999999,2362.375,2406.835,48.23999999999978,0.0,48.23999999999978,858.3870000000001
2026-01-07 21:30:00,809.535,0.0,164.366,88.187,0.0,99.597,0.0,0.0,2349.319,4865.192,110.055,2349.319,0.4828831010163628,2515.873,3511.004,True,True,True,2,1043.2115,75.402,61.629,5.204,0.0,-20.003500000000003,437.7135,3975.97,4745.46,2320.905,2293.235,0.5700000000000001,4.315,99.745,228.28,481.8745,48.32133504027808,0.0909435857593546,4721.3455,5788.6715,2396.307,2354.864,5.773999999999999,4.315,99.745,-103.33,40.68008459350653,0.0745549226651393,0.0,0.0,59.14,2297.55,2321.475,27.670000000000076,0.0,27.670000000000076,710.1545
2026-01-07 22:00:00,836.758,0.0,169.728,60.399,0.0,99.668,0.0,0.0,2181.094,4608.886,99.615,2181.094,0.4732366997144211,2427.7920000000004,3347.647,True,True,True,2,968.1835,85.68700000000001,68.458,5.204,0.0,-16.240000000000002,441.637,3735.385,4490.325,2129.735,2084.295,0.55,4.324999999999999,96.45,150.865,485.4645,46.41048407174767,0.096328553223343,4459.331,5458.5085,2215.422,2152.753,5.754,4.324999999999999,96.45,-167.725,39.43294376168146,0.079244838431906,0.0,0.0,57.78000000000001,2088.62,2130.2850000000003,45.440000000000055,0.0,45.440000000000055,636.3295
2026-01-07 22:30:00,844.975,0.0,175.112,46.641,0.0,95.245,0.0,0.0,1998.471,4378.884,99.615,1998.471,0.4563882030215918,2380.413,3160.444,True,True,True,2,900.6875,71.111,54.3335,5.204,0.0,-26.179,441.6595,3701.81,4277.205,1971.435,1931.07,0.585,4.335,95.635,31.005,445.066,45.138802218818775,0.1013574364582325,4396.960999999999,5177.8925,2042.546,1985.4035,5.789,4.335,95.635,-196.995,38.33442291395303,0.0837281115778431,0.0,0.0,54.09,1935.405,1972.02,40.36500000000001,0.0,40.36500000000001,476.071
2026-01-07 23:00:00,1011.821,0.0,181.143,41.412,0.0,95.182,0.0,0.0,1791.261,4182.765,103.505,1791.261,0.4282480607923227,2391.5040000000004,3120.819,True,True,True,2,836.5260000000001,69.1865,54.5495,5.204,0.0,-17.994,441.6525,3612.73,4279.610000000001,1747.08,1677.515,0.585,4.31,95.99,73.155,482.5915,39.19655651074484,0.1007138438711111,4246.2295,5116.136,1816.2665,1732.0645000000002,5.789,4.31,95.99,-206.96,33.85361082979118,0.0842501403477203,0.0,0.0,51.46,1681.825,1747.665,69.56499999999983,0.0,69.56499999999983,555.7465
2026-01-07 23:30:00,1102.769,0.0,164.366,41.202,0.0,95.548,0.0,0.0,1614.284,4222.964,103.505,1614.284,0.3822632634329821,2608.68,3018.169,True,True,True,2,782.146,104.645,90.4095,5.204,0.0,-25.8815,441.6505,3443.24,4161.655,1581.085,1518.4,0.5800000000000001,4.3100000000000005,96.085,223.115,513.1925,36.47516453626983,0.1035759127673035,4112.7465,4943.801,1685.73,1608.8094999999998,5.783999999999999,4.3100000000000005,96.085,-291.555,32.5354453851839,0.0871910519857389,0.0,0.0,52.025,1522.71,1581.665,62.684999999999945,0.0,62.684999999999945,736.3075
2026-01-08 00:00:00,1126.526,0.0,164.366,41.27,0.0,96.335,0.0,0.0,1390.375,4089.457,102.4,1390.375,0.3399901258284413,2699.082,2818.8720000000003,True,True,True,2,744.0395000000001,131.88,117.5085,5.204,0.0,-33.387,373.7845,3238.04,4057.975,1362.6799999999998,1327.485,0.6,4.325,96.52,373.125,513.1975,32.70824176683423,0.106587743644834,3947.9255,4802.0145,1494.56,1444.9935,5.804,4.325,96.52,-294.375,30.08797871592456,0.0900734189350829,0.0,0.0,51.25500000000001,1331.8100000000002,1363.2799999999995,35.19499999999971,0.0,35.19499999999971,886.3225
2026-01-08 00:30:00,1008.521,0.0,164.366,41.27,0.0,96.593,0.0,0.0,1261.383,3977.436,102.4,1261.383,0.3171347068815186,2716.053,2572.133,True,True,True,2,715.8455,132.803,124.504,5.204,0.0,-13.6075,323.9535,2941.105,3932.525,1266.14,1203.855,0.58,4.34,96.19,507.665,513.206,30.610966514398623,0.1103635005311447,3648.9495,4648.370500000001,1398.943,1328.359,5.784,4.34,96.19,-289.26,28.575866139041388,0.0933684177944045,0.0,0.0,52.77499999999999,1208.195,1266.7199999999998,62.284999999999854,0.0,62.284999999999854,1020.871
2026-01-08 01:00:00,889.4,0.0,164.366,41.202,0.0,96.42,0.0,0.0,1158.992,3909.121,107.915,1158.992,0.2964840433437594,2750.129,2350.38,True,True,True,2,733.3725,155.96550000000002,151.856,5.204,0.0,-15.4985,323.9995,2810.185,3879.28,1101.31,1074.535,0.595,4.33,96.345,529.97,513.1479999999999,27.68916327318332,0.1116252399767598,3574.181,4612.6525,1257.2755,1226.391,5.799,4.33,96.345,-326.69,26.58026732329781,0.0938759046620304,0.0,0.0,51.75000000000001,1078.8649999999998,1101.905,26.77500000000009,0.0,26.77500000000009,1043.118
2026-01-08 01:30:00,989.899,0.0,184.829,41.27,0.0,96.434,0.0,0.0,916.032,3834.032,107.915,916.032,0.2389213235570282,2918.0,2228.464,True,True,True,2,721.563,168.264,165.4015,5.204,0.0,-9.7465,324.029,2672.43,3810.975,854.4200000000001,835.73,0.59,4.355,96.465,529.98,513.1395,21.928014563174568,0.114274879771658,3452.841,4532.5380000000005,1022.684,1001.1315,5.794,4.355,96.465,-360.925,22.086534595823714,0.0960828392683533,0.0,0.0,48.395,840.085,855.0100000000001,18.69000000000005,0.0,18.69000000000005,1043.1195
2026-01-08 02:00:00,1027.891,0.0,179.468,41.27,0.0,96.419,0.0,0.0,773.999,3824.502,114.77,773.999,0.2023790286944548,3050.503,2119.0470000000005,True,True,True,2,712.887,188.0885,188.134,5.204,0.0,-5.305,324.027,2699.435,3907.425,717.5,700.315,0.6,4.325,96.57,529.98,513.116,17.92175576837596,0.1106866849063899,3490.971,4620.312,905.5885,888.4490000000001,5.803999999999999,4.325,96.57,-385.7000000000001,19.22812238431967,0.0936084309080423,0.0,0.0,45.715,704.6400000000001,718.1,17.184999999999945,0.0,17.184999999999945,1043.096
2026-01-08 02:30:00,1174.401,0.0,203.951,60.399,0.0,95.928,0.0,0.0,626.957,3885.67,114.77,626.957,0.1613510668687768,3258.713,2161.636,True,True,True,2,698.9259999999999,193.0165,191.672,5.204,0.0,-5.2765,324.0445,2649.51,3878.325,598.7049999999999,578.515,0.6,4.35,96.41,529.98,513.1295,14.915273928522693,0.1121634256689615,3444.5545,4577.251,791.7215,770.1869999999999,5.803999999999999,4.35,96.41,-403.565,16.824701334118313,0.0950369680747527,0.0,0.0,43.695,582.865,599.305,20.18999999999994,0.0,20.18999999999994,1043.1095
2026-01-08 03:00:00,1214.402,0.0,217.042,91.541,0.0,96.066,0.0,0.0,486.302,3851.807,119.13,486.302,0.1262529508877262,3365.505,2105.353,True,True,True,2,691.1735000000001,182.6075,177.5625,5.204,0.0,-5.246,324.03700000000003,2623.94,3846.735,439.68,417.21,0.595,4.325,96.545,529.98,513.1315,10.844675980655197,0.1124340749899967,3404.8865,4537.9085,622.2875,594.7725,5.799,4.325,96.545,-396.185,13.105493218886275,0.0953089724030971,0.0,0.0,40.385000000000005,421.535,440.275,22.46999999999997,0.0,22.46999999999997,1043.1115
2026-01-08 03:30:00,1242.517,0.0,272.734,102.996,0.0,96.286,0.0,0.0,390.376,3832.812,119.13,390.376,0.1018510691367069,3442.436,2104.909,True,True,True,2,686.4195,162.2165,163.2425,5.204,0.0,-5.2395,324.0435,2608.6000000000004,3821.43,343.17,320.065,0.605,4.345,96.52,529.975,513.0709999999999,8.373827380083895,0.1137011865619211,3376.199,4507.8495,505.3865,483.3075,5.808999999999999,4.345,96.52,-387.14,10.71976043816218,0.0963876710986579,0.0,0.0,38.27,324.41,343.77500000000003,23.105000000000015,0.0,23.105000000000015,1043.0459999999998
2026-01-08 04:00:00,1239.843,0.0,358.941,102.504,0.0,96.496,0.0,0.0,287.084,3802.305,129.17,287.084,0.0755026227511996,3515.221,2084.868,True,True,True,2,688.5605,147.9995,148.25400000000002,5.204,0.0,-5.2255,324.0445,2595.32,3805.125,300.96000000000004,278.31,0.595,4.33,96.375,529.9200000000001,513.1144999999999,7.31377799106718,0.1137945978077684,3340.725,4493.6855,448.9595,426.564,5.799,4.33,96.375,-363.245,9.492052636557917,0.0963578314713333,0.0,0.0,37.34,282.64,301.55500000000006,22.650000000000038,0.0,22.650000000000038,1043.0345
2026-01-08 04:30:00,1235.035,0.0,355.925,101.252,0.0,96.494,0.0,0.0,259.271,3789.97,129.17,259.271,0.0684097763306833,3530.699,2047.977,True,True,True,2,691.6345,117.254,107.1395,5.204,0.0,-2.3075,324.046,2494.105,3794.27,261.315,233.77,0.605,4.34,96.46,529.935,513.1220000000001,6.160775088107351,0.1143830898450154,3180.5755,4485.904500000001,378.569,340.9095,5.808999999999999,4.34,96.46,-302.96000000000004,7.5990589762369,0.0967475610388051,0.0,0.0,36.760000000000005,238.11,261.92,27.544999999999987,0.0,27.544999999999987,1043.057
2026-01-08 05:00:00,1209.822,0.0,323.734,98.24,0.0,96.614,0.0,0.0,213.184,3796.157,129.75,213.184,0.0561578459478888,3582.973,1941.594,True,True,True,2,707.857,101.287,92.683,5.204,0.0,-2.2205000000000004,392.6195,2433.4700000000003,3832.29,229.865,200.115,0.595,4.34,96.49,529.935,513.1275,5.222426180765653,0.1132483864895915,3095.3945,4540.147,331.15200000000004,292.798,5.799,4.34,96.49,-330.015,6.449600281646721,0.0955918316300494,0.0,0.0,37.325,204.455,230.46,29.75,0.0,29.75,1043.0625
2026-01-08 05:30:00,1202.721,0.0,321.031,97.903,0.0,96.562,0.0,0.0,185.853,3853.49,129.75,185.853,0.0482297865052199,3667.637,1904.07,True,True,True,2,733.204,104.9305,95.6615,5.204,0.0,-2.218,441.873,2452.985,3908.65,192.485,165.41000000000005,0.6,4.325,96.485,505.75,513.125,4.234383499512053,0.1106578489941551,3169.257,4641.854,297.41549999999995,261.0715,5.804,4.325,96.485,-408.88,5.627367212560665,0.0931807121969731,0.0,0.0,36.43,169.735,193.085,27.07499999999999,0.0,27.07499999999999,1018.875
2026-01-08 06:00:00,1249.113,0.0,354.25,103.833,0.0,96.594,0.0,0.0,140.195,3983.27,149.94,140.195,0.0351959570905311,3843.075,1943.985,True,True,True,2,817.1905,123.2005,113.528,5.204,0.0,-2.2455,441.89,2765.25,4117.75,143.465,119.425,0.62,4.335,96.475,399.285,513.071,2.9035711968414577,0.1052958310474797,3569.931,4934.9405,266.6655,232.953,5.824,4.335,96.475,-412.89,4.724365313749629,0.0878656956711814,0.0,0.0,31.630000000000003,123.76,144.085,24.040000000000006,0.0,24.040000000000006,912.356
2026-01-08 06:30:00,1295.897,0.0,415.973,98.732,0.0,96.467,0.0,0.0,105.301,4215.092,149.94,105.301,0.0249818983784932,4109.790999999999,2012.37,True,True,True,2,910.2435,108.6725,102.372,5.204,0.0,-2.3725,441.756,2954.995,4353.735000000001,124.725,99.04,0.6,4.359999999999999,96.52,460.01,513.033,2.275516344519256,0.1001801559395893,3837.4325,5263.9785,233.3975,201.412,5.804,4.359999999999999,96.52,-398.485,3.82907847035818,0.0828651270676293,0.0,0.0,30.125,103.4,125.325,25.685,0.0,25.685,973.043
2026-01-08 07:00:00,1428.662,0.0,440.479,102.855,0.0,96.44,38.418,0.0,99.942,4519.669,216.445,99.942,0.0221126812605082,4419.727,2206.7960000000003,True,True,True,2,1039.8835,88.832,80.85149999999999,5.204,0.0,-2.369,424.98,3352.925,4736.389999999999,126.365,102.635,0.605,4.33,96.55,501.93,513.0855,2.1673278826767644,0.0914576087579178,4315.153,5776.273499999999,215.197,183.4865,5.808999999999999,4.33,96.55,-330.53,3.180046925288996,0.0750002885834062,0.0,0.0,27.57,106.965,126.97,23.730000000000015,0.0,23.730000000000015,1015.0155
2026-01-08 07:30:00,1553.764,0.0,451.537,105.153,0.0,96.749,41.644,0.0,101.557,4893.147,216.445,101.557,0.0207549456413224,4791.59,2350.4039999999995,True,True,True,2,1144.8615,69.38499999999999,59.119,5.204,0.0,-2.382,332.16,3749.905,5016.5650000000005,126.32,101.54,0.6,4.33,97.635,529.98,513.1410000000001,2.023847221156135,0.0863210416135619,4754.778,6161.4265,195.705,160.659,5.803999999999999,4.33,97.635,-172.62,2.6086251210710785,0.0702838974997713,0.0,0.0,24.48,105.87,126.92,24.780000000000012,0.0,24.780000000000012,1043.121
2026-01-08 08:00:00,1638.327,0.0,414.297,95.801,58.143,112.314,229.254,0.0,105.435,5056.496,266.63,105.435,0.0208513959073635,4951.061,2653.5710000000004,True,True,True,2,1209.947,60.972,49.541,5.204,0.0,-2.3855,422.4485,3820.69,5120.245,153.24,125.045,0.6,4.345000000000001,115.25,529.98,513.048,2.44157447928061,0.0848618679771535,4806.2125,6330.192,214.212,174.586,5.803999999999999,4.345000000000001,115.25,-177.975,2.7577939245900214,0.0686419924704525,0.0,0.0,25.57,129.39,153.84,28.195000000000007,0.0,28.195000000000007,1043.028
2026-01-08 08:30:00,1654.61,0.0,418.676,97.202,15.737,115.568,238.7,0.0,142.756,5144.348,266.63,142.756,0.027750066675116,5001.592,2683.249,True,True,True,2,1233.1585,47.8685,31.75,5.315,0.056,-2.3735,441.8035,3839.42,5113.92,193.755,166.1,1.085,4.92,115.265,529.985,513.115,3.248027240697017,0.0962087884649758,4801.614,6347.0785,241.6235,197.85,6.4,4.976,115.265,-151.015,3.1169769607763445,0.078391220420723,0.0,0.0,26.885000000000005,171.01999999999998,194.84,27.655,0.0,27.655,1043.1
2026-01-08 09:00:00,1520.817,0.0,403.91,93.498,15.806,115.484,232.068,0.0,200.606,5139.133,283.2,200.606,0.0390349889757669,4938.527,2582.1890000000003,True,True,True,2,1275.341,43.206,25.445,6.169499999999999,1.8515,3.983,441.8145,3984.37,5197.17,263.54,230.05,7.58,12.145,115.17,513.645,513.068,4.425550056531892,0.2334628051297808,4936.8315,6472.511,306.746,255.495,13.7495,13.9965,115.17,-104.215,3.9463929763740913,0.2159776415275024,0.0,0.0,30.865,242.195,271.12,33.49000000000001,0.0,33.49000000000001,1026.713
2026-01-08 09:30:00,1507.152,0.0,421.357,98.031,16.035,114.876,241.692,0.0,259.334,5233.915,283.2,259.334,0.0495487603447897,4974.581,2658.477,True,True,True,2,1292.784,46.477,29.916,8.625499999999999,5.593,4.8580000000000005,440.257,4076.715,5303.415000000001,312.67,283.0,17.465,24.19,114.925,527.165,513.1065,5.3346303447298,0.4558584012018924,5045.951999999999,6596.1990000000005,359.147,312.916,26.0905,29.783,114.925,-103.915,4.743086819221869,0.4512727790473715,0.0,0.0,31.42,307.19,330.13499999999993,29.66999999999996,0.0,29.66999999999996,1040.2714999999998
2026-01-08 10:00:00,1547.121,0.0,416.308,96.642,15.882,115.24,238.142,0.0,317.465,5337.804,279.865,317.465,0.0594748327214712,5020.339,2746.8,True,True,True,2,1285.35,40.1875,22.7155,11.53,9.4,9.2345,376.2005,4222.535,5356.615,373.68,343.06,27.255,32.875,115.06,529.985,513.119,6.404255367953722,0.6137021383782063,5186.4125,6641.965,413.8675,365.7755,38.785,42.275000000000006,115.06,-45.27,5.506994277116103,0.6364704651088648,0.0,0.0,31.835,375.935,400.935,30.620000000000005,0.0,30.620000000000005,1043.104
2026-01-08 10:30:00,1553.404,0.0,416.643,97.061,15.585,114.856,238.803,0.0,366.699,5366.728,279.865,366.699,0.0683282253171765,5000.029,2803.0510000000004,True,True,True,2,1289.4445,32.829,16.116,14.2185,13.249,4.9985,436.439,4191.1,5378.915000000001,429.285,405.835,32.455,41.05,115.085,529.985,513.0425,7.544636582660528,0.7631153038567231,5170.3205,6668.3595000000005,462.114,421.951,46.6735,54.29900000000001,115.085,-113.295,6.327495740972858,0.814223813916668,0.0,0.0,31.17,446.885,461.74,23.44999999999999,0.0,23.44999999999999,1043.0275
2026-01-08 11:00:00,1595.705,0.0,431.074,100.761,16.172,114.915,246.422,0.0,442.637,5392.052,287.39,442.637,0.0820906400754295,4949.415,2947.686,True,True,True,2,1289.6145,25.512,6.625,16.133000000000003,15.756,23.572000000000003,441.935,4179.42,5401.825,478.555,454.41,36.285,44.305,115.01,529.985,513.073,8.412144178789305,0.8201865391604283,5171.422500000001,6691.4395,504.067,461.035,52.418,60.061,115.01,-152.07999999999998,6.889902697565044,0.8975811096785503,0.0,0.0,30.74,498.715,514.84,24.14500000000004,0.0,24.14500000000004,1043.058
2026-01-08 11:30:00,1568.796,0.0,448.856,107.956,16.027,115.19,241.48,0.0,481.348,5399.334,287.39,481.348,0.0891495136251989,4917.986,2979.653,True,True,True,2,1289.6725,21.82,2.636,15.585,15.0115,23.836,384.038,4266.885,5402.174999999999,564.7049999999999,536.9649999999999,39.595,47.3,115.365,529.975,485.0845,9.9398984923452,0.8755850656518509,5255.6965,6691.8475,586.525,539.6009999999999,55.18,62.3115,115.365,-90.265,8.063697595666595,0.9311684891039556,0.0,0.0,30.095,584.2649999999999,604.3,27.74000000000001,0.0,27.74000000000001,1015.0595
2026-01-08 12:00:00,1604.459,0.0,443.83,110.605,139.16,115.47,245.182,0.0,565.145,5398.477,248.825,565.145,0.1046860068126621,4833.332,3223.851,True,True,True,2,1295.309,15.955000000000002,0.0,14.3475,13.6265,-1.929,237.68150000000003,4584.845,5412.77,614.48,588.4449999999999,40.39,49.22,115.345,529.985,360.2405,10.871462445823076,0.9093303276384268,5573.634,6708.079,630.435,588.4449999999999,54.7375,62.8465,115.345,90.775,8.772160517856548,0.9368794956130246,0.0,0.0,26.905,637.665,654.87,26.03500000000008,0.0,26.03500000000008,890.2255
2026-01-08 12:30:00,1814.36,0.0,435.765,108.926,164.506,115.532,244.073,0.0,610.655,5405.334,248.825,610.655,0.1129726673689359,4794.679,3493.817,True,True,True,2,1288.7475,15.890999999999998,0.0,12.9535,12.2885,-2.2875,100.745,4725.12,5422.1900000000005,685.5550000000001,658.6700000000001,39.435,45.88,115.545,529.98,372.2635,12.147976628696524,0.846169810585787,5705.7315,6710.9375,701.446,658.6700000000001,52.38849999999999,58.1685,115.545,233.18,9.81531796828438,0.8667990173818592,0.0,0.0,25.71,704.5500000000001,724.99,26.88499999999999,0.0,26.88499999999999,902.2435
2026-01-08 13:00:00,1805.798,0.0,449.861,111.165,190.278,115.787,226.378,0.0,726.095,5413.861,224.955,726.095,0.1341177765738721,4687.766,3625.362,True,True,True,2,1270.191,15.7115,0.0,13.4705,12.741,-2.0345,-0.8900000000000001,4846.105,5411.685,818.9649999999999,782.76,35.305,40.76,115.585,529.985,247.494,14.465745022250708,0.7529879767031228,5900.906,6681.876,834.6765,782.76,48.7755,53.501,115.585,242.8,11.716015656065782,0.800496855691981,0.0,0.0,24.765,823.52,854.2699999999999,36.20499999999993,0.0,36.20499999999993,777.479
2026-01-08 13:30:00,1652.696,0.0,439.474,105.576,173.074,115.209,217.608,0.0,854.569,5354.264,224.955,854.569,0.1596053164356483,4499.695,3558.206,True,True,True,2,1252.03,17.546999999999997,0.94,12.3345,11.76,-2.0005,-4.0625,4705.145,5344.105,1000.97,945.865,32.06,33.335,107.91,529.975,267.873,17.69969289876179,0.6237442997769189,5803.51,6596.135,1018.517,946.805,44.3945,45.095,107.91,184.565,14.35453625999084,0.6836203515140616,0.0,0.0,27.935,979.2,1033.03,55.10500000000002,0.0,55.10500000000002,797.848
2026-01-08 14:00:00,1504.949,0.0,445.505,107.533,176.293,100.741,195.026,0.0,1064.962,5354.329,207.645,1064.962,0.1988973781775457,4289.367,3595.009,True,True,True,2,1248.522,21.7715,7.025499999999999,10.812,9.676,-1.9855,-4.0375,4742.395,5344.585,1160.065,1126.165,31.365,35.69,97.09,529.98,190.1385,21.07176439594841,0.667747190234325,5875.8315,6593.107,1181.8365,1133.1905000000002,42.177,45.366,97.09,144.3,17.1880070860811,0.6880508728563547,0.0,0.0,29.55,1161.855,1191.43,33.90000000000009,0.0,33.90000000000009,720.1185
2026-01-08 14:30:00,1519.786,0.0,450.867,108.507,10.47,96.402,196.499,0.0,1180.935,5319.239,207.645,1180.935,0.2220120208924622,4138.304,3563.466,True,True,True,2,1239.3365,28.924,22.822000000000003,9.518,7.4345,-2.2205000000000004,-4.031499999999999,4740.665,5343.945,1289.24,1255.645,23.19,27.97,96.36,529.985,180.9455,23.496092560156583,0.5234334075694509,5891.7075,6583.2815,1318.1640000000002,1278.467,32.708,35.4045,96.36,117.91,19.419656861191925,0.5378138048253487,0.0,0.0,30.40000000000001,1283.615,1312.43,33.59500000000003,0.0,33.59500000000003,710.9304999999999
2026-01-08 15:00:00,1521.392,0.0,456.228,110.887,6.366,96.593,184.163,0.0,1277.603,5355.181,200.0,1277.603,0.2385732620428703,4077.578,3653.232,True,True,True,2,1248.41,42.83,38.355500000000006,7.8995,4.8225,-1.9515,31.0065,4789.405,5378.235000000001,1355.295,1323.61,14.945,19.1,96.165,529.98,116.7855,24.609578086528053,0.3551986219407725,5995.432,6626.645,1398.125,1361.9655,22.8445,23.9225,96.165,35.46,20.55177969202788,0.3610935795532591,0.0,0.0,30.49,1342.71,1370.24,31.684999999999945,0.0,31.684999999999945,646.7655
2026-01-08 15:30:00,1589.439,0.0,456.228,111.028,6.297,95.757,173.72,0.0,1338.597,5386.911,200.0,1338.597,0.2484906470517147,4048.314,3771.066,True,True,True,2,1271.015,67.6005,67.639,5.972,1.8845,-1.9355,-8.354,4916.57,5419.04,1400.29,1369.285,8.07,12.065,97.135,529.985,6.022,25.266574223451883,0.222757245086825,6219.075,6690.055,1467.8905,1436.924,14.042,13.9495,97.135,1.2849999999999997,21.476930761406383,0.2086563752007706,0.0,0.0,28.975,1381.35,1408.36,31.00500000000011,0.0,31.00500000000011,536.0070000000001
2026-01-08 16:00:00,1593.307,0.0,450.196,110.118,10.534,100.126,171.396,0.0,1416.583,5451.97,199.5,1416.583,0.2598295661935044,4035.387,3852.26,True,True,True,2,1311.9555,83.3775,84.356,4.8975,0.161,-2.002,51.67,4966.08,5526.615,1512.88,1451.36,1.385,5.425,101.85,529.985,51.257,26.259213740007613,0.0982754109764841,6248.8655,6838.5705,1596.2575000000002,1535.716,6.282500000000001,5.586,101.85,1.665,22.45443397223228,0.0818085275118633,0.0,0.0,31.110000000000003,1456.785,1514.265,61.51999999999998,0.0,61.51999999999998,581.242
2026-01-08 16:30:00,1583.577,0.0,448.856,108.858,20.498,104.997,191.954,0.0,1507.762,5605.012,199.5,1507.762,0.2690024570866217,4097.25,3966.502,True,True,True,2,1379.359,100.6075,102.4505,4.649,0.0,2.1525,31.437,5116.700000000001,5679.92,1597.78,1546.91,0.49,3.925,120.53,529.975,144.0025,27.2334768434211,0.0691041496653458,6351.7025,7059.279,1698.3874999999998,1649.3604999999998,5.138999999999999,3.925,120.53,135.025,23.363019588802736,0.055601976456428,0.0,0.0,32.96,1550.8349999999998,1598.27,50.87000000000012,0.0,50.87000000000012,673.9775
2026-01-08 17:00:00,1600.394,0.0,446.175,94.822,20.788,125.191,161.725,0.0,1545.491,5723.585,184.985,1545.491,0.2700214987634498,4178.094,3994.586,True,True,True,2,1415.7095,124.0835,121.8425,4.64,0.0,-1.798,149.5255,4973.995,5785.87,1634.5,1580.905,0.4649999999999999,4.165,128.4,529.98,295.5495,27.32291833349793,0.0719787276006306,6227.212,7201.5795,1758.5835,1702.7475,5.105,4.165,128.4,37.6,23.64353337421016,0.057829229698222,0.0,0.0,36.8,1585.07,1634.965,53.59500000000003,0.0,53.59500000000003,825.5295
2026-01-08 17:30:00,1485.758,0.0,445.17,78.066,59.027,130.495,43.774,0.0,1614.919,5813.74,184.985,1614.919,0.2777762679445589,4198.821,3857.209,True,True,True,2,1395.8345,125.401,122.911,4.64,0.0,18.606,299.14700000000005,4839.15,5810.295,1680.265,1608.085,0.4649999999999999,4.32,130.195,529.98,427.226,27.676456191110017,0.0743507048132884,5927.277999999999,7206.1295,1805.666,1730.996,5.105,4.32,130.195,11.779999999999998,24.021271409135416,0.0599496226910028,0.0,0.0,41.43,1612.405,1680.7299999999998,72.17999999999984,0.0,72.17999999999984,957.206
2026-01-08 18:00:00,1448.33,0.0,398.526,77.224,159.455,129.807,31.233,0.0,1610.299,5793.614,145.105,1610.299,0.277943784311485,4183.315,3854.874,True,True,True,2,1352.6245,108.1845,99.471,4.64,0.0,-1.4905000000000002,425.913,4697.530000000001,5741.085,1661.885,1606.105,0.495,4.33,129.91,529.985,478.7225,27.97629657316676,0.075422382601345,5656.264,7093.7095,1770.0695,1705.576,5.135,4.33,129.91,-8.24,24.043858127956845,0.0610414112086317,0.0,0.0,43.78,1610.435,1662.38,55.77999999999997,0.0,55.77999999999997,1008.7075
2026-01-08 18:30:00,1449.377,0.0,385.122,83.517,142.815,129.827,25.888,0.0,1594.865,5705.986,145.105,1594.865,0.27950734544389,4111.121,3811.411,True,True,True,2,1309.303,83.5555,78.616,4.64,0.0,-2.568,375.975,4701.245,5647.475,1651.325,1622.8449999999998,0.49,4.34,129.82999999999998,529.985,496.0195,28.738102708206103,0.0768502746526671,5549.380499999999,6956.778,1734.8805,1701.4609999999998,5.13,4.34,129.82999999999998,110.025,24.45994737398644,0.0623871737486927,0.0,0.0,44.11000000000001,1627.1849999999995,1651.815,28.48000000000025,0.0,28.48000000000025,1026.0045
2026-01-08 19:00:00,1500.113,0.0,326.415,55.237,140.038,130.033,25.076,0.0,1611.867,5584.571,115.115,1611.867,0.2886286162356965,3972.704,3788.779000000001,True,True,True,2,1274.1585,88.7015,84.556,4.64,0.0,-2.3735,382.194,4749.525,5546.27,1572.94,1542.645,0.51,4.300000000000001,129.7,529.985,365.3655,27.810858371213577,0.0775324134772787,5612.706,6820.4285,1661.6414999999995,1627.201,5.15,4.300000000000001,129.7,53.28,23.85499000088487,0.0630485341795297,0.0,0.0,41.655,1546.945,1573.45,30.295000000000076,0.0,30.295000000000076,895.3505
2026-01-08 19:30:00,1543.39,0.0,431.409,74.994,142.601,130.088,26.657,0.0,1445.051,5501.206,115.115,1445.051,0.2626789471254121,4056.155,3794.19,True,True,True,2,1231.124,95.6575,92.42,4.64,0.0,-2.3885,312.064,4775.265,5437.385,1465.06,1426.51,0.5449999999999999,4.29,129.77499999999998,529.97,263.9005,26.23521247225098,0.0788996271107248,5626.942000000001,6668.509,1560.7175,1518.9299999999998,5.1850000000000005,4.29,129.77499999999998,91.94,22.778097830438004,0.0643336236208001,0.0,0.0,38.5,1430.8,1465.605,38.54999999999996,0.0,38.54999999999996,793.8705
2026-01-08 20:00:00,1487.583,0.0,431.074,74.994,132.637,125.39,10.888,0.0,1405.289,5367.71,146.17,1405.289,0.2618041958302516,3962.421,3667.855,True,True,True,2,1185.7,104.4995,98.041,4.64,0.0,-2.5635,417.0955,4366.67,5312.915000000001,1477.185,1400.545,0.545,4.29,111.585,529.98,388.088,26.361503017357744,0.080753902345189,5167.711,6498.615000000001,1581.6844999999998,1498.586,5.185,4.29,111.585,-9.625000000000002,23.061224854130955,0.0660207099200962,0.0,0.0,43.71000000000001,1404.835,1477.73,76.63999999999987,0.0,76.63999999999987,918.068
2026-01-08 20:30:00,1436.657,0.0,347.883,84.068,5.046,110.742,0.0,0.0,1388.184,5252.768,146.17,1388.184,0.2642766632754387,3864.584,3372.58,True,True,True,2,1137.6585,119.06,115.5415,4.64,0.0,-2.54,441.926,4039.895,5193.105,1469.6950000000002,1426.88,0.57,4.295,110.77,529.98,505.1425,27.478893904641204,0.0827079348914558,4846.9955,6330.7635,1588.755,1542.4215,5.21,4.295,110.77,-91.085,24.36650927883238,0.0678453636016185,0.0,0.0,47.455000000000005,1431.1750000000002,1470.265,42.815000000000055,0.0,42.815000000000055,1035.1225
2026-01-08 21:00:00,1393.197,0.0,260.313,95.523,0.0,109.228,0.0,0.0,1430.192,5116.727,116.0,1430.192,0.2795130559046828,3686.535,3288.453,True,True,True,2,1083.3445000000002,109.062,106.596,4.64,0.0,-3.0090000000000003,441.9585,4008.615,5052.370000000001,1442.145,1408.3,0.5449999999999999,4.305,110.77,529.98,494.407,27.87203881254776,0.0852136323341311,4716.4575,6135.7145,1551.207,1514.896,5.185,4.305,110.77,-45.985,24.68767524613289,0.0701692936215445,0.0,0.0,47.85,1412.605,1442.69,33.84500000000003,0.0,33.84500000000003,1024.3870000000002
2026-01-08 21:30:00,1417.274,0.0,256.962,104.884,0.0,110.993,0.0,0.0,1337.834,4952.869,116.0,1337.834,0.2701129385816584,3615.035,3227.947,True,True,True,2,1026.438,105.8445,106.2565,4.64,0.0,-7.432,430.112,3930.72,4868.15,1421.525,1359.97,0.545,4.305,110.485,529.98,364.863,27.93815021061325,0.0884479100842483,4624.624,5894.588,1527.3694999999998,1466.2265,5.185,4.305,110.485,-72.96,24.876288536720857,0.0730474729067837,0.0,0.0,46.65,1364.275,1422.0700000000002,61.555000000000064,0.0,61.555000000000064,894.8430000000001
2026-01-08 22:00:00,1306.72,0.0,229.128,109.345,0.0,110.195,0.0,0.0,1376.344,4756.34,91.975,1376.344,0.2893703982473919,3379.996,3131.732,True,True,True,2,962.8165,108.3365,111.096,4.64,0.0,-15.1125,440.1915,3667.245,4660.025,1366.545,1320.875,0.56,4.324999999999999,110.31,508.445,302.0905,28.349975174549925,0.0928264468621266,4377.9725,5622.8415,1474.8815,1431.971,5.199999999999999,4.324999999999999,110.31,-157.965,25.47258003026852,0.076933758992354,0.0,0.0,47.07,1325.2,1367.105,45.67000000000007,0.0,45.67000000000007,810.5355
2026-01-08 22:30:00,1276.394,0.0,184.829,111.165,0.0,111.173,0.0,0.0,1285.479,4547.292,91.975,1285.479,0.2826911049477359,3261.813,2969.04,True,True,True,2,897.0215000000001,95.502,92.79,4.64,0.0,-2.402,346.8295,3738.6,4452.525,1318.83,1294.065,0.535,4.3,110.34,374.605,171.72750000000002,29.06705859018962,0.0965864328677986,4455.625,5349.5465,1414.332,1386.855,5.175,4.3,110.34,-149.22,25.92906611738438,0.0803940370435471,0.0,0.0,42.120000000000005,1298.365,1319.365,24.764999999999876,0.0,24.764999999999876,546.3325
2026-01-08 23:00:00,1303.48,0.0,303.584,111.306,0.0,109.074,0.0,0.0,1308.74,4363.702,94.06,1308.74,0.2999150721107903,3054.9620000000004,3136.184,True,True,True,2,829.1724999999999,104.505,102.5635,4.64,0.0,-19.777,365.715,3752.94,4441.54,1287.385,1215.175,0.55,4.3,110.315,375.38,175.12849999999997,27.352493083731733,0.0968155656952936,4447.710499999999,5270.7125,1391.89,1317.7385,5.19,4.3,110.315,-194.99,24.99378792592228,0.0815866167408581,0.0,0.0,41.145,1219.475,1287.935,72.21000000000004,0.0,72.21000000000004,550.5084999999999
2026-01-08 23:30:00,1225.871,0.0,337.138,104.042,0.0,110.971,0.0,0.0,1112.107,4376.737,94.06,1112.107,0.2540950027383413,3264.63,2890.129,True,True,True,2,777.2094999999999,98.553,95.497,4.64,0.0,-25.4595,442.0775,3306.66,4322.299999999999,1189.5949999999998,1079.525,0.545,4.33,110.87,508.85,326.7155,24.9720484610776,0.10018232499085,3972.6925,5099.5095,1288.148,1175.022,5.185,4.33,110.87,-292.20500000000004,23.03813066283624,0.0849147181996025,0.0,0.0,46.035,1083.855,1190.14,110.06999999999972,0.0,110.06999999999972,835.5655
2026-01-09 00:00:00,1142.179,0.0,267.708,105.645,0.0,111.111,0.0,0.0,1052.396,4232.098,92.57,1052.396,0.248670044975329,3179.702,2679.039,True,True,True,2,740.2615000000001,96.268,89.62,4.64,0.0,-26.8675,442.097,3198.42,4222.275,1189.16,1123.4050000000002,0.55,4.33,100.625,529.99,472.745,26.608257788745675,0.1025529511155743,3875.703,4962.5365,1285.428,1213.025,5.19,4.33,100.625,-340.34000000000003,24.444911127489107,0.0872559911305413,0.0,0.0,49.205,1127.735,1189.71,65.75499999999988,0.0,65.75499999999988,1002.735
2026-01-09 00:30:00,1102.642,0.0,164.366,110.468,0.0,95.728,0.0,0.0,1116.386,4179.328,92.57,1116.386,0.267120934274601,3062.9420000000005,2589.59,True,True,True,2,712.891,80.50200000000001,73.8015,4.64,0.0,-3.795,442.07,3096.5,4123.96,1096.94,1069.62,0.545,4.3100000000000005,95.935,476.395,513.1075,25.931107926668968,0.1045208040409567,3779.526,4836.851000000001,1177.442,1143.4215,5.185,4.3100000000000005,95.935,-396.345,23.635488771254632,0.0891156824993399,0.0,0.0,48.675,1073.9299999999998,1097.485,27.320000000000164,0.0,27.320000000000164,989.5025
2026-01-09 01:00:00,1119.547,0.0,172.766,111.096,0.0,96.067,0.0,0.0,1031.726,4070.559,90.5,1031.726,0.2534605197959297,3038.833,2531.202,True,True,True,2,735.808,72.51650000000001,67.216,4.64,0.0,-4.683,442.049,3046.075,4062.395,1110.4450000000002,1065.3049999999998,0.5700000000000001,4.33,95.75,408.535,513.1179999999999,26.225769916007906,0.1065887746587808,3711.755,4798.203,1182.9615,1132.521,5.209999999999999,4.33,95.75,-355.67,23.604399328583057,0.0902425307949164,0.0,0.0,48.44,1069.6349999999998,1111.015,45.14000000000033,0.0,45.14000000000033,921.653
2026-01-09 01:30:00,1001.425,0.0,163.361,95.523,0.0,95.573,0.0,0.0,1085.542,4020.369,90.5,1085.542,0.2700105388336244,2934.827,2441.424,True,True,True,2,722.7785,76.7265,75.0655,4.64,0.0,-4.679,442.032,2885.925,3954.64,1267.605,1186.655,0.56,4.33,95.45,507.235,513.145,30.02135102404424,0.1094955197844476,3484.596,4677.4185,1344.3315,1261.7205,5.199999999999999,4.33,95.45,-303.325,26.987463872655564,0.0925757438811128,0.0,0.0,54.245,1190.985,1268.165,80.95000000000005,0.0,80.95000000000005,1020.38
2026-01-09 02:00:00,704.192,0.0,165.372,100.274,0.0,95.7,0.0,0.0,1280.153,3929.278,89.3,1280.153,0.3257985309260378,2649.125,2345.691,True,True,True,2,718.341,92.7235,90.071,4.64,0.0,-4.6785,442.0425,2891.815,3986.785,1282.675,1257.955,0.585,4.345,95.69,529.98,513.1405,31.55180195088281,0.1089856073218339,3492.3810000000003,4705.126,1375.3984999999998,1348.0259999999998,5.225,4.345,95.69,-309.52,28.64948141247148,0.0923464487696574,0.0,0.0,56.08500000000001,1262.3,1283.26,24.720000000000027,0.0,24.720000000000027,1043.1205
2026-01-09 02:30:00,699.983,0.0,164.366,99.014,0.0,95.429,0.0,0.0,1245.172,3974.571,89.3,1245.172,0.3132846287058402,2729.399,2303.964,True,True,True,2,705.7570000000001,97.493,94.5185,4.64,0.0,-4.6715,442.0395,2813.03,3942.31,1260.65,1210.3,0.56,4.345,95.865,529.98,513.133,30.69614853040682,0.1102158451333789,3418.487,4648.067,1358.143,1304.8185,5.199999999999999,4.345,95.865,-327.82,28.06815007427356,0.0934811503746576,0.0,0.0,56.04,1214.645,1261.21,50.350000000000136,0.0,50.350000000000136,1043.113
2026-01-09 03:00:00,746.104,0.0,181.813,103.906,0.0,96.496,0.0,0.0,1085.361,3904.298,87.285,1085.361,0.2779913316042987,2818.937,2213.6800000000003,True,True,True,2,694.3025,89.814,89.52699999999999,4.64,0.0,-4.65,442.0425,2723.525,3903.165,1025.315,1005.285,0.555,4.345000000000001,96.435,529.965,513.0655,25.753076333140505,0.1113215334568797,3369.5175,4597.467500000001,1115.129,1094.812,5.194999999999999,4.345000000000001,96.435,-378.27,23.81112731665039,0.0945100657077861,0.0,0.0,52.305,1009.63,1025.87,20.029999999999973,0.0,20.029999999999973,1043.0305
2026-01-09 03:30:00,840.832,0.0,178.127,103.342,0.0,95.819,0.0,0.0,925.059,3888.961,87.285,925.059,0.2378679035351601,2963.902,2143.179,True,True,True,2,687.665,93.588,93.9225,4.64,0.0,-4.6375,442.0665,2645.615,3875.75,880.005,853.11,0.525,4.335,96.205,529.965,513.1635,22.009545836881777,0.111850870607914,3349.209,4563.415,973.593,947.0325,5.165,4.335,96.205,-441.89,20.751070726257293,0.0949960131820669,0.0,0.0,49.495,857.445,880.53,26.894999999999985,0.0,26.894999999999985,1043.1285
2026-01-09 04:00:00,982.759,0.0,177.792,103.906,0.0,95.964,0.0,0.0,831.605,3852.003,85.815,831.605,0.2158889803564535,3020.398,2192.026,True,True,True,2,686.358,102.3395,99.526,4.64,0.0,-4.648,442.0595,2725.0150000000003,3849.43,869.525,839.48,0.565,4.335,95.82,529.945,513.1575,21.808167403505703,0.1126156812567192,3409.726,4535.7880000000005,971.8645,939.006,5.205,4.335,95.82,-425.54,20.70247544656007,0.0955745777186959,0.0,0.0,48.71,843.815,870.09,30.04499999999996,0.0,30.04499999999996,1043.1025
2026-01-09 04:30:00,1010.602,0.0,164.031,98.732,0.0,95.452,0.0,0.0,835.685,3828.165,85.815,835.685,0.2182991067521906,2992.48,2204.502,True,True,True,2,685.309,116.265,115.2485,4.64,0.0,-8.865,442.0185,2758.945,3818.61,875.425,845.6500000000001,0.54,4.324999999999999,95.525,506.485,513.1600000000001,22.146388757358014,0.1132625366324792,3406.769,4503.919,991.69,960.8985,5.18,4.324999999999999,95.525,-386.51,21.335116417425017,0.0960282977916271,0.0,0.0,48.97,849.9750000000001,875.9649999999999,29.774999999999864,0.0,29.774999999999864,1019.645
2026-01-09 05:00:00,1048.681,0.0,164.701,96.292,0.0,95.847,0.0,0.0,889.841,3802.824,85.01,889.841,0.2339947891356528,2912.983,2295.362,True,True,True,2,704.822,110.2425,109.778,4.64,0.0,-10.8475,442.015,2801.665,3842.28,914.835,890.13,0.52,4.34,96.035,472.555,513.179,23.167357970225268,0.1129539583114613,3429.0820000000003,4547.102000000001,1025.0775,999.908,5.16,4.34,96.035,-344.9,21.990755135868525,0.0954457935870352,0.0,0.0,49.225,894.47,915.355,24.70500000000004,0.0,24.70500000000004,985.734
2026-01-09 05:30:00,1047.613,0.0,164.031,78.976,0.0,96.145,0.0,0.0,890.839,3845.102,85.01,890.839,0.2316815002566902,2954.263,2277.6040000000003,True,True,True,2,730.144,133.4345,130.5745,4.64,0.0,-9.718,442.04,2855.995,3894.195,981.055,949.76,0.535,4.365,96.055,403.135,513.0885000000001,24.387125460257423,0.1120932054674165,3501.492,4624.339,1114.4895,1080.3345,5.174999999999999,4.365,96.055,-338.685,23.35980251818044,0.0943962109875886,0.0,0.0,49.55,954.125,981.59,31.29499999999996,0.0,31.29499999999996,916.2235
2026-01-09 06:00:00,983.137,0.0,164.701,77.784,0.0,95.331,0.0,0.0,957.206,3960.047,98.08,957.206,0.2417158180193316,3002.841,2278.159,True,True,True,2,807.7165,125.8985,123.6985,4.64,0.0,-1.5475,315.509,2981.13,4096.785,1078.84,1050.715,0.525,4.34,95.925,452.99,513.1415,25.64719988168893,0.1059523185564538,3647.9435,4904.501499999999,1204.7385,1174.4135,5.164999999999999,4.34,95.925,-159.925,23.94660015744352,0.0885075733245182,0.0,0.0,49.195,1055.0549999999998,1079.365,28.125,0.0,28.125,966.1315
2026-01-09 06:30:00,1058.744,0.0,166.712,75.694,0.0,95.467,0.0,0.0,1074.808,4195.433,98.08,1074.808,0.2561852376143296,3120.625,2471.425,True,True,True,2,896.824,132.11700000000002,130.3225,4.64,0.0,-1.6895,396.55,3105.41,4328.07,1260.835,1213.66,0.535,4.345,95.56,529.78,513.1415,28.02601091723528,0.1004110472125335,3778.536,5224.894,1392.952,1343.9825,5.175,4.345,95.56,-157.89999999999998,25.710770824404012,0.0831809134395796,0.0,0.0,52.67999999999999,1218.005,1261.37,47.17500000000018,0.0,47.17500000000018,1042.9215
2026-01-09 07:00:00,1066.898,0.0,172.096,76.673,0.0,95.253,0.0,0.0,1304.065,4466.526,131.025,1304.065,0.2919640454348637,3162.461,2714.985,True,True,True,2,1017.435,117.452,114.778,4.64,0.0,-1.713,442.074,3478.565,4695.344999999999,1216.59,1188.21,0.535,4.359999999999999,97.745,529.98,513.0475,25.333177099693028,0.0929057926456838,4219.233,5712.78,1334.042,1302.988,5.175,4.359999999999999,97.745,-147.645,22.8362564809438,0.0763650767741546,0.0,0.0,48.355,1192.57,1217.1250000000002,28.38000000000011,0.0,28.38000000000011,1043.0275
2026-01-09 07:30:00,1297.004,0.0,352.574,81.415,0.0,99.073,0.0,0.0,1089.576,4865.756,131.025,1089.576,0.2239273814798769,3776.18,2919.642,True,True,True,2,1122.6005,118.7565,113.639,4.64,0.0,-1.755,441.9965,3854.245,4994.855,1141.4,1118.4,0.54,4.36,100.73,529.98,513.067,22.38928832614985,0.0872992920797706,4626.0805,6117.4555,1260.1565,1232.039,5.18,4.36,100.73,-71.215,20.138367961870124,0.0712820776383964,0.0,0.0,43.925,1122.76,1141.94,23.0,0.0,23.0,1043.047
2026-01-09 08:00:00,1345.617,0.0,406.925,76.254,14.341,102.83,0.0,0.0,1116.233,5044.079,185.305,1116.233,0.2212957013559859,3927.846,3062.2,True,True,True,2,1186.3455,121.7075,116.711,4.64,0.0,-1.764,441.9055,3994.31,5117.885,1042.85,1012.24,0.5549999999999999,4.32,109.07,529.99,513.1,19.78272319444557,0.08441587093636,4811.1585,6304.2305,1164.5575,1128.951,5.195,4.32,109.07,-52.34,17.91181982372686,0.0685309657914534,0.0,0.0,40.945,1016.56,1043.405,30.6099999999999,0.0,30.6099999999999,1043.09
2026-01-09 08:30:00,1369.233,0.0,392.829,108.443,196.29,112.612,0.0,0.0,937.537,5148.833,185.305,937.537,0.1820872807488609,4211.295999999999,3116.9439999999995,True,True,True,2,1213.8865,120.9645,114.7035,4.7170000000000005,0.0,23.359,441.831,4037.82,5183.345,968.57,934.36,4.15,8.82,114.565,529.98,513.1325,18.026090524876377,0.169810010575871,4877.4655,6397.2315,1089.5345,1049.0635,8.867,8.82,114.565,-73.72,16.398914578677186,0.1375916662847155,0.0,0.0,39.98,943.18,972.72,34.20999999999992,0.0,34.20999999999992,1043.1125000000002
2026-01-09 09:00:00,1383.666,0.0,401.899,110.605,199.365,114.386,0.0,0.0,918.562,5249.404,184.21,918.562,0.1749840553327577,4330.842000000001,3128.483,True,True,True,2,1248.7535,102.424,99.285,5.243,0.9945,12.9015,441.842,4230.110000000001,5319.825,941.605,917.79,27.665,37.075,126.43,529.985,513.0585,17.251247340763186,0.6959558237196205,5060.72,6568.5785,1044.029,1017.075,32.908,38.069500000000005,126.43,-17.98,15.483374399600718,0.5786966804245014,0.0,0.0,40.785,954.865,969.27,23.81500000000005,0.0,23.81500000000005,1043.0435
2026-01-09 09:30:00,1373.898,0.0,361.644,108.375,216.943,129.324,0.0,0.0,959.71,5341.589,184.21,959.71,0.1796675109223117,4381.879,3149.894,True,True,True,2,1263.737,102.112,99.8635,7.166,4.242,-0.8475,441.8415,4272.594999999999,5327.895,985.385,935.355,72.18,81.72999999999999,129.92000000000002,529.98,513.126,17.554575305079183,1.5343268498876812,5096.442499999999,6591.632,1087.4969999999998,1035.2185,79.346,85.97200000000001,129.92000000000002,17.155,15.704275481109423,1.3045229916335763,0.0,0.0,42.3,1017.085,1057.565,50.02999999999997,0.0,50.02999999999997,1043.106
2026-01-09 10:00:00,1352.858,0.0,343.862,108.926,168.381,130.051,0.0,0.0,865.162,5303.469,193.955,865.162,0.1631313391291624,4438.307,2969.24,True,True,True,2,1255.2495,103.959,98.1035,9.759,8.143,19.079500000000003,441.823,4151.84,5251.35,853.8599999999999,825.94,147.33,163.495,129.735,529.98,513.1275,15.725799416130542,3.115172489007557,4990.694,6506.5995,957.819,924.0435,157.089,171.638,129.735,-26.885,14.19979042008659,2.639224433237125,0.0,0.0,43.395,989.435,1001.19,27.919999999999845,0.0,27.919999999999845,1043.1075
2026-01-09 10:30:00,1338.588,0.0,344.532,108.994,163.254,129.045,0.0,0.0,741.171,5204.847,193.955,741.171,0.1424001512436389,4463.676,2825.584,True,True,True,2,1252.261,81.263,78.0215,14.8715,13.466,14.954,441.825,4090.09,5179.6,759.73,726.315,223.735,226.535,129.775,529.975,513.1120000000001,14.021546793673522,4.3741871355889135,4922.975,6431.861000000001,840.9929999999999,804.3365,238.6065,240.001,129.775,-20.275,12.504553270264084,3.731898307003692,0.0,0.0,42.585,952.85,983.465,33.414999999999964,0.0,33.414999999999964,1043.087
2026-01-09 11:00:00,1372.7,0.0,347.883,108.994,16.981,130.707,0.0,0.0,667.333,5152.148,179.57,667.333,0.1295251999748454,4484.8150000000005,2644.598,True,True,True,2,1245.161,70.57900000000001,64.96549999999999,24.6625,21.9785,-1.2465000000000002,441.808,3967.57,5137.225,703.2750000000001,671.815,261.475,272.875,130.19,529.985,513.1289999999999,13.077794192449357,5.311685363223271,4888.713,6382.386,773.854,736.7805,286.13750000000005,294.8535,130.19,-99.98,11.544225456501833,4.6198767873271285,0.0,0.0,41.545,944.69,964.75,31.46000000000004,0.0,31.46000000000004,1043.114
2026-01-09 11:30:00,1395.119,0.0,344.197,108.648,15.806,130.468,0.0,0.0,645.872,5102.439,179.57,645.872,0.1265810331098519,4456.567,2640.11,True,True,True,2,1226.923,60.619,51.8305,40.8465,32.8495,-2.358,441.7815,3894.0,5084.43,741.435,698.6700000000001,293.505,306.44,129.945,529.98,513.1804999999999,13.742347500593583,6.02695403645305,4817.4725,6311.353000000001,802.054,750.5005,334.3515,339.2895,129.945,-120.805,11.892204097317835,5.375831740148679,0.0,0.0,42.735,1005.11,1034.94,42.76499999999987,0.0,42.76499999999987,1043.1605
2026-01-09 12:00:00,1340.786,0.0,299.563,107.956,15.882,129.806,0.0,0.0,760.686,5060.142,162.35,760.686,0.1503289828625363,4299.456,2654.679,True,True,True,2,1214.437,57.7825,48.0455,42.7845,34.718,-2.3715,441.7665,3932.405,5043.879999999999,864.8699999999999,821.04,315.035,341.095,130.2,529.98,513.117,16.278675845461958,6.763723222607794,4765.9655,6258.317,922.6525,869.0855,357.81949999999995,375.813,130.2,-41.21,13.887500761797684,6.006062011952435,0.0,0.0,45.855,1162.135,1179.9049999999995,43.82999999999993,0.0,43.82999999999993,1043.097
2026-01-09 12:30:00,1292.908,0.0,286.83,110.327,0.0,129.906,0.0,0.0,849.47,5016.317,162.35,849.47,0.1693413713686754,4166.847,2669.441,True,True,True,2,1195.2235,42.535,37.522,45.573,35.645,-2.374,441.7725,3874.145,4982.915,865.2850000000001,841.145,321.245,368.81,129.72,529.98,513.083,16.880038492714647,7.401576775283381,4687.704,6178.1385,907.82,878.6670000000001,366.818,404.455,129.72,-39.885,14.221478239333296,6.546604734138528,0.0,0.0,46.220000000000006,1209.955,1186.5300000000002,24.1400000000001,0.0,24.1400000000001,1043.063
2026-01-09 13:00:00,1315.444,0.0,293.867,110.955,0.0,129.799,0.0,0.0,822.953,4958.173,142.0,822.953,0.1659790814076072,4135.219999999999,2673.018,True,True,True,2,1171.1475,28.137,22.696,46.497,35.046,-2.381,441.7665,3844.9,4933.395,849.62,813.74,307.17499999999995,342.38,129.855,529.985,513.1714999999999,16.494133195791946,6.938528208950387,4614.27,6104.5425,877.7570000000001,836.436,353.672,377.426,129.855,-20.315,13.70146324603327,6.181336935546898,0.0,0.0,45.45,1156.12,1156.795,35.879999999999995,0.0,35.879999999999995,1043.1565
2026-01-09 13:30:00,1333.639,0.0,274.744,108.994,0.0,128.957,0.0,0.0,841.18,4892.295,142.0,841.18,0.1719397542462177,4051.115,2687.514,True,True,True,2,1146.6165,28.9485,24.334,49.0525,35.7615,-2.3685,441.768,3794.92,4895.83,848.6,819.145,272.26,306.82,130.04500000000002,529.98,513.0985000000001,16.731640205348548,6.266915854112241,4555.5975,6042.4465,877.5485000000001,843.479,321.3125,342.5815,130.04500000000002,-37.120000000000005,13.959103253903848,5.669610372923102,0.0,0.0,44.97,1125.965,1120.86,29.45500000000004,0.0,29.45500000000004,1043.0785
2026-01-09 14:00:00,1340.986,0.0,277.425,109.627,0.0,130.79,0.0,0.0,825.434,4896.184,128.92,825.434,0.1685872099577957,4070.75,2684.262,True,True,True,2,1136.2315,28.6035,22.188,47.909000000000006,31.4905,-2.3595,441.773,3818.685,4922.3150000000005,939.38,909.725,224.715,255.665,118.16,529.985,513.0754999999999,18.478935283011037,5.195064133245991,4622.4275,6058.5465,967.9835,931.913,272.624,287.1555,118.16,-92.82,15.379881167826658,4.740465845333424,0.0,0.0,44.78,1165.39,1164.095,29.654999999999973,0.0,29.654999999999973,1043.0605
2026-01-09 14:30:00,1317.506,0.0,269.048,107.883,0.0,110.303,0.0,0.0,1037.471,4942.126,128.92,1037.471,0.2099240286467807,3904.655,2842.211,True,True,True,2,1133.9845,34.2275,26.2195,42.149,22.307,-2.3565,441.787,3850.665,4944.77,1111.51,1057.735,186.535,185.435,110.545,529.98,513.172,21.391024709575905,3.750713957439491,4648.245,6078.7545,1145.7375,1083.9544999999998,228.684,207.742,110.545,-89.22999999999999,17.831871303972623,3.4178685974259526,0.0,0.0,45.535,1243.17,1298.045,53.77499999999986,1.0999999999999943,54.87499999999986,1043.152
2026-01-09 15:00:00,1376.494,0.0,275.08,109.208,0.0,110.358,0.0,0.0,1068.623,4969.12,137.345,1068.623,0.2150527658820878,3900.497,2939.763,True,True,True,2,1144.226,33.583,26.603,33.939,13.3175,-2.3585000000000003,441.7995,3970.69,5061.05,1201.51,1173.86,128.32,121.62,110.615,529.975,513.1189999999999,23.18691425021618,2.404830538279477,4773.7015,6205.276,1235.093,1200.463,162.259,134.9375,110.615,-83.15,19.34035367535766,2.1761631603566025,0.0,0.0,45.045,1295.48,1329.83,27.649999999999864,6.699999999999989,34.34999999999985,1043.094
2026-01-09 15:30:00,1367.891,0.0,283.122,101.735,0.0,109.967,0.0,0.0,1273.491,5104.523,137.345,1273.491,0.2494828605924589,3831.032,3136.206,True,True,True,2,1169.287,30.433,24.217,23.412,5.4415,-2.3635,441.798,4127.71,5166.405,1469.065,1416.29,66.905,57.72500000000001,110.395,529.975,513.133,27.40852378027204,1.1186590611404448,4904.652,6335.692,1499.498,1440.507,90.317,63.166500000000006,110.395,-32.145,22.732286748861995,0.9982440887034012,0.0,0.0,46.425,1474.015,1535.97,52.77500000000009,9.179999999999993,61.95500000000008,1043.1080000000002
2026-01-09 16:00:00,1337.184,0.0,274.744,109.208,50.831,110.977,0.0,0.0,1464.956,5212.673,170.5,1464.956,0.2810373871524264,3747.717,3347.9,True,True,True,2,1209.2605,29.202,21.3935,6.23,0.548,-2.3685,441.838,4244.945,5296.33,1501.4,1445.17,39.905,18.195,127.265,529.985,495.011,27.29251644788474,0.3445521604815474,5037.753000000001,6505.5905,1530.602,1466.5635000000002,46.135,18.743,127.265,-7.195,22.54901234091961,0.2890597511988493,0.0,0.0,44.830000000000005,1463.365,1541.305,56.23000000000002,21.71,77.94000000000003,1024.996
2026-01-09 16:30:00,1383.464,0.0,348.553,111.237,192.773,130.909,0.0,0.0,1318.221,5387.299,170.5,1318.221,0.2446905211683999,4069.078,3485.157,True,True,True,2,1295.346,25.381,16.2885,5.85,0.0,-2.384,441.8645,4452.745,5461.165,1221.0500000000002,1190.465,31.885,4.92,129.63,529.975,451.3535,21.80726149243156,0.0902088083930284,5325.532,6756.511,1246.431,1206.7535,37.735,4.92,129.63,-1.4749999999999996,17.87014512142631,0.0729425184853849,0.0,0.0,39.005,1195.3850000000002,1252.9350000000002,30.58500000000004,26.965,57.55000000000003,981.3285
2026-01-09 17:00:00,1406.969,0.0,373.372,108.093,231.668,131.071,54.972,0.0,1098.08,5535.701,180.5,1098.08,0.1983633147816328,4437.621,3404.2250000000004,True,True,True,2,1356.3685,20.7585,10.992,5.818,0.0,5.53,441.8385,4739.15,5603.545,1187.5500000000002,1146.5700000000002,31.31,3.84,129.97500000000002,529.99,374.3275,20.46261120300304,0.0685206035685594,5599.7505,6959.913500000001,1208.3085,1157.562,37.128,3.84,129.97500000000002,65.59,16.63284488276918,0.0551666694379054,0.0,0.0,38.225,1150.41,1218.86,40.98000000000002,27.47,68.45000000000002,904.3175
2026-01-09 17:30:00,1414.49,0.0,376.723,108.785,234.445,129.889,62.548,0.0,1169.454,5639.799,180.5,1169.454,0.207357389864426,4470.345,3496.334,True,True,True,2,1354.531,19.845,10.1285,5.818,0.0,3.9315,441.815,4764.56,5661.735000000001,1304.44,1261.26,31.305,4.215,129.815,529.985,412.5935,22.27658685778341,0.0744453710602183,5622.897999999999,7016.266,1324.285,1271.3885,37.123000000000005,4.215,129.815,68.74,18.120509973600367,0.0600743030450268,0.0,0.0,38.82,1265.475,1335.745,43.180000000000064,27.09,70.27000000000007,942.5785
2026-01-09 18:00:00,1416.309,0.0,376.723,108.926,234.3,129.667,48.717,0.0,1297.697,5654.295,169.79,1297.697,0.2295064194563601,4356.598,3612.339,True,True,True,2,1320.2800000000002,19.9095,11.5155,5.818,0.0,-2.0860000000000003,441.826,4696.47,5626.32,1450.315,1405.915,4.615,4.3,129.835,529.985,417.607,24.990194028946576,0.0764269439605621,5551.4465,6946.599999999999,1470.2245,1417.4305,10.433,4.3,129.835,43.485,20.40771892559624,0.0619016744167652,0.0,0.0,40.775000000000006,1410.215,1454.93,44.40000000000009,0.3150000000000004,44.71500000000009,947.592
2026-01-09 18:30:00,1426.03,0.0,386.463,111.028,50.749,130.291,12.776,0.0,1602.128,5623.819,169.79,1602.128,0.284882568233437,4021.6910000000007,3719.465,True,True,True,2,1277.154,23.3375,13.3815,5.818,0.0,-2.008,441.876,4682.665,5591.675,1765.54,1712.19,0.5,4.29,129.93,529.975,357.0985,30.62345904967373,0.0767216709283885,5530.6165,6868.829,1788.8775,1725.5715,6.318,4.29,129.93,5.335,25.12495282937532,0.0624568140027147,0.0,0.0,44.625,1716.48,1766.04,53.34999999999991,0.0,53.34999999999991,887.0735
2026-01-09 19:00:00,1418.253,0.0,346.878,109.768,49.208,128.555,0.0,0.0,1789.261,5546.966,147.795,1789.261,0.3225657052882603,3757.705,3841.923,True,True,True,2,1239.691,23.843,14.153,5.818,0.0,-2.008,440.82,4645.25,5509.06,1900.735,1856.59,0.485,4.29,129.685,529.985,364.261,33.70329420743794,0.0778733964157647,5409.974,6748.751,1924.578,1870.743,6.303,4.29,129.685,52.38,27.722574291831048,0.0635690943077188,0.0,0.0,46.94,1860.88,1901.22,44.14499999999998,0.0,44.14499999999998,894.246
2026-01-09 19:30:00,1271.207,0.0,339.483,107.747,14.494,128.919,0.0,0.0,1902.286,5469.634,147.795,1902.286,0.3477903640353267,3567.348,3764.136,True,True,True,2,1195.862,33.6845,24.533,5.818,0.0,2.1135,441.6785,4417.645,5403.47,1904.085,1855.81,0.52,4.285,128.97,529.975,495.4945,34.344070020891735,0.0793018397163819,5123.459000000001,6599.332,1937.7695,1880.343,6.337999999999999,4.285,128.97,64.03,28.49239744987401,0.0649319768190503,0.0,0.0,50.57499999999999,1860.095,1904.605,48.27500000000009,0.0,48.27500000000009,1025.4695000000002
2026-01-09 20:00:00,1326.142,0.0,250.596,105.576,0.0,110.377,0.0,0.0,1783.123,5351.431,106.0,1783.123,0.33320489416756,3568.3079999999995,3575.8140000000003,True,True,True,2,1150.1975,34.4505,23.9765,5.818,0.0,-2.2645,441.789,4266.74,5312.945,1845.655,1810.79,0.52,4.295,110.915,529.985,513.058,34.085749871948146,0.0808431752204068,4970.861500000001,6463.1425,1880.1055,1834.7665,6.337999999999999,4.295,110.915,22.685,28.39125863517932,0.0664567818799032,0.0,0.0,50.785,1815.085,1846.175,34.86500000000024,0.0,34.86500000000024,1043.043
2026-01-09 20:30:00,1274.783,0.0,207.637,102.222,0.0,110.745,0.0,0.0,1827.714,5274.328,106.0,1827.714,0.3465302120004671,3446.6140000000005,3523.101,True,True,True,2,1108.7875,40.1805,27.39,5.818,0.0,-2.442,441.802,4165.82,5194.5650000000005,1795.24,1756.67,0.505,4.285,111.15,526.08,454.2935,33.815612746541895,0.0824954791474304,4877.42,6303.3525,1835.4205,1784.06,6.323,4.285,111.15,-25.43,28.301976599190223,0.0679848558648346,0.0,0.0,50.245,1760.9550000000002,1795.745,38.569999999999936,0.0,38.569999999999936,980.3735
2026-01-09 21:00:00,1291.643,0.0,219.053,105.367,0.0,110.7,0.0,0.0,1704.093,5119.321,99.0,1704.093,0.332874808983457,3415.228,3430.856,True,True,True,2,1065.5935,40.602,31.018,5.818,0.0,-2.447,441.779,4195.005,5039.21,1741.26,1702.855,0.515,4.279999999999999,111.12,424.65,377.9525,33.794100051848055,0.0849356808798899,4910.8945,6104.8035,1781.862,1733.873,6.332999999999999,4.279999999999999,111.12,-74.715,28.404059866761205,0.0701106404819061,0.0,0.0,47.825,1707.135,1741.775,38.40499999999997,0.0,38.40499999999997,802.6025
2026-01-09 21:30:00,1331.946,0.0,250.596,103.132,0.0,110.344,0.0,0.0,1688.21,4957.933,99.0,1688.21,0.3405068200800616,3269.723,3484.228,True,True,True,2,1016.7855,47.4405,40.0585,5.818,0.0,-15.031,403.6405,4201.465,4889.91,1691.535,1652.5749999999998,0.5,4.279999999999999,110.885,277.46500000000003,367.851,33.79382499823523,0.0875313801612996,4928.2345,5906.6955,1738.9755,1692.6335,6.318,4.279999999999999,110.885,-83.89500000000001,28.655419430440062,0.0724644266361489,0.0,0.0,45.35,1656.8549999999998,1692.035,38.96000000000004,0.0,38.96000000000004,645.316
2026-01-09 22:00:00,1326.821,0.0,262.324,98.313,0.0,110.504,0.0,0.0,1587.39,4788.331,90.975,1587.39,0.3315121698980292,3200.941,3385.352,True,True,True,2,964.16,51.1535,45.257000000000005,5.818,0.0,-2.417,441.9385,4015.78,4724.99,1672.725,1600.755,0.515,4.28,111.08,205.66,408.456,33.88250967028751,0.090587984618362,4697.725,5689.15,1723.8784999999998,1646.012,6.333,4.28,111.08,-144.025,28.93623381406689,0.0752372652607243,0.0,0.0,46.465,1605.035,1673.24,71.9699999999998,0.0,71.9699999999998,614.116
2026-01-09 22:30:00,1310.716,0.0,276.42,101.735,0.0,110.908,0.0,0.0,1644.704,4646.237,90.975,1644.704,0.353986247365341,3001.5330000000004,3444.483,True,True,True,2,909.1525,46.9755,39.0165,5.818,0.0,-6.0205,420.196,4148.594999999999,4565.29,1674.1950000000002,1614.69,0.53,4.29,110.955,59.69,328.846,35.37027793838531,0.0939740060994555,4739.1675,5474.4425,1721.1705000000002,1653.7065,6.347999999999999,4.29,110.955,-82.17,30.20945626812324,0.0783691065948369,0.0,0.0,43.94,1618.98,1674.725,59.50500000000011,0.0,59.50500000000011,388.536
2026-01-09 23:00:00,1344.578,0.0,322.036,100.483,0.0,110.584,0.0,0.0,1593.059,4487.584,90.53,1593.059,0.3549925750693469,2894.525,3470.74,True,True,True,2,854.362,49.957,42.209,5.818,0.0,-5.7855,437.203,3998.51,4573.865,1610.24,1525.495,0.505,4.26,110.855,67.49000000000001,356.0595,33.34915998426329,0.0931381717068592,4577.1095,5428.227,1660.197,1567.7040000000002,6.323,4.26,110.855,-142.54500000000002,28.876924481799986,0.0784797620285359,0.0,0.0,44.14,1529.755,1610.745,84.74500000000012,0.0,84.74500000000012,423.5495
2026-01-09 23:30:00,1313.165,0.0,312.654,98.313,0.0,111.108,0.0,0.0,1465.873,4535.194,90.53,1465.873,0.3232216747508485,3069.3210000000004,3301.1130000000003,True,True,True,2,807.227,58.706,51.129,5.818,0.0,-15.043,441.996,3816.735,4484.97,1527.14,1465.23,0.515,4.29,101.045,31.885,489.4045,32.67011882590081,0.0956570481667532,4413.748,5292.197,1585.846,1516.359,6.333,4.29,101.045,-205.255,28.65366675596825,0.0810675581874321,0.0,0.0,45.565,1469.52,1527.655,61.909999999999854,0.0,61.909999999999854,521.2895
2026-01-10 00:00:00,1333.902,0.0,189.52,89.238,0.0,98.726,0.0,0.0,1461.913,4418.144,91.285,1461.913,0.3308884907327601,2956.231,3173.299,True,True,True,2,767.2145,64.0945,57.0815,5.818,0.0,-14.9975,441.986,3767.16,4377.965,1501.61,1422.43,0.505,4.29,98.735,50.86,513.1695,32.485983309863684,0.0979972878981447,4363.217500000001,5145.1795,1565.7044999999998,1479.5115,6.323,4.29,98.735,-245.04,28.75185167169388,0.0833852209374661,0.0,0.0,45.705000000000005,1426.72,1502.1150000000002,79.18000000000006,0.0,79.18000000000006,564.0295
2026-01-10 00:30:00,1353.724,0.0,208.643,93.711,0.0,99.525,0.0,0.0,1347.534,4304.644,91.285,1347.534,0.3130419147320893,2957.11,3103.137,True,True,True,2,732.524,68.4395,58.5135,5.818,0.0,-15.098,369.2145,3732.87,4244.275,1334.17,1300.76,0.53,4.29,98.68,1.0699999999999998,513.0899999999999,30.64405467408688,0.1010861529509302,4343.787,4976.799,1402.6095,1359.2735,6.348,4.29,98.68,-221.465,27.30913873968912,0.0862083350724906,0.0,0.0,42.445,1305.05,1334.7,33.41000000000008,0.0,33.41000000000008,514.16
2026-01-10 01:00:00,1342.529,0.0,256.962,90.498,0.0,98.876,0.0,0.0,1267.286,4186.926,91.615,1267.286,0.3026769520168257,2919.6400000000003,3056.151,True,True,True,2,748.3065,57.2595,48.142,5.818,0.0,-9.0735,272.0895,3720.92,4134.79,1166.035,1139.99,0.49,4.3,98.655,0.015,513.114,27.560761736850196,0.1040015334361734,4323.7495,4883.0965,1223.2945,1188.132,6.308,4.3,98.655,-103.2,24.32466109895848,0.0880618102619222,0.0,0.0,38.195,1144.29,1166.525,26.044999999999845,0.0,26.044999999999845,513.129
2026-01-10 01:30:00,1390.244,0.0,257.968,90.708,0.0,98.811,0.0,0.0,1058.904,4070.901,91.615,1058.904,0.2601153896889165,3011.997,2896.635,True,True,True,2,738.054,53.003,46.8005,5.818,0.0,-3.883,348.35450000000003,3565.13,4032.845,1138.055,1085.13,0.535,4.265000000000001,98.42,0.02,513.185,26.91074464795531,0.1057571260836656,4141.997,4770.899,1191.058,1131.9305,6.353,4.265000000000001,98.42,-170.285,23.728578897556307,0.0893967585246719,0.0,0.0,39.425,1089.3950000000002,1138.59,52.92499999999996,0.0,52.92499999999996,513.2049999999999
2026-01-10 02:00:00,1350.707,0.0,246.217,87.909,0.0,97.899,0.0,0.0,1121.482,4008.304,90.97,1121.482,0.2797896566727473,2886.822,2904.214,True,True,True,2,729.5525,62.949,55.765,5.818,0.0,-3.8235,343.2425,3611.75,4089.675,1169.545,1139.665,0.49,4.25,99.01,0.02,513.0885000000001,27.866246176903303,0.1039208320404213,4209.117,4819.2275,1232.494,1195.43,6.308,4.25,99.01,-193.89,24.80507379109015,0.08818911545574,0.0,0.0,40.075,1143.915,1170.035,29.88000000000011,0.0,29.88000000000011,513.1085
2026-01-10 02:30:00,1404.925,0.0,325.41,96.501,0.0,99.321,0.0,0.0,1020.652,4060.508,90.97,1020.652,0.2513606671874553,3039.856,2946.809,True,True,True,2,712.1485,99.8185,95.5585,5.818,0.0,-3.8405,436.4655,3402.14,4031.3,1026.89,986.54,0.51,4.24,99.165,0.015,513.188,24.47336362694118,0.1051802432856973,4036.6605,4743.4485,1126.7085000000002,1082.0985,6.327999999999999,4.24,99.165,-343.37,22.814827518954,0.0893895392454593,0.0,0.0,40.355,990.78,1027.4,40.34999999999991,0.0,40.34999999999991,513.203
2026-01-10 03:00:00,1358.764,0.0,308.298,87.978,0.0,99.265,0.0,0.0,1004.641,3998.393,89.135,1004.641,0.2512611941847637,2993.752,2858.946,True,True,True,2,699.6635,130.3005,126.7585,5.818,0.0,-3.855,442.0715,3327.79,3979.345,1049.035,995.94,0.51,4.285,98.695,0.03,513.145,25.028095629326337,0.1076830092005122,3970.8985,4679.0085,1179.3355,1122.6985,6.327999999999999,4.285,98.695,-371.605,23.99538124155132,0.0915807578729465,0.0,0.0,41.81,1000.225,1049.5449999999998,53.0949999999998,0.0,53.0949999999998,513.175
2026-01-10 03:30:00,1384.96,0.0,350.899,91.4,0.0,99.228,0.0,0.0,991.915,3929.503,89.135,991.915,0.2524275970777984,2937.588,2918.402,True,True,True,2,685.207,154.101,152.45850000000002,5.818,0.0,-3.876,393.3995,3342.38,3906.09,957.01,933.18,0.53,4.265000000000001,99.17,0.015,513.1034999999999,23.890383712805157,0.1091922676903145,3981.9935,4591.297,1111.111,1085.6385,6.347999999999999,4.265000000000001,99.17,-334.68,23.645762617293776,0.0928967021864344,0.0,0.0,40.42,937.445,957.54,23.829999999999927,0.0,23.829999999999927,513.1184999999999
2026-01-10 04:00:00,1390.842,0.0,319.021,90.917,0.0,98.577,0.0,0.0,983.101,3883.575,87.785,983.101,0.2531433022408477,2900.474,2882.458,True,True,True,2,676.5155,153.1485,149.584,5.818,0.0,-3.8495,433.505,3318.02,3855.365,951.56,926.105,0.5,4.279999999999999,98.915,0.01,513.1600000000001,24.018955144175138,0.1110157818310075,3942.684,4531.880499999999,1104.7085,1075.689,6.318,4.279999999999999,98.915,-368.185,23.73412466394632,0.0944433601550302,0.0,0.0,41.02,930.385,952.06,25.454999999999927,0.0,25.454999999999927,513.1700000000001
2026-01-10 04:30:00,1397.594,0.0,327.755,93.152,0.0,99.214,0.0,0.0,884.124,3833.119,87.785,884.124,0.2306539400420388,2948.995,2801.839,True,True,True,2,667.6085,151.088,147.631,5.818,0.0,-16.2865,442.0465,3267.74,3833.84,962.01,919.07,0.505,4.255000000000001,98.84,36.9,513.1385,23.97269465021684,0.1109880817291629,3879.696,4501.4485,1113.098,1066.701,6.323,4.255000000000001,98.84,-360.39,23.69687587081139,0.0945271164030301,0.0,0.0,41.76,923.325,962.515,42.940000000000055,0.0,42.940000000000055,550.0385
2026-01-10 05:00:00,1394.807,0.0,326.08,93.079,0.0,98.819,0.0,0.0,893.183,3814.96,85.8,893.183,0.234126439071445,2921.777,2805.968,True,True,True,2,673.1215,148.05700000000002,144.7215,5.818,0.0,-16.6495,379.9555,3323.73,3812.41,864.98,844.145,0.495,4.275,98.805,0.025,513.098,22.1412787502152,0.1121338648085258,3978.643,4485.5315,1013.037,988.8665,6.313,4.275,98.805,-333.935,22.04529474901453,0.0953064418616012,0.0,0.0,38.32,848.42,865.475,20.83500000000004,0.0,20.83500000000004,513.1229999999999
2026-01-10 05:30:00,1423.347,0.0,373.372,98.313,0.0,99.234,0.0,0.0,815.926,3804.454,85.8,815.926,0.2144659917034087,2988.528,2810.192,True,True,True,2,680.7194999999999,169.5195,169.67149999999998,5.818,0.0,-4.478,376.472,3262.11,3799.725,887.7,829.615,0.5,4.265000000000001,98.795,0.05,513.1435,21.833582061458085,0.1122447983762297,3952.4185,4480.4445,1057.2195000000002,999.2865,6.318,4.265000000000001,98.795,-371.135,22.303277163071872,0.0951916443026275,0.0,0.0,38.715,833.88,888.2,58.08500000000004,0.0,58.08500000000004,513.1935
2026-01-10 06:00:00,1379.543,0.0,370.356,98.24,0.0,98.642,0.0,0.0,801.013,3817.231,87.575,801.013,0.2098413745461042,3016.2180000000003,2747.794,True,True,True,2,720.579,194.0655,198.6355,5.818,0.0,-4.4895,302.016,3213.89,3866.25,843.31,793.595,0.5,4.28,98.79,78.09,513.1279999999999,20.526698619211903,0.1107028128224517,3994.5,4586.829,1037.3755,992.2305,6.318,4.28,98.79,-345.56,21.632575006065544,0.093312925568706,0.0,0.0,38.13,797.875,843.81,49.71499999999992,0.0,49.71499999999992,591.218
2026-01-10 06:30:00,1295.097,0.0,355.59,93.57,0.0,98.006,0.0,0.0,822.47,3885.486,87.575,822.47,0.2116775095830997,3063.016,2664.733,True,True,True,2,758.056,181.914,187.825,5.818,0.0,-4.49,323.732,2915.615,3934.965,794.135,761.995,0.51,4.279999999999999,98.91,228.095,513.1485,19.370550615903788,0.1087718283482511,3729.818,4693.021,976.049,949.82,6.327999999999999,4.279999999999999,98.91,-362.375,20.24619045790675,0.09120343482529,0.0,0.0,41.48,766.275,794.645,32.139999999999986,0.0,32.139999999999986,741.2435
2026-01-10 07:00:00,1258.58,0.0,322.707,100.411,0.0,99.22,0.0,0.0,684.85,3977.914,96.345,684.85,0.1721630985486363,3293.0640000000003,2465.768,True,True,True,2,807.1775,160.961,163.9735,5.818,0.0,-4.4725,355.74850000000004,2822.045,4081.795,690.005,660.15,0.505,4.295,99.24,378.09,513.1285,16.17850720016235,0.1052326804012798,3640.7405,4888.9725,850.9659999999999,824.1235,6.323,4.295,99.24,-349.66,16.8619882162439,0.0878606124633376,0.0,0.0,41.765,664.4449999999999,690.51,29.855000000000015,0.0,29.855000000000015,891.2185
2026-01-10 07:30:00,1300.561,0.0,304.254,96.219,0.0,98.409,0.0,0.0,625.364,4143.805,96.345,625.364,0.1509154026311566,3518.4410000000003,2424.807,True,True,True,2,859.6659999999999,192.1115,194.838,5.818,0.0,-4.4030000000000005,440.5395,2734.465,4206.545,660.64,630.145,0.52,4.29,107.585,510.295,513.113,14.982828500405846,0.10198958066901,3598.1584999999995,5066.211,852.7515,824.9830000000001,6.337999999999999,4.29,107.585,-427.75,16.287194440253984,0.084685682933651,0.0,0.0,44.575,634.435,661.16,30.495000000000005,0.0,30.495000000000005,1023.408
2026-01-10 08:00:00,1267.202,0.0,267.708,97.621,0.0,111.256,0.0,0.0,569.4,4234.504,108.83,569.4,0.1344667521863245,3665.104,2313.187,True,True,True,2,913.726,156.026,155.6385,5.818,0.0,-2.386,441.9995,2890.005,4314.290000000001,560.1700000000001,545.5899999999999,0.61,4.26,111.005,529.99,513.0609999999999,12.650229683149467,0.0987420782757356,3735.4895,5228.016,716.1959999999999,701.2284999999999,6.427999999999999,4.26,111.005,-358.295,13.41790437978772,0.0814847492257591,0.0,0.0,41.23,549.8499999999999,560.7800000000001,14.580000000000156,0.0,14.580000000000156,1043.051
2026-01-10 08:30:00,1382.58,0.0,345.872,102.154,13.4,111.385,0.0,0.0,513.689,4371.936,108.83,513.689,0.1174969166977741,3858.247,2469.08,True,True,True,2,960.0895,135.73399999999998,135.534,6.309,0.76,-2.319,442.028,3089.1850000000004,4446.325000000001,515.615,503.82,7.949999999999999,12.185,111.06,529.975,513.0419999999999,11.333284772196324,0.2730770901646327,3916.119,5406.414500000001,651.3489999999999,639.354,14.259,12.945,111.06,-292.85,11.829190720170168,0.2384560347400648,0.0,0.0,38.895,516.005,523.565,11.795000000000016,0.0,11.795000000000016,1043.0169999999998
2026-01-10 09:00:00,1449.12,0.0,417.648,111.306,13.4,110.741,0.0,0.0,494.919,4531.482,156.35,494.919,0.1092179114912075,4036.563,2597.134,True,True,True,2,1025.196,121.084,123.775,7.752499999999999,2.5035,-2.355,441.9505,3346.96,4630.77,515.1,506.335,46.535,44.94,111.065,529.98,513.0435,10.93467434181336,0.9685569736923008,4164.864,5655.966,636.184,630.11,54.2875,47.4435,111.065,-217.915,11.141626683218291,0.8369608156276003,0.0,0.0,37.84,551.2750000000001,561.635,8.764999999999986,1.5949999999999989,10.359999999999983,1043.0235
2026-01-10 09:30:00,1447.027,0.0,437.106,110.887,145.821,110.884,0.0,0.0,521.001,4698.578,156.35,521.001,0.1108848251534826,4177.577,2772.726,True,True,True,2,1064.289,131.1525,129.8295,14.2925,7.773,5.3295,441.9215,3476.255,4723.99,538.275,524.145,99.71,104.565,111.005,529.985,513.0775,11.095076598581125,2.2126368566611565,4292.607,5788.279,669.4275,653.9745,114.0025,112.338,111.005,-184.48,11.297473463932524,1.9399501472045,0.0,0.0,39.105,628.71,637.985,14.129999999999995,0.0,14.129999999999995,1043.0625
2026-01-10 10:00:00,1416.983,0.0,422.027,107.956,136.818,111.117,0.0,0.0,526.44,4753.831,167.57,526.44,0.1107401588318979,4227.391,2721.341,True,True,True,2,1087.1105,145.731,143.155,14.274,9.782,-2.1535,441.9435,3538.605,4774.165,544.45,528.515,153.63,161.745,110.84,529.985,513.0795,11.07102862994677,3.3875225921062477,4371.451499999999,5861.2755,690.181,671.67,167.904,171.52700000000002,110.84,-170.655,11.460126079705253,2.926051135427222,0.0,0.0,40.84,690.26,698.08,15.93500000000006,0.0,15.93500000000006,1043.0645
2026-01-10 10:30:00,1443.181,0.0,435.095,110.605,191.674,110.979,0.0,0.0,507.389,4785.564,167.57,507.389,0.1060249115882683,4278.175,2798.923,True,True,True,2,1102.7399999999998,167.1335,168.34449999999998,13.2445,12.071,-2.4225000000000003,441.9385,3538.885,4777.51,501.15,488.19,194.59,208.235,110.77,529.985,513.091,10.21808313717279,4.359068931717306,4390.2255,5880.25,668.2835,656.5345,207.8345,220.306,110.77,-173.45499999999998,11.165030561970454,3.746669131180912,0.0,0.0,41.22,696.425,695.74,12.95999999999998,0.0,12.95999999999998,1043.076
2026-01-10 11:00:00,1428.059,0.0,426.383,109.067,190.507,110.72,0.0,0.0,468.576,4768.078,173.8,468.576,0.0982735601221288,4299.502,2733.312,True,True,True,2,1105.8955,182.633,186.4625,17.646,17.379,-2.4265,441.94,3514.82,4760.6,506.22,479.85,253.1,231.845,110.675,529.99,513.1675,10.07980926596198,4.870073241250269,4373.7605,5866.4955,688.8530000000001,666.3125,270.746,249.224,110.675,-178.16,11.3579938649902,4.248274463634965,0.0,0.0,42.42,711.695,759.32,26.370000000000005,21.254999999999995,47.625,1043.1575
2026-01-10 11:30:00,1404.195,0.0,421.022,107.815,183.32,110.714,0.0,0.0,491.386,4746.223,173.8,491.386,0.1035320085044465,4254.837,2718.452,True,True,True,2,1096.989,160.8395,162.635,30.1295,28.2615,11.376,441.918,3492.33,4743.12,541.48,509.335,292.36,238.49,110.815,529.975,513.1479999999999,10.73874313054114,5.028175899930193,4333.1795,5840.109,702.3195000000001,671.97,322.4895,266.7515,110.815,-183.03,11.5065318655821,4.567671536729693,0.0,0.0,43.585,747.825,833.84,32.14500000000004,53.870000000000005,86.01500000000004,1043.123
2026-01-10 12:00:00,1272.345,0.0,427.053,109.135,178.925,110.962,0.0,0.0,529.258,4734.641,181.79,529.258,0.1117841880725487,4205.383,2627.678,True,True,True,2,1099.108,168.449,176.571,25.7645,22.936,11.4545,441.916,3507.615,4781.33,620.15,601.0450000000001,276.065,265.555,110.945,529.98,513.1495,12.568688084427196,5.55406908523234,4372.6505,5880.438,788.5989999999999,777.616,301.8295,288.491,110.945,-205.435,13.222315029480152,4.906047496274114,0.0,0.0,46.18,866.6000000000001,896.2149999999999,19.104999999999905,10.509999999999993,29.614999999999892,1043.1295
2026-01-10 12:30:00,1274.464,0.0,348.888,111.028,185.594,110.938,0.0,0.0,646.898,4790.376,181.79,646.898,0.1350411742209797,4143.478,2677.81,True,True,True,2,1097.856,171.31900000000002,182.552,23.112,22.4565,-1.974,441.9365,3530.805,4811.75,693.035,677.23,178.48,200.225,110.945,529.975,513.083,14.074080719976656,4.161784260018261,4416.434499999999,5909.606,864.3539999999999,859.782,201.592,222.6815,110.945,-213.065,14.54865342202331,3.768488144305058,0.0,0.0,45.595,877.455,871.515,15.80499999999995,0.0,15.80499999999995,1043.058
2026-01-10 13:00:00,1284.84,0.0,428.393,109.768,99.823,111.154,0.0,0.0,713.913,4815.071,177.75,713.913,0.1482663495512319,4101.157999999999,2747.891,True,True,True,2,1090.5585,168.707,179.6925,26.5825,23.664,12.054,441.919,3520.9350000000004,4816.43,741.8399999999999,720.7,142.015,166.89499999999998,110.785,529.985,513.114,14.963530593459046,3.465076730435134,4398.709000000001,5906.9885,910.547,900.3924999999999,168.5975,190.559,110.785,-227.145,15.24300373236312,3.2259488970200327,0.0,0.0,45.465,887.595,883.8549999999999,21.139999999999876,0.0,21.139999999999876,1043.0990000000002
2026-01-10 13:30:00,1316.193,0.0,426.383,109.345,60.706,110.757,0.0,0.0,748.118,4799.975,177.75,748.118,0.1558587284308772,4051.857,2771.502,True,True,True,2,1079.8805,163.322,174.24349999999998,19.692,15.6555,-1.9635,441.924,3520.725,4799.42,830.38,808.575,101.3,126.75,110.94,529.975,513.0840000000001,16.846987039677742,2.641160540277913,4384.6045,5879.3005,993.702,982.8185,120.992,142.40550000000002,110.94,-210.555,16.7166286143473,2.4221250446346807,0.0,0.0,45.71,935.325,931.68,21.80499999999995,0.0,21.80499999999995,1043.0590000000002
2026-01-10 14:00:00,1324.629,0.0,431.744,110.327,11.564,110.671,0.0,0.0,889.83,4795.242,157.555,889.83,0.1855651914960704,3905.412,2878.765,True,True,True,2,1072.9160000000002,170.6285,188.33,13.7755,9.435,-1.955,441.9125,3513.125,4800.59,965.95,935.255,67.855,82.85,110.755,529.985,513.1424999999999,19.482271196069465,1.7257543039328007,4386.036,5873.506,1136.5785,1123.585,81.63050000000001,92.285,110.755,-226.775,19.129849345556437,1.571147683104466,0.0,0.0,45.74,1018.105,1033.805,30.69500000000005,0.0,30.69500000000005,1043.1275
2026-01-10 14:30:00,1311.984,0.0,426.048,108.926,10.61,110.796,0.0,0.0,973.823,4797.252,157.555,973.823,0.2029960068806058,3823.429000000001,2942.187,True,True,True,2,1066.7495,168.4465,184.637,11.669,6.526,-1.974,441.911,3573.03,4807.305,1086.815,1044.225,56.215,65.17,110.92,529.98,468.182,21.72114064010256,1.3557316487966131,4431.3815,5874.0545,1255.2615,1228.862,67.884,71.696,110.92,-218.14,20.92000475006909,1.2205800250539462,0.0,0.0,46.31999999999999,1109.3950000000002,1143.03,42.58999999999992,0.0,42.58999999999992,998.162
2026-01-10 15:00:00,1266.191,0.0,422.362,104.884,10.977,110.729,0.0,0.0,1153.582,4819.784,144.0,1153.582,0.2393430908936998,3666.2019999999993,3068.725,True,True,True,2,1067.7625,175.20499999999998,190.12,10.4115,4.4515,-1.9715,441.922,3703.415,4835.045,1244.6,1209.965,36.635000000000005,46.97,110.885,506.365,378.386,25.024261900766643,0.9715192573731574,4569.9505,5902.8075,1419.805,1400.085,47.0465,51.4215,110.885,-226.265,23.718454706504644,0.8712086832949322,0.0,0.0,46.71999999999999,1256.9350000000002,1281.235,34.63499999999976,0.0,34.63499999999976,884.751
2026-01-10 15:30:00,1299.707,0.0,440.144,109.135,16.981,110.518,0.0,0.0,1254.207,4861.097,144.0,1254.207,0.2580090461062596,3606.89,3230.692,True,True,True,2,1078.317,208.308,222.1945,8.7335,1.6945,-1.981,441.9305,3856.55,4862.76,1292.665,1276.49,20.405,27.35,110.71,370.835,349.114,26.24956700921781,0.562645298211044,4770.863,5941.076999999999,1500.973,1498.6844999999998,29.1385,29.0445,110.71,-263.645,25.224648114336333,0.4891190529242777,0.0,0.0,44.985,1303.84,1313.07,16.174999999999955,0.0,16.174999999999955,719.949
2026-01-10 16:00:00,1327.137,0.0,474.01,110.327,70.083,111.064,0.0,0.0,1311.298,4878.665,144.615,1311.298,0.2687821360966576,3567.367,3403.919,True,True,True,2,1115.7804999999998,281.818,299.9275,7.750999999999999,0.0925,-1.5615,423.248,4168.43,4942.515,1427.2,1409.2800000000002,5.08,9.02,110.855,220.82,242.9735,28.508210087662388,0.1828300670755386,5155.1185000000005,6058.2955,1709.018,1709.2075,12.831,9.1125,110.855,-280.645,28.20558398973812,0.1507521404233563,0.0,0.0,43.165,1418.3000000000002,1432.28,17.919999999999845,0.0,17.919999999999845,463.7935
2026-01-10 16:30:00,1366.137,0.0,461.277,106.136,99.609,111.188,0.0,0.0,1514.717,5009.226,144.615,1514.717,0.3023854383890845,3494.509,3659.064,True,True,True,2,1176.9295,348.8705,370.54,7.566,0.0,-1.5545,441.944,4409.215,5110.56,1722.995,1670.87,0.96,4.065,111.005,89.955,294.774,32.6798139805278,0.0795927240617447,5445.9305,6287.4895,2071.8655,2041.41,8.526,4.065,111.005,-287.845,32.45163063559898,0.0646982887068422,0.0,0.0,46.17,1674.935,1723.955,52.125,0.0,52.125,384.729
2026-01-10 17:00:00,1379.083,0.0,457.256,105.017,97.923,111.229,0.0,0.0,1867.628,5208.623,144.715,1867.628,0.3585646340693116,3340.995,4018.136,True,True,True,2,1235.5605,429.5465,448.4705,7.566,0.0,2.58,438.288,4653.775,5251.455,2000.95,1941.335,0.605,4.115,110.85,0.855,264.578,36.9662304979621,0.0783546606765664,5765.2415,6487.0155,2430.4965,2389.8055,8.171,4.115,110.85,-304.395,36.83805494106479,0.0634298721337403,0.0,0.0,48.11,1945.45,2001.555,59.61500000000001,0.0,59.61500000000001,265.433
2026-01-10 17:30:00,1378.234,0.0,457.926,105.367,97.923,110.442,0.0,0.0,2012.49,5261.223,144.715,2012.49,0.3825137235201777,3248.733,4162.382,True,True,True,2,1240.1215,497.004,511.761,7.566,0.0,-1.845,335.7415,4803.8150000000005,5239.889999999999,2177.49,2106.755,0.565,4.345,110.6,0.02,164.6255,40.2083453330539,0.0829216504701483,5967.0,6480.0115,2674.494,2618.516,8.131,4.345,110.6,-244.885,40.41242159444427,0.0670525022895745,0.0,0.0,48.52000000000001,2111.1,2178.055,70.73499999999967,0.0,70.73499999999967,164.6455
2026-01-10 18:00:00,1288.929,0.0,452.877,97.552,150.658,110.677,0.0,0.0,2235.987,5216.458,132.7,2235.987,0.4286408517043558,2980.4709999999995,4336.68,True,True,True,2,1208.8025,586.6505,600.2985,7.566,0.0,-2.081,212.4815,4806.085,5183.71,2484.53,2387.95,0.57,4.345000000000001,110.755,52.235,68.2895,46.07319005152666,0.0838197034408795,6050.9545,6392.512500000001,3071.1805000000004,2988.2485,8.136,4.345000000000001,110.755,-234.305,46.75465615949882,0.0679698474516027,0.0,0.0,51.98499999999999,2392.295,2485.1,96.57999999999991,0.0,96.57999999999991,120.5245
2026-01-10 18:30:00,1173.912,0.0,382.107,95.66,9.006,110.499,0.0,0.0,2585.647,5140.106,132.7,2585.647,0.5030337895755457,2554.459,4356.831,True,True,True,2,1154.945,625.2915,641.287,7.566,0.0,-2.5055,64.1295,4856.78,5091.855,2786.24,2684.6000000000004,0.5700000000000001,4.34,110.91,75.615,-71.6335,52.729804429223805,0.0852349343127318,6166.7965,6246.8,3411.5315,3325.887,8.136,4.34,110.91,-203.66000000000005,53.24943384587968,0.0694768546285535,0.0,0.0,54.895,2688.9400000000005,2786.81,101.63999999999942,0.0,101.63999999999942,3.981499999999997
2026-01-10 19:00:00,1249.638,0.0,265.004,74.434,15.742,111.182,0.0,0.0,2766.741,5034.406,111.985,2766.741,0.5495665228430127,2267.665,4482.741,True,True,True,2,1106.6930000000002,667.0740000000001,690.0975000000001,7.566,0.0,-2.501,-75.4065,5037.15,4977.605,3052.0,2914.625,0.57,4.33,110.985,-68.2,-190.5255,58.564504288121945,0.0869922308573876,6407.153499999999,6084.298000000001,3719.074,3604.7225,8.136,4.33,110.985,-172.96,59.2573250293087,0.0711697470700031,0.0,0.0,56.265,2918.955,3052.57,137.375,0.0,137.375,-258.7255
2026-01-10 19:30:00,1213.743,0.0,240.521,45.945,0.0,111.152,0.0,0.0,3080.998,4940.364,111.985,3080.998,0.6236378534051338,1859.3659999999995,4692.359,True,True,True,2,1060.487,742.5725,731.5264999999999,7.566,0.0,-16.738,-194.533,5165.76,4917.325000000001,3387.435,3196.15,0.5700000000000001,4.345,111.035,-155.82,-199.905,65.00240380437468,0.0883616647627283,6535.9545,5977.812,4130.0075,3927.6765,8.136,4.345,111.035,-84.83500000000001,65.71062185366398,0.0726868618255144,0.0,0.0,60.11500000000001,3200.4949999999994,3388.005,191.2850000000003,0.0,191.2850000000003,-355.725
2026-01-10 20:00:00,1020.547,0.0,191.553,41.339,0.0,110.468,0.0,0.0,3302.852,4858.504,100.61,3302.852,0.679808434859784,1555.652,4666.759,True,True,True,2,1006.7985,796.167,732.1134999999999,7.566,0.0,-2.7495000000000003,-204.161,4975.280000000001,4793.795,3710.65,3389.735,0.605,4.315,110.555,-33.22,-199.9195,70.72435518672604,0.0900196406356047,6232.601500000001,5800.5935,4506.817000000001,4121.8485,8.171,4.315,110.555,-28.755,71.07275923381235,0.0743967525409972,0.0,0.0,66.23000000000002,3394.05,3711.255,320.915,0.0,320.915,-233.1395
2026-01-10 20:30:00,584.172,0.0,186.84,41.061,0.0,109.733,0.0,0.0,3482.677,4725.59,100.61,3482.677,0.7369824720299476,1242.913,4404.483,True,True,True,2,960.387,858.1545,778.774,7.566,0.0,-2.5675,-204.135,4733.365,4676.395,3914.09,3560.49,0.565,4.335,110.315,-0.02,-199.9225,76.14424710362131,0.0927017647051568,6032.9485,5636.782,4772.2445,4339.264,8.131,4.335,110.315,-118.66,76.98891495354457,0.0769078377328032,0.0,0.0,71.94,3564.825,3914.655,353.6000000000004,0.0,353.6000000000004,-199.9425
2026-01-10 21:00:00,312.539,0.0,177.457,41.202,0.0,110.65,0.0,0.0,3592.494,4614.89,97.78,3592.494,0.7784571246551922,1022.3960000000002,4234.342000000001,True,True,True,2,911.616,923.59,765.1800000000001,7.566,0.0,-2.672,-204.085,4660.91,4567.305,4040.615,3653.57,0.5449999999999999,4.325,110.885,-54.73,-199.9185,79.9980135991013,0.0946937374770665,5928.438,5478.921,4964.205,4418.75,8.111,4.325,110.885,-136.55,80.65622523737154,0.0789386551820344,0.0,0.0,74.515,3657.895,4041.16,387.0450000000001,0.0,387.0450000000001,-254.6485
2026-01-10 21:30:00,325.471,0.0,167.717,41.339,0.0,110.311,0.0,0.0,3616.537,4500.778,97.78,3616.537,0.8035359664484673,884.2410000000004,4261.375,True,True,True,2,867.6555,957.8465,810.944,7.566,0.0,-2.676,-204.06,4580.805,4450.16,4084.72,3585.96,0.485,4.295,110.5,-182.77,-199.9355,80.58074031993749,0.0965216299066497,5892.043,5317.815500000001,5042.566500000001,4396.904,8.051,4.295,110.5,-227.72,82.68573637103455,0.0807736798526164,0.0,0.0,74.525,3590.255,4085.205,498.7600000000002,0.0,498.7600000000002,-382.7055
2026-01-10 22:00:00,322.002,0.0,168.722,41.202,0.0,111.266,0.0,0.0,3543.069,4372.664,85.4,3543.069,0.8102769844653054,829.5949999999998,4186.261,True,True,True,2,817.7345,986.1845,776.051,7.566,0.0,-2.6790000000000003,-204.0885,4479.25,4339.27,4188.45,3520.44,0.48,4.265,102.015,-199.98,-199.914,81.12918731991543,0.0982862903571677,5748.2305,5157.0045,5174.6345,4296.491,8.046,4.265,102.015,-235.215,83.31529406008961,0.0827020450613313,0.0,0.0,74.72,3524.705,4188.929999999999,668.0099999999998,0.0,668.0099999999998,-399.894
2026-01-10 22:30:00,312.478,0.0,165.707,41.202,0.0,87.684,0.0,0.0,3456.093,4273.172,85.4,3456.093,0.8087886469348765,817.0789999999997,4063.164,True,True,True,2,765.0975000000001,1030.1495,770.6410000000001,7.566,0.0,-2.716,-204.042,4301.605,4195.43,4247.77,3367.37,0.475,4.265000000000001,86.91,-199.975,-199.9155,80.26043689122284,0.1016606131677794,5554.557,4960.5275,5277.9195,4138.011,8.041,4.265000000000001,86.91,-271.46500000000003,83.41736253852036,0.0859824030368527,0.0,0.0,74.41,3371.635,4248.245000000001,880.4000000000005,0.0,880.4000000000005,-399.8905
2026-01-10 23:00:00,315.686,0.0,164.031,41.202,0.0,86.864,0.0,0.0,3321.211,4145.851,88.215,3321.211,0.8010927069014299,824.6399999999999,3928.994,True,True,True,2,710.083,1059.826,735.744,7.566,0.0,1.255,-204.006,4344.715,4237.215,4288.52,3377.39,0.48,4.279999999999999,86.865,-199.985,-199.941,79.70809571260745,0.1010097274849722,5545.753000000001,4947.298,5348.346,4113.134,8.046,4.279999999999999,86.865,-280.42,83.14023917127192,0.0865124936196764,0.0,0.0,74.11999999999999,3381.67,4289.0,911.1300000000006,0.0,911.1300000000006,-399.926
2026-01-10 23:30:00,331.738,0.0,169.393,41.27,0.0,87.216,0.0,0.0,3366.292,4204.854,88.215,3366.292,0.8005728617450213,838.5620000000004,3995.909,True,True,True,2,660.1745000000001,1076.862,735.2815,7.566,0.0,-10.5715,-204.0335,4337.095,4150.165,4299.605,3371.185,0.485,4.24,86.775,-199.98,-199.9345,81.2337680925851,0.1021710796952212,5481.7825,4810.3395,5376.467000000001,4106.4665,8.050999999999998,4.24,86.775,-262.285,85.37281169816457,0.0881509372287745,0.0,0.0,74.82,3375.425,4300.089999999999,928.4199999999996,0.0,928.4199999999996,-399.9145
2026-01-11 00:00:00,338.555,0.0,170.733,41.202,0.0,86.586,0.0,0.0,3373.453,4098.647,78.37,3373.453,0.823065026092757,725.194,4010.529,True,True,True,2,625.625,1087.5814999999998,735.4995,7.566,0.0,-3.1495,-204.0125,4354.38,4078.03,4283.555,3386.89,0.47,4.21,86.81,-199.98,-199.8805,83.05610860939206,0.1032402152707917,5499.935,4703.655000000001,5371.1365,4122.3895,8.036,4.21,86.81,-307.135,87.64766251478252,0.089509677550308,0.0,0.0,74.82,3391.1,4284.025000000001,896.6650000000004,0.0,896.6650000000004,-399.8605
2026-01-11 00:30:00,324.531,0.0,166.042,41.202,0.0,87.202,0.0,0.0,3374.854,4025.348,78.37,3374.854,0.8384005556786642,650.4940000000001,3993.831,True,True,True,2,583.5035,1086.5335,633.5615,7.566,0.0,-3.443,-204.0155,4334.719999999999,3956.415,4257.780000000001,3374.335,0.495,4.235,86.795,-199.98,-199.92,85.2903342418034,0.1070494237857397,5375.8105,4539.9185,5344.3135,4007.8965,8.061,4.235,86.795,-244.555,88.28208020577853,0.0932925495057358,5.925000000000637,0.1108005993143759,74.44500000000001,3378.57,4258.275000000001,883.4450000000006,0.0,883.4450000000006,-399.9
2026-01-11 01:00:00,322.366,0.0,164.701,41.202,0.0,86.541,0.0,0.0,3350.201,3903.978,75.35,3350.201,0.8581505838403802,553.777,3965.011,True,True,True,2,595.883,1079.1585,615.923,7.566,0.0,-8.602,-204.033,4294.41,3873.605,4223.955,3343.7200000000003,0.47,4.23,86.94999999999999,-199.98,-199.8985,86.32234228476521,0.1092027476641441,5314.397,4469.487999999999,5303.1135,3959.643,8.036,4.23,86.94999999999999,-204.895,88.59369973186529,0.0946422863251709,1.758499999999458,0.0329428029763632,74.405,3347.9500000000003,4224.425,880.2349999999997,0.0,880.2349999999997,-399.8785
2026-01-11 01:30:00,325.774,0.0,167.047,41.202,0.0,87.041,0.0,0.0,3309.164,3814.34,75.35,3309.164,0.8675587388643907,505.17599999999993,3930.228,True,True,True,2,581.8175,1065.7215,615.009,7.566,0.0,-7.896000000000001,-204.0225,4218.615,3769.36,4148.12,3277.0550000000003,0.49,4.244999999999999,86.74,-199.98,-199.937,86.93899239999851,0.1126190861138068,5232.460999999999,4351.1775,5213.8415,3892.064,8.056,4.244999999999999,86.74,-212.74,89.44881943236072,0.0975601809618858,0.0,0.0,74.295,3281.3,4148.61,871.0649999999996,0.0,871.0649999999996,-399.917
2026-01-11 02:00:00,314.625,0.0,164.031,40.92,0.0,87.171,0.0,0.0,3231.409,3730.099,72.53,3231.409,0.8663064974951067,498.69000000000005,3838.156,True,True,True,2,578.495,1039.756,611.7725,7.566,0.0,-5.641,-204.029,4209.235,3795.24,4128.49,3259.74,0.48,4.235,86.97999999999999,-199.98,-199.935,85.89003692985402,0.1115872923365202,5226.085499999999,4373.735000000001,5168.245999999999,3871.5125,8.046,4.235,86.97999999999999,-221.69,88.51711913904114,0.0968281360201974,0.0,0.0,73.97500000000001,3263.975,4128.969999999999,868.75,0.0,868.75,-399.915
2026-01-11 02:30:00,326.922,0.0,164.031,41.202,0.0,87.692,0.0,0.0,3250.984,3762.994,72.53,3250.984,0.8639354726582077,512.0100000000002,3870.831,True,True,True,2,564.6044999999999,1025.8585,596.976,7.566,0.0,-2.331,-204.009,4171.91,3735.075,4105.79,3219.95,0.48,4.234999999999999,86.87,-199.98,-199.92,86.20759797545549,0.1133854188943452,5173.526,4299.6795,5131.648499999999,3816.926,8.046,4.234999999999999,86.87,-222.635,88.77212398496809,0.0984966240216305,0.0,0.0,73.68,3224.185,4106.27,885.8400000000001,0.0,885.8400000000001,-399.9
2026-01-11 03:00:00,322.279,0.0,163.361,41.27,0.0,87.226,0.0,0.0,3157.241,3692.787,70.25,3157.241,0.8549751177091991,535.5459999999998,3771.377,True,True,True,2,553.8485000000001,1019.0585,585.2585,7.566,0.0,-2.3355,-204.025,4084.83,3675.405,4035.25,3134.88,0.495,4.225,87.045,-199.98,-199.9155,85.29295990981196,0.1149575596293007,5074.95,4229.2535,5054.3085,3720.1385,8.061,4.225,87.045,-221.935,87.96146301204979,0.0999032192417863,0.0,0.0,73.215,3139.105,4035.745,900.3699999999999,0.0,900.3699999999999,-399.8955
2026-01-11 03:30:00,327.56,0.0,164.701,41.27,0.0,86.942,0.0,0.0,3093.46,3629.379,70.25,3093.46,0.8523386507719365,535.9189999999999,3713.933,True,True,True,2,543.756,1025.6585,581.3365,7.566,0.0,-2.3255,-204.0285,4059.875,3609.925,3961.13,3096.63,0.475,4.23,86.69999999999999,-199.98,-199.918,85.7814582235443,0.1171811904678637,5049.849,4153.6810000000005,4986.7885,3677.9665,8.041,4.23,86.69999999999999,-231.76,88.54780204236965,0.1018406603430737,0.0,0.0,72.77,3100.86,3961.605,864.5,0.0,864.5,-399.898
2026-01-11 04:00:00,327.446,0.0,164.366,41.339,0.0,86.497,0.0,0.0,3067.609,3561.163,70.5,3067.609,0.8614065124230483,493.5540000000001,3687.257,True,True,True,2,539.2909999999999,1030.891,581.389,7.566,0.0,-2.3360000000000003,-204.032,4009.365,3550.125,3916.63,3060.38,0.47,4.24,86.915,-199.98,-199.93,86.20486100670432,0.1194334245780133,4993.587,4089.416,4947.521000000001,3641.769,8.036,4.24,86.915,-231.215,89.05366780968795,0.1036831913556267,0.0,0.0,72.85,3064.62,3917.1,856.25,0.0,856.25,-399.91
2026-01-11 04:30:00,323.192,0.0,165.036,41.202,0.0,86.988,0.0,0.0,3038.924,3528.704,70.5,3038.924,0.8612011662071967,489.7800000000002,3655.342,True,True,True,2,531.4685,1025.562,581.377,7.566,0.0,-2.3520000000000003,-204.041,3939.965,3494.21,3754.425,2986.025,0.495,4.23,87.05000000000001,-199.98,-199.944,85.4535736401199,0.1210643484247364,4926.4925,4025.6785,4779.987,3567.402,8.061,4.23,87.05000000000001,-241.81,88.61422327955277,0.10508106887508,0.0,0.0,72.32499999999999,2990.255,3754.92,768.4000000000005,0.0,768.4000000000005,-399.924
2026-01-11 05:00:00,336.272,0.0,169.058,41.061,0.0,86.769,0.0,0.0,2923.271,3454.972,70.535,2923.271,0.8461055545457388,531.701,3556.431,True,True,True,2,531.348,1017.4145,581.8095000000001,7.566,0.0,-2.355,-204.042,3909.495,3466.82,3720.565,2955.195,0.4649999999999999,4.24,86.805,-199.98,-199.944,85.24217379321261,0.1223022962412488,4896.368,3998.168,4737.9795,3537.0045,8.030999999999999,4.24,86.805,-243.02,88.4655985673631,0.1060485734036726,0.0,0.0,72.14500000000001,2959.4349999999995,3721.03,765.3700000000003,0.0,765.3700000000003,-399.924
2026-01-11 05:30:00,320.824,0.0,164.031,41.339,0.0,86.721,0.0,0.0,2960.824,3462.145,70.535,2960.824,0.8551993056327797,501.3209999999999,3573.739,True,True,True,2,534.2315,1029.4505,579.6935000000001,7.566,0.0,-2.353,-204.0445,3895.995,3458.91,3695.685,2948.135,0.485,4.26,86.82,-199.98,-199.9305,85.23289638993205,0.1231602150109138,4878.0675,3993.1415,4725.1355,3527.8285,8.051,4.26,86.82,-234.485,88.3472899184121,0.1066829277413769,0.0,0.0,72.235,2952.3950000000004,3696.17,747.5499999999997,0.0,747.5499999999997,-399.9105
2026-01-11 06:00:00,324.632,0.0,164.031,41.202,0.0,87.074,0.0,0.0,2920.022,3475.534,73.175,2920.022,0.8401649933506621,555.5120000000002,3536.961,True,True,True,2,558.7964999999999,1026.6080000000002,577.9445000000001,7.566,0.0,-2.3685,-204.03,3873.035,3493.13,3579.8950000000004,2901.505,0.485,4.245,86.77000000000001,-199.98,-199.925,83.06336906045968,0.1215242143667874,4862.297500000001,4051.9265,4606.503000000001,3479.4495,8.050999999999998,4.245,86.77000000000001,-217.325,85.87202788744104,0.10476495972899,0.0,0.0,71.485,2905.75,3580.380000000001,678.3900000000003,0.0,678.3900000000003,-399.905
2026-01-11 06:30:00,334.777,0.0,168.387,41.27,0.0,86.943,0.0,0.0,2862.234,3502.542,73.175,2862.234,0.8171876311547441,640.308,3493.611,True,True,True,2,574.996,1023.5565,579.133,7.566,0.0,-2.3525,-204.0205,3814.965,3515.3450000000003,3531.735,2849.92,0.47,4.275,86.845,-199.98,-199.936,81.07121820139022,0.1216096666606977,4802.9725,4090.341,4555.291499999999,3429.053,8.036,4.275,86.845,-198.115,83.83388100234409,0.1045147620381723,0.0,0.0,71.36,2854.195,3532.205,681.815,0.0,681.815,-399.916
2026-01-11 07:00:00,338.992,0.0,173.436,41.202,0.0,87.31,0.0,0.0,2855.395,3532.545,79.895,2855.395,0.8083110052384329,677.1500000000001,3496.335,True,True,True,2,618.3915,1010.755,639.1804999999999,7.566,0.0,-2.38,-204.014,3814.41,3600.565,3470.5,2825.44,0.49,4.27,86.77000000000001,-199.98,-199.931,78.47402929261959,0.1185966705431652,4870.2075,4218.9565,4481.254999999999,3464.6205,8.056,4.27,86.77000000000001,-223.85,82.122207609469,0.1012156518551875,0.0,0.0,71.09,2829.71,3470.99,645.0600000000004,0.0,645.0600000000004,-399.911
2026-01-11 07:30:00,341.906,0.0,172.096,41.202,0.0,87.141,0.0,0.0,2856.316,3649.511,79.895,2856.316,0.7826571833870345,793.1950000000002,3498.661,True,True,True,2,654.6769999999999,1001.9135,699.6535,7.566,0.0,-2.365,-203.987,3824.855,3675.52,3494.385,2838.2,0.485,4.29,86.745,-199.98,-199.928,77.22017743588314,0.11671881737615,4940.5355,4330.197,4496.298500000001,3537.8535,8.050999999999998,4.29,86.745,-246.88,81.70222640340279,0.0990735138654782,0.0,0.0,71.54,2842.49,3494.8700000000003,656.1850000000004,0.0,656.1850000000004,-399.908
2026-01-11 08:00:00,347.374,0.0,170.733,41.202,0.0,86.612,0.0,0.0,2777.465,3658.933,84.95,2777.465,0.7590915165705412,881.4679999999998,3423.386,True,True,True,2,707.142,991.1335,792.3205,7.566,0.0,-2.362,-204.024,3827.63,3729.125,3486.78,2815.23,0.475,4.27,86.735,-199.98,-199.922,75.49464765572196,0.1145040309276678,5044.1695,4436.267,4477.9135,3607.5505,8.041,4.27,86.735,-296.595,81.32064376220778,0.0962534224321801,0.0,0.0,71.42999999999999,2819.5,3487.255,671.5499999999997,0.0,671.5499999999997,-399.902
2026-01-11 08:30:00,366.628,0.0,183.489,41.339,0.0,87.02,0.0,0.0,2835.618,3777.814,84.95,2835.618,0.7505975677997911,942.196,3514.094,True,True,True,2,753.105,998.4635,818.6775,7.5985,0.0,-2.0540000000000003,-174.6985,3922.495,3834.245,3498.465,2903.525,1.145,4.74,86.905,-199.98,-199.898,75.72374914659751,0.1235030866279287,5165.28,4587.35,4496.9285,3722.2025,8.743500000000001,4.74,86.905,-306.365,81.14140392635869,0.1032174540561857,0.0,0.0,71.98,2908.265,3499.61,594.94,0.0,594.94,-399.878
2026-01-11 09:00:00,347.297,0.0,171.426,41.202,0.0,86.637,0.0,0.0,2990.56,3908.254,90.5,2990.56,0.7651907987556592,917.694,3637.122,True,True,True,2,798.764,982.1995,799.3845,7.958,0.269,-1.1945,-58.16,4024.34,3987.725,3431.485,3003.755,10.155,13.59,86.99000000000001,-199.98,-199.903,75.33124837767036,0.339935005591594,5247.1515,4786.489,4413.6845,3803.1395,18.113,13.859,86.99000000000001,-358.395,79.46377847626414,0.2886838012559409,0.0,0.0,72.57000000000001,3017.3450000000003,3441.6400000000003,427.73,0.0,427.73,-399.883
2026-01-11 09:30:00,369.717,0.0,184.159,41.339,0.0,86.868,0.0,0.0,2996.222,4052.233,90.5,2996.222,0.7394002269859606,1056.011,3678.305,True,True,True,2,846.591,977.964,774.2025,8.4445,1.3675,-1.1935,-3.6,4196.145,4133.73,3345.585,3095.12,20.36,26.26,86.825,-199.98,-199.906,74.86928784060281,0.6346775789409138,5384.7,4980.321,4323.549,3869.3225,28.8045,27.6275,86.825,-332.735,77.69218704883684,0.5542076699514606,0.0,0.0,72.265,3121.38,3365.945,250.46500000000012,0.0,250.46500000000012,-399.886
2026-01-11 10:00:00,343.114,0.0,254.952,41.27,45.116,86.473,0.0,0.0,3210.933,4225.318,92.13,3210.933,0.7599269451435371,1014.3850000000002,3981.858,True,True,True,2,889.5425,979.239,809.6765,9.1775,2.6625,-1.1945,-3.508,4390.045,4291.365,3510.175,3265.41,31.55,36.965,95.66,-192.26,-199.912,76.09335371464066,0.8610919956507809,5579.891,5180.9075,4489.414000000001,4075.0865,40.7275,39.6275,95.66,-289.845,78.65348151301679,0.7645180225240853,0.0,0.0,73.635,3302.375,3541.7250000000004,244.76500000000036,0.0,244.76500000000036,-392.172
2026-01-11 10:30:00,335.949,0.0,233.149,41.339,41.599,98.254,0.0,0.0,3288.384,4321.852,92.13,3288.384,0.7608738105793535,1033.4679999999998,4038.674,True,True,True,2,922.196,996.655,840.114,10.1325,4.252000000000001,-1.2035,-3.474,4339.594999999999,4372.41,3693.085,3281.7,47.48,44.31,109.68,-76.86500000000001,-182.6,75.05972989430474,1.0131371453037057,5565.075,5294.606,4689.74,4121.814,57.6125,48.562,109.68,-292.795,77.85388672474024,0.9169573088348304,0.0,0.0,74.85499999999999,3326.01,3740.565,411.3850000000002,3.1700000000000017,414.5550000000002,-259.46500000000003
2026-01-11 11:00:00,367.062,0.0,164.701,41.202,5.343,110.821,0.0,0.0,3243.407,4422.45,93.195,3243.407,0.7333959682981154,1179.0429999999997,3932.536,True,True,True,2,952.71,966.7305,828.2545,11.1545,5.349,-1.2155,51.551,4327.115,4472.41,3759.07,3253.815,42.865,43.005,111.165,-0.03,-179.96800000000002,72.75404363481806,0.9615458512428487,5556.459,5425.12,4725.8005,4082.0695,54.0195,48.354,111.165,-320.755,75.24664451540876,0.8912612831647078,0.0,0.0,74.49000000000001,3296.82,3801.935,505.2550000000001,0.0,505.2550000000001,-179.99800000000002
2026-01-11 11:30:00,400.417,0.0,183.824,41.27,9.296,111.662,0.0,0.0,3261.95,4504.08,93.195,3261.95,0.7242211506012326,1242.13,4008.419,True,True,True,2,975.5065,920.5325,783.4135,10.3185,4.8575,-1.227,3.6085,4478.995,4524.96,3723.33,3340.165,47.64,54.335,110.81,-0.02,-179.9835,73.81626639776333,1.2006244043266503,5680.585999999999,5500.4665,4643.862499999999,4123.5785,57.9585,59.1925,110.81,-220.995,74.96780180627478,1.0759439959452344,0.0,0.0,73.595,3394.5,3770.97,383.165,0.0,383.165,-180.0035
2026-01-11 12:00:00,399.743,0.0,181.143,41.339,9.15,110.253,0.0,0.0,3356.219,4550.058,95.79,3356.219,0.7376211468073594,1193.839,4097.847,True,True,True,2,1007.98,939.3615,796.2719999999999,11.0605,6.391,-1.5055,-3.5105,4584.335,4602.42,3839.205,3462.51,59.265,65.55,110.765,-0.02,-179.984,75.23161225009395,1.4240364696433438,5798.405000000001,5610.4,4778.5665,4258.782,70.3255,71.941,110.765,-194.115,75.90876243104492,1.2821154097305494,0.0,0.0,74.635,3528.0600000000004,3898.47,376.6949999999997,0.0,376.6949999999997,-180.00400000000002
2026-01-11 12:30:00,396.001,0.0,178.798,41.061,47.901,111.148,0.0,0.0,3511.998,4641.396,95.79,3511.998,0.7566684678488972,1129.3979999999997,4286.907,True,True,True,2,1031.899,863.4314999999999,756.6895,9.949000000000002,4.308,-2.3635,-13.57,4727.305,4670.635,4064.665,3584.35,43.565,51.445,110.785,-0.02,-179.962,76.74038686359458,1.1018567934603172,5902.45,5702.534,4928.0965,4341.0395,53.514,55.753,110.785,-119.065,76.12277522525002,0.9781973505963732,0.0,0.0,74.39,3635.795,4108.23,480.31500000000005,0.0,480.31500000000005,-179.982
2026-01-11 13:00:00,389.678,0.0,175.782,41.202,47.092,109.812,0.0,0.0,3646.46,4690.172,98.135,3646.46,0.7774682890094436,1043.7119999999995,4410.026,True,True,True,2,1050.9015,864.073,777.9715,8.805499999999999,2.3645,-2.3665000000000003,-21.9385,4788.505,4711.375,4095.6,3609.94,32.27,36.82,110.69,-0.02,-179.9545,76.62325907223013,0.7816223587617039,5971.465,5762.2765,4959.673000000001,4387.9115,41.0755,39.1845,110.69,-99.215,76.14986117900192,0.6800731855787696,0.0,0.0,74.00500000000001,3646.76,4127.870000000001,485.6600000000003,0.0,485.6600000000003,-179.9745
2026-01-11 13:30:00,567.524,0.0,211.346,41.061,46.436,110.871,0.0,0.0,3491.784,4726.577,98.135,3491.784,0.7387553402811379,1234.793,4469.022,True,True,True,2,1024.007,842.7495,768.676,10.1695,4.269500000000001,-2.355,-21.948,4779.52,4710.715,4167.34,3489.78,35.885,31.465,102.245,-0.02,-179.96550000000002,74.0817522525215,0.6678828392571448,5944.4310000000005,5734.722,5010.0895,4258.456,46.0545,35.7345,102.245,-107.79,74.2580684839773,0.6230419593474199,0.0,0.0,72.15499999999999,3521.245,4203.225,677.5600000000004,4.419999999999998,681.9800000000004,-179.98550000000003
2026-01-11 14:00:00,547.753,0.0,201.941,41.48,45.551,99.554,0.0,0.0,3453.175,4685.818,98.97,3453.175,0.7369417676913614,1232.643,4389.454,True,True,True,2,999.1625,912.597,797.0595,10.1455,4.767,-2.376,-21.942,4689.66,4670.495000000001,4124.965,3440.985,32.400000000000006,26.700000000000003,87.965,-0.02,-179.9875,73.67496388159994,0.5716622355198658,5876.609,5669.6575,5037.562,4238.0445,42.5455,31.467,87.965,-156.605,74.74964739606048,0.5549866093687067,0.0,0.0,72.54499999999999,3467.6849999999995,4157.365,683.9800000000005,5.700000000000003,689.6800000000005,-180.00750000000002
2026-01-11 14:30:00,543.155,0.0,197.585,41.339,43.941,86.602,0.0,0.0,3438.615,4659.517,98.97,3438.615,0.7379767044524143,1220.902,4351.237,True,True,True,2,987.9505,924.4035,808.9300000000001,9.799,4.383,-2.3605,-21.944000000000003,4662.5,4665.22,4196.935,3479.96,31.095,24.7,86.94,-0.02,-179.96800000000002,74.59324165498519,0.5294701544970044,5859.3445,5653.1705,5121.3385,4288.889999999999,40.894,29.083,86.94,-178.35,75.86670972334097,0.5144642268734867,0.0,0.0,73.57000000000001,3504.66,4228.03,716.9749999999995,6.395,723.3699999999994,-179.98800000000003
2026-01-11 15:00:00,517.356,0.0,171.426,41.061,5.488,87.187,0.0,0.0,3524.667,4685.535,101.515,3524.667,0.7522443008108999,1160.868,4347.185,True,True,True,2,993.6985,953.3295,835.2785,8.471,1.8955,-2.3405,-21.936,4688.745,4710.49,4259.945,3552.56,24.285,19.82,86.93,-0.02,-179.95850000000002,75.41804642196692,0.4208378508488515,5910.6445,5704.1885,5213.2745,4387.8385,32.756,21.7155,86.93,-197.84,76.92280932820186,0.380787101447523,0.0,0.0,74.435,3572.38,4284.23,707.3849999999998,4.465,711.8499999999998,-179.97850000000005
2026-01-11 15:30:00,513.098,0.0,164.031,41.061,5.412,87.299,0.0,0.0,3556.855,4720.814,101.515,3556.855,0.7534410379226972,1163.9590000000003,4367.756,True,True,True,2,1007.468,1025.1825,841.6075,7.6685,0.7925,-1.973,-19.497,4727.81,4745.955,4331.88,3593.28,16.58,12.015,86.975,-0.02,-179.9855,75.71210203471159,0.2532839650829827,5958.621999999999,5753.423,5357.0625,4434.8875,24.2485,12.8075,86.975,-195.025,77.08271258670257,0.2227438829473439,0.0,0.0,74.47500000000001,3605.295,4348.46,738.6000000000004,4.564999999999998,743.1650000000004,-180.0055
2026-01-11 16:00:00,524.758,0.0,164.031,41.202,20.353,86.974,0.0,0.0,3605.244,4766.938,106.995,3605.244,0.7563018440768476,1161.694,4442.562,True,True,True,2,1051.989,1060.167,840.9965,7.204000000000001,0.0,-1.9675,-64.321,4897.575000000001,4843.545,4287.65,3640.275,4.175,5.109999999999999,86.995,-0.015,-179.9715,75.15775123776854,0.1056465542585274,6143.781000000001,5895.534,5347.817,4481.271500000001,11.379,5.109999999999999,86.995,-121.525,76.01312760560249,0.0868234609076402,0.0,0.0,73.785,3645.385,4291.825,647.375,0.0,647.375,-179.98649999999998
2026-01-11 16:30:00,552.672,0.0,175.447,41.202,68.397,86.865,0.0,0.0,3671.956,4914.766,106.995,3671.956,0.7471273301719757,1242.8099999999995,4596.539000000001,True,True,True,2,1117.1355,1107.2645,862.0319999999999,7.083,0.0,-2.21,-21.774,5032.9,4979.08,4321.635,3670.775,4.38,3.775,87.1,-0.02,-179.9895,73.72721355146221,0.0758324092270036,6296.919,6096.2155,5428.8995,4532.807,11.463,3.775,87.1,-115.725,74.35803563325902,0.0619375502001483,0.0,0.0,73.105,3674.55,4326.015,650.8600000000001,0.6049999999999995,651.4650000000001,-180.0095
2026-01-11 17:00:00,532.634,0.0,165.707,41.202,181.42,87.278,0.0,0.0,3649.199,5035.357,108.335,3649.199,0.7247150499954621,1386.158,4657.4400000000005,True,True,True,2,1154.8275,1107.1844999999998,861.75,7.083,0.0,-2.53,-16.8395,5189.094999999999,5099.215,4346.66,3685.185,1.65,3.765,87.045,-0.02,-179.959,72.27003980541033,0.0738323543410749,6447.391,6254.0425,5453.844499999999,4546.935,8.733,3.765,87.045,-77.325,72.70464332844054,0.0601989661897223,0.0,0.0,72.67999999999999,3688.95,4348.31,661.4749999999999,0.0,661.4749999999999,-179.979
2026-01-11 17:30:00,578.492,0.0,171.761,41.27,216.653,86.982,0.0,0.0,3682.497,5130.311,108.335,3682.497,0.7177921572395903,1447.814,4777.655,True,True,True,2,1147.757,1100.3919999999998,856.6495,7.083,0.0,-2.206,-29.201,5238.32,5139.030000000001,4333.71,3681.705,0.565,4.32,86.97999999999999,-0.02,-179.96699999999998,71.64188571923438,0.0840639417870574,6491.298499999999,6286.787,5434.102000000001,4538.3545,7.648000000000001,4.32,86.97999999999999,-65.36,72.18873612208034,0.0687178840781341,0.0,0.0,72.42,3686.025,4334.275,652.0050000000001,0.0,652.0050000000001,-179.987
2026-01-11 18:00:00,547.665,0.0,169.728,41.339,235.33,87.114,0.0,0.0,3660.795,5134.973,104.39,3660.795,0.7129141672215219,1474.178,4741.971,True,True,True,2,1107.064,1098.1205,858.3595,7.083,0.0,-1.867,-16.841,5121.085,5078.895,4297.555,3634.37,0.855,4.37,86.83500000000001,-0.02,-179.9535,71.5580398092454,0.0860454685330838,6376.4915,6185.959,5395.6755,4492.7295,7.938000000000001,4.37,86.83500000000001,-121.175,72.62874565040572,0.0706470949484669,0.0,0.0,71.265,3638.74,4298.41,663.1850000000004,0.0,663.1850000000004,-179.9735
2026-01-11 18:30:00,533.816,0.0,165.372,41.202,293.704,86.691,0.0,0.0,3611.035,5039.511,104.39,3611.035,0.7165447203111571,1428.4760000000006,4731.82,True,True,True,2,1066.985,1099.354,859.4745,7.083,0.0,-1.9635,35.4165,4953.344999999999,4993.754999999999,4276.865,3571.175,4.63,4.35,86.73,-0.02,-179.966,71.51515314002724,0.0871120983573091,6195.720499999999,6060.74,5376.219,4430.6495,11.713,4.35,86.73,-202.8,73.10699650622712,0.0717769405880324,0.0,0.0,71.97500000000001,3575.525,4281.495,705.6899999999996,0.2800000000000002,705.9699999999996,-179.98600000000002
2026-01-11 19:00:00,490.451,0.0,163.696,41.202,222.948,87.117,0.0,0.0,3580.606,4953.776,96.035,3580.606,0.7228033726191899,1373.1699999999996,4586.02,True,True,True,2,1020.665,1101.1895,856.537,7.083,0.0,-1.8735,-23.579,4881.52,4908.745000000001,4234.469999999999,3561.36,2.72,4.37,86.74000000000001,-0.02,-179.9485,72.5516886201204,0.0890279752980148,6126.139,5929.41,5335.6595,4417.897,9.803,4.37,86.74000000000001,-191.87,74.50939762739627,0.0737035059401086,0.0,0.0,72.09,3565.73,4237.19,673.1099999999997,0.0,673.1099999999997,-179.9685
2026-01-11 19:30:00,480.939,0.0,165.707,40.92,151.902,86.906,0.0,0.0,3520.516,4838.71,96.035,3520.516,0.7275732581617828,1318.194,4446.89,True,True,True,2,986.8455,1090.4205000000002,846.9865,7.083,0.0,-1.839,-17.1195,4762.0,4798.110000000001,4229.895,3512.585,0.6000000000000001,4.355,86.995,-0.02,-179.964,73.2088458090429,0.0907673345355325,5983.7845,5784.9555,5320.315500000001,4359.5715,7.683,4.355,86.995,-209.115,75.36144261095504,0.0752837805826633,0.0,0.0,72.805,3516.94,4230.495000000001,717.3100000000004,0.0,717.3100000000004,-179.984
2026-01-11 20:00:00,387.07,0.0,164.366,41.339,152.634,86.776,0.0,0.0,3527.928,4743.306,91.58,3527.928,0.7437698516604242,1215.3779999999997,4360.112999999999,True,True,True,2,953.307,1092.1355,842.3985,7.083,0.0,-1.883,-17.124000000000002,4620.360000000001,4702.610000000001,4220.735000000001,3523.2650000000003,0.56,4.355,86.575,-0.02,-179.936,74.92179363118994,0.0926114733494111,5854.2295,5655.917,5312.8705,4365.663500000001,7.643000000000001,4.355,86.575,-255.215,77.18884956198018,0.0770024961127697,0.0,0.0,74.5,3527.6200000000003,4221.295000000001,697.4700000000003,0.0,697.4700000000003,-179.95600000000002
2026-01-11 20:30:00,348.788,0.0,176.452,41.13,65.101,86.918,0.0,0.0,3457.556,4640.754,91.58,3457.556,0.7450418617319513,1183.198,4175.945,True,True,True,2,910.3035,1090.111,837.5735,7.083,0.0,-1.883,-17.127000000000002,4482.525,4582.865,4218.33,3409.235,0.565,4.345,86.81,-0.015,-179.97750000000002,74.39242402136965,0.0948147748202879,5720.019499999999,5493.1685,5308.441,4246.808499999999,7.648,4.345,86.81,-302.36,77.31333244557734,0.0791037683609278,0.0,0.0,74.16499999999999,3413.5799999999995,4218.895,809.0950000000003,0.0,809.0950000000003,-179.9925
2026-01-11 21:00:00,362.746,0.0,168.722,60.399,61.446,87.198,0.0,0.0,3362.716,4504.483,86.53,3362.716,0.7465265159175869,1141.7670000000005,4103.227,True,True,True,2,866.8165,1077.473,817.122,7.083,0.0,-1.8625,-21.041,4392.955,4468.83,4156.1,3347.95,0.545,4.33,86.81,-0.015,-179.983,74.92149740735414,0.0968958390946163,5615.842000000001,5335.6465,5233.573,4165.072,7.628,4.33,86.81,-326.74,78.06453177187723,0.0811557250947675,0.0,0.0,74.07999999999998,3352.28,4156.645,808.1500000000005,0.0,808.1500000000005,-179.998
2026-01-11 21:30:00,360.253,0.0,163.361,60.326,0.0,86.888,0.0,0.0,3337.462,4402.8,86.53,3337.462,0.7580317070954846,1065.3380000000002,4008.29,True,True,True,2,816.185,1075.008,782.6115,7.083,0.0,-2.212,-52.4235,4263.23,4314.96,4179.45,3276.92,0.555,4.335,80.53,-0.025,-179.9755,75.9456197007513,0.1004816666815915,5442.43,5131.145,5254.4580000000005,4059.5315,7.638,4.335,80.53,-301.63,79.1197527718245,0.0845007627972193,0.0,0.0,74.47,3281.255,4180.005,902.5299999999996,0.0,902.5299999999996,-180.00050000000002
2026-01-11 22:00:00,369.61,0.0,168.387,60.326,0.0,78.316,0.0,0.0,3199.111,4223.354,71.765,3199.111,0.7574811393977392,1024.2430000000004,3875.75,True,True,True,2,761.4815000000001,1050.9735,774.9784999999999,7.083,0.0,-2.3425,-162.869,4157.754999999999,4136.155000000001,4147.469999999999,3176.965,0.54,4.345000000000001,78.4,-73.125,-179.94299999999998,76.81462565734938,0.1050649677150529,5326.397999999999,4897.6365000000005,5198.443499999999,3951.9435,7.623,4.345000000000001,78.4,-233.92,80.69847932330936,0.0887322100787309,0.0,0.0,74.105,3181.31,4148.009999999999,970.5049999999992,0.0,970.5049999999992,-253.068
2026-01-11 22:30:00,354.541,0.0,164.366,60.326,0.0,78.39,0.0,0.0,3122.207,4044.548,71.765,3122.207,0.7719544928135357,922.341,3779.83,True,True,True,2,707.6659999999999,1044.174,735.8330000000001,7.083,0.0,-2.292,-56.7505,3996.95,3976.78,4090.35,3066.385,0.56,4.355,78.28999999999999,-176.82,-180.10700000000003,77.10761225090748,0.1095229233062678,5109.432000000001,4684.446,5134.523999999999,3802.218,7.643000000000001,4.355,78.28999999999999,-340.07500000000005,81.16149422791439,0.0929813982894952,42.43000000000029,0.8311062115738306,74.32000000000001,3070.74,4090.91,1023.9649999999996,0.0,1023.9649999999996,-356.927
2026-01-11 23:00:00,329.413,0.0,164.366,41.27,0.0,78.487,0.0,0.0,3061.134,3901.269,64.73,3061.134,0.7846508405341954,840.1349999999998,3674.67,True,True,True,2,643.9295,1035.618,603.456,7.083,0.0,1.866,-75.6345,4109.965,3989.185,3962.465,3154.03,0.535,4.35,78.285,-199.505,-199.326,79.06682747695002,0.1090481242528084,5117.1025,4633.1145,4998.083,3757.486,7.618,4.35,78.285,-282.88,81.10499216859978,0.0938947021561515,0.0,0.0,73.46000000000001,3158.38,3963.0,808.435,0.0,808.435,-398.831
2026-01-11 23:30:00,344.026,0.0,173.771,41.27,0.0,78.18,0.0,0.0,3152.832,3935.303,64.73,3152.832,0.801166263436386,782.471,3790.079,True,True,True,2,600.4449999999999,1005.57,601.432,7.083,0.0,-2.404,-194.4805,4181.24,3872.38,3855.62,3229.525,0.55,4.34,78.16,-199.985,-199.947,83.41319278756559,0.1120831754758716,5189.3505000000005,4472.825,4861.1900000000005,3830.957,7.633000000000001,4.34,78.16,-203.435,85.66530762941476,0.0970387519127268,0.0,0.0,73.735,3233.865,3856.17,626.0950000000003,0.0,626.0950000000003,-399.932
2026-01-12 00:00:00,350.143,0.0,175.447,41.548,0.0,78.633,0.0,0.0,3259.548,3803.941,59.735,3259.548,0.8568871073447248,544.393,3905.319,True,True,True,2,572.229,995.09,599.9145,7.083,0.0,-2.5315000000000003,-204.09,4207.0,3809.085,3827.965,3247.365,0.54,4.365,78.325,-199.98,-199.98,85.25345832074453,0.1145937727532946,5215.308,4381.314,4823.055,3847.2795,7.623,4.365,78.325,-222.65,87.81191434782201,0.0996272433876329,0.0,0.0,73.685,3251.73,3828.505,580.6000000000004,0.0,580.6000000000004,-399.96
2026-01-12 00:30:00,340.887,0.0,171.426,41.202,0.0,78.771,0.0,0.0,3226.619,3769.843,59.735,3226.619,0.8559027524488421,543.2239999999997,3858.905,True,True,True,2,553.8510000000001,966.0145,594.1685,7.083,0.0,-2.4955,-204.0945,4113.7,3714.855,3820.59,3186.055,0.53,4.32,78.36000000000001,-199.98,-199.953,85.76488297532843,0.1162956114925662,5102.9305,4268.706,4786.6045,3780.2235,7.612999999999999,4.32,78.36000000000001,-222.69,88.55732919606896,0.1012069553116619,0.0,0.0,73.975,3190.375,3821.12,634.5350000000003,0.0,634.5350000000003,-399.933
2026-01-12 01:00:00,322.944,0.0,164.701,41.202,0.0,78.469,0.0,0.0,3151.263,3677.776,57.5,3151.263,0.8568392963573638,526.5129999999999,3758.579,True,True,True,2,576.413,971.3375,599.827,7.083,0.0,-4.419499999999999,-204.1175,4054.805,3634.57,3729.69,3127.6,0.56,4.375,78.59,-199.98,-199.968,86.05127218835929,0.1203802320557701,5050.592500000001,4210.983,4701.0275,3727.427,7.643000000000001,4.375,78.59,-203.455,88.51653966591002,0.1038990654429648,0.0,0.0,73.70000000000002,3131.975,3730.25,602.0900000000001,0.0,602.0900000000001,-399.948
2026-01-12 01:30:00,328.465,0.0,168.722,41.061,0.0,78.318,0.0,0.0,3103.758,3604.586,57.5,3103.758,0.8610581076439846,500.828,3720.324,True,True,True,2,572.156,983.7825,598.5245,7.083,0.0,-5.2065,-193.1815,3986.85,3577.6400000000003,3720.96,3073.24,0.56,4.359999999999999,78.235,-199.98,-199.9655,85.9006605004598,0.1218704469209301,4975.489,4149.796,4704.7425,3671.7645,7.643000000000001,4.359999999999999,78.235,-210.37,88.48010456517916,0.1050676196518736,0.0,0.0,73.705,3077.6,3721.52,647.7200000000003,0.0,647.7200000000003,-399.9455
2026-01-12 02:00:00,324.017,0.0,166.377,41.061,0.0,78.957,0.0,0.0,3046.278,3571.859,51.5,3046.278,0.8528550539089028,525.5810000000001,3656.69,True,True,True,2,573.653,982.343,598.9704999999999,7.083,0.0,-11.5995,-75.807,3979.225,3648.36,3564.83,3043.615,0.57,4.359999999999999,78.405,-199.98,-199.9505,83.42261838532774,0.1195051489809295,4977.043000000001,4222.013,4547.173,3642.5855,7.653,4.359999999999999,78.405,-330.185,86.27495464092132,0.1032678263060409,0.0,0.0,73.085,3047.975,3565.4,521.2150000000001,0.0,521.2150000000001,-399.9305
2026-01-12 02:30:00,336.323,0.0,175.112,41.27,0.0,78.781,0.0,0.0,2996.609,3631.716,51.5,2996.609,0.8251220635093713,635.107,3628.095,True,True,True,2,559.626,957.1585,524.59,7.083,0.0,-18.6535,-3.5405,3945.03,3614.045,3399.655,3006.6450000000004,0.575,4.385,78.44,-199.985,-199.966,83.19294958861742,0.1213345899904735,4869.2435000000005,4173.671,4356.8135,3531.2350000000006,7.658,4.385,78.44,-336.505,84.60658035392493,0.1050665587005046,0.0,0.0,72.41,3011.0300000000007,3400.23,393.0099999999993,0.0,393.0099999999993,-399.951
2026-01-12 03:00:00,343.188,0.0,175.112,41.27,0.0,78.79,0.0,0.0,3009.162,3595.8,48.39,3009.162,0.8368546637744034,586.6380000000004,3647.522,True,True,True,2,551.471,936.749,507.7905,7.083,0.0,-24.2185,-45.471500000000006,3944.885,3573.3100000000004,3265.25,2937.915,0.585,4.385,78.46000000000001,-126.885,-199.96,82.21170366301635,0.122719433041943,4857.526,4124.781000000001,4201.999,3445.7055,7.668,4.385,78.46000000000001,-283.85,83.53160212583306,0.1063114862418809,0.0,0.0,70.82,2942.3,3265.835,327.33500000000004,0.0,327.33500000000004,-326.845
2026-01-12 03:30:00,315.181,0.0,165.372,41.202,0.0,78.626,0.0,0.0,2809.336,3530.47,48.39,2809.336,0.7957399439734653,721.134,3409.717,True,True,True,2,546.501,931.4805,509.2155,7.083,0.0,-14.148,-4.077500000000001,3725.825,3507.71,3104.54,2732.795,0.595,4.36,78.395,-8.99,-199.959,77.90580651046075,0.1242990157983514,4614.5725,4054.211,4036.0205,3242.0105000000003,7.678,4.36,78.395,-316.615,79.96472215072679,0.107543521910301,0.0,0.0,70.19999999999999,2737.155,3105.135,371.7449999999999,0.0,371.7449999999999,-208.949
2026-01-12 04:00:00,305.096,0.0,164.366,41.202,0.0,78.317,0.0,0.0,2630.702,3471.406,56.005,2630.702,0.7578203183378724,840.7039999999997,3219.683,True,True,True,2,548.672,927.4925,508.6725,7.083,0.0,2.9160000000000004,-15.629,3605.18,3486.545,3017.38,2621.94,0.57,4.375,78.405,-0.02,-199.9765,75.20156581326376,0.1254822027885294,4485.4575,4035.217,3944.8725,3130.6125,7.653,4.375,78.405,-311.67,77.58224674437658,0.1084204166440647,0.0,0.0,69.75500000000001,2626.315,3017.9500000000003,395.44000000000005,0.0,395.44000000000005,-199.9965
2026-01-12 04:30:00,336.234,0.0,164.366,41.339,0.0,78.632,0.0,0.0,2616.206,3476.785,56.005,2616.206,0.752478511038215,860.5789999999997,3236.777,True,True,True,2,550.8935,917.367,505.23,7.083,0.0,-2.7455,-47.0165,3600.5,3466.8450000000003,2923.94,2627.655,0.58,4.41,78.41999999999999,-0.02,-199.9575,75.7945931994524,0.1272067990698951,4498.575000000001,4017.7385,3841.307,3132.885,7.663,4.41,78.41999999999999,-289.66,77.97673105521919,0.1097641393527553,0.0,0.0,69.57,2632.065,2924.52,296.2850000000003,0.0,296.2850000000003,-199.9775
2026-01-12 05:00:00,412.197,0.0,177.457,41.202,0.0,79.028,0.0,0.0,2630.392,3468.942,64.705,2630.392,0.7582692359803075,838.5500000000002,3340.276,True,True,True,2,587.2185,921.2245,649.0364999999999,7.083,0.0,-2.4985,-178.954,3638.01,3515.54,2822.95,2569.27,0.595,4.405,78.48,-0.025,-199.9645,73.0840595687145,0.1253034097088106,4694.41,4102.7585,3744.1745,3218.3065,7.678,4.405,78.48,-279.045,78.43977028446734,0.1073707052055569,0.0,0.0,68.54,2573.675,2823.545,253.67999999999984,0.0,253.67999999999984,-199.9895
2026-01-12 05:30:00,391.512,0.0,168.052,41.202,0.0,78.231,0.0,0.0,2601.347,3555.735,64.705,2601.347,0.731591921220226,954.388,3280.344,True,True,True,2,634.6995,893.0095,717.2180000000001,7.083,0.0,-2.4285,-185.498,3659.35,3605.275,2776.085,2524.335,0.575,4.4,78.545,-0.02,-199.978,70.02663208491902,0.1220460337976324,4787.1075,4239.9745,3669.0945,3241.553,7.657999999999999,4.4,78.545,-297.47,76.46774275012838,0.1037790999805424,0.0,0.0,67.655,2528.735,2776.66,251.75,0.0,251.75,-199.998
2026-01-12 06:00:00,432.145,0.0,244.542,41.339,0.0,78.671,0.0,0.0,2487.773,3681.83,93.18,2487.773,0.675689263219649,1194.0569999999998,3284.4700000000003,True,True,True,2,715.2375,853.7175,702.384,7.083,0.0,-2.4215,-128.6485,3831.6,3824.825,2653.96,2473.295,0.595,4.390000000000001,78.63499999999999,-0.02,-199.9875,64.6710834940701,0.1147969063287742,4948.5380000000005,4540.0625,3507.6775,3175.679,7.678000000000001,4.390000000000001,78.63499999999999,-261.405,69.954141357275,0.0967176989304403,0.0,0.0,64.155,2477.685,2654.555,180.665,0.0,180.665,-200.0075
2026-01-12 06:30:00,557.854,0.0,271.058,41.412,0.0,79.156,0.0,0.0,2535.417,3933.802,93.18,2535.417,0.644520746087373,1398.3850000000002,3484.897,True,True,True,2,808.7964999999999,826.24,743.0045,7.083,0.0,-2.399,-82.1785,4012.06,4056.995,2624.295,2503.455,0.58,4.395,78.6,-0.025,-147.973,61.73491603819732,0.1083451816709057,5134.5375,4865.7915,3450.535,3246.4595,7.663,4.395,78.6,-220.36,66.75682146749453,0.0903420342044683,0.0,0.0,63.215,2507.85,2624.875,120.84000000000016,0.0,120.84000000000016,-147.99800000000002
2026-01-12 07:00:00,671.04,0.0,311.314,41.339,0.0,78.59,0.0,0.0,2449.795,4206.877,101.475,2449.795,0.5823310260794409,1757.0820000000003,3552.078,True,True,True,2,933.7605,777.4215,717.2465,7.083,0.0,-2.415,5.4535,4210.1,4406.549999999999,2501.61,2394.775,0.565,4.415,78.74000000000001,-0.02,-18.3215,54.3640047922669,0.1002302025696513,5354.0925,5340.3105,3279.0315,3112.0215,7.648,4.415,78.74000000000001,-202.325,58.30318085477491,0.0827137001224782,0.0,0.0,58.26,2399.19,2502.175,106.83500000000004,0.0,106.83500000000004,-18.3415
2026-01-12 07:30:00,992.211,0.0,383.447,50.696,0.0,78.691,0.0,0.0,2361.631,4545.705,101.475,2361.631,0.5195301938863168,2184.074,3866.676,True,True,True,2,1035.4775,767.2025000000001,685.7139999999999,7.083,0.0,-2.3365,-3.3505000000000003,4540.1900000000005,4690.450000000001,2396.28,2332.565,0.605,4.43,78.995,-0.025,57.5415,49.74075672539714,0.0944665863557149,5674.2045,5725.9275,3163.4825,3018.279,7.688000000000001,4.43,78.995,-79.71000000000001,52.73030435382093,0.0773853826684891,0.0,0.0,53.790000000000006,2336.995,2396.885,63.71499999999969,0.0,63.71499999999969,57.5165
2026-01-12 08:00:00,1314.047,0.0,384.452,60.326,0.0,78.403,0.0,0.0,2338.971,4748.437,100.515,2338.971,0.492577031136772,2409.466,4176.1990000000005,True,True,True,2,1092.9765,765.9665,658.963,7.083,0.0,-2.3625,-3.3585000000000003,4745.84,4814.8150000000005,2440.095,2359.985,0.585,4.425000000000001,78.41999999999999,-0.02,10.5635,49.01489268479855,0.0919031297776319,5902.6045,5907.7915,3206.0615,3018.9480000000003,7.668000000000001,4.425000000000001,78.41999999999999,-42.665,51.100167201626135,0.0749005256892039,0.0,0.0,51.405,2364.4100000000003,2440.68,80.10999999999967,0.0,80.10999999999967,10.5435
2026-01-12 08:30:00,1324.354,0.0,411.952,50.136,5.564,78.774,0.0,0.0,2332.215,4799.711,100.515,2332.215,0.4859073806735447,2467.496,4202.995,True,True,True,2,1115.3405,769.3805,679.8030000000001,7.189500000000001,0.0635,-2.3315,-3.334,4694.094999999999,4807.715,2338.15,2274.2,4.1,8.355,78.71000000000001,-0.015,-0.0065,47.30641804175001,0.1735407214995227,5927.6135,5923.0555,3107.5305,2954.003,11.2895,8.4185,78.71000000000001,-97.32,49.87634892868472,0.1419205092014855,0.0,0.0,50.13999999999999,2282.555,2342.25,63.95000000000027,0.0,63.95000000000027,-0.0215
2026-01-12 09:00:00,1352.936,0.0,411.282,50.273,10.104,78.3,0.0,0.0,2288.984,4855.04,96.55,2288.984,0.4714655286053256,2566.056,4191.879,True,True,True,2,1148.21,730.1835,663.2785,7.4815,3.5415,-2.386,-3.3995,4752.08,4905.125,2426.1,2325.53,26.165,32.665,78.41,-0.02,51.8755,47.41120947733576,0.6653450901495248,6007.3945,6053.335,3156.2835,2988.8085,33.6465,36.2065,78.41,-86.41499999999999,49.37582524141683,0.5975235398737584,0.0,0.0,50.970000000000006,2358.195,2452.265,100.56999999999972,0.0,100.56999999999972,51.8555
2026-01-12 09:30:00,1348.354,0.0,409.941,50.273,10.47,78.381,0.0,0.0,2263.643,4932.357,96.55,2263.643,0.4589373802423466,2668.714,4161.062,True,True,True,2,1155.098,695.3385000000001,651.3,8.9225,6.050000000000001,-2.4905,-3.4845,4703.695,4923.225,2290.59,2220.455,53.775,56.77,78.13,-0.02,122.4865,45.1015345590193,1.1531404077486755,5959.4335,6078.323,2985.9285,2871.755,62.697500000000005,62.82,78.13,-79.93,47.24574082168639,1.0335321753310984,0.0,0.0,50.545,2277.225,2344.365,70.13500000000022,0.0,70.13500000000022,122.4665
2026-01-12 10:00:00,1344.413,0.0,406.59,50.623,10.394,77.823,0.0,0.0,2229.916,4927.898,93.93,2229.916,0.4525085543572533,2697.982,4119.759,True,True,True,2,1147.2424999999998,652.8325,621.4515,14.356,11.2895,-2.4935,-3.5085,4667.875,4934.96,2335.355,2260.6850000000004,79.265,79.845,68.115,-0.02,180.4885,45.80963361811624,1.6180411804041634,5904.898999999999,6082.202499999999,2988.1875,2882.1365,93.621,91.1345,68.115,-68.39,47.38639116088513,1.498590900551498,0.0,0.0,52.17,2340.53,2414.62,74.66999999999962,0.0,74.66999999999962,180.4685
2026-01-12 10:30:00,1359.539,0.0,383.447,60.189,6.297,54.875,0.0,0.0,2235.701,4926.725,93.93,2235.701,0.4537904997741907,2691.0240000000003,4100.048,True,True,True,2,1142.835,625.2685,594.924,15.82,12.983,-2.499,-3.513,4619.095,4898.675,2256.75,2213.31,90.5,111.57,54.46,-0.03,165.97,45.181973884824906,2.277800731725633,5876.8765,6041.51,2882.0185,2808.234,106.32,124.553,54.46,-94.025,46.48225194142302,2.0617549842176763,0.0,0.0,51.685,2324.88,2347.25,43.440000000000055,0.0,43.440000000000055,165.94
2026-01-12 11:00:00,1365.405,0.0,369.016,78.484,5.488,54.241,0.0,0.0,2250.661,4890.202,92.935,2250.661,0.4602388612985721,2639.541,4123.295,True,True,True,2,1140.2515,591.3825,597.8185000000001,17.89,15.6995,-2.4175,-3.525,4591.889999999999,4897.015,2322.085,2247.165,108.695,119.105,54.645,-0.02,199.9605,45.88777435440866,2.432323323126607,5842.6795,6037.266500000001,2913.4675,2844.9835000000003,126.585,134.8045,54.645,-89.42500000000001,47.12312759046793,2.232992954617264,0.0,0.0,53.05,2366.27,2430.78,74.92000000000007,0.0,74.92000000000007,199.9405
2026-01-12 11:30:00,1339.678,0.0,279.436,70.734,5.565,54.328,0.0,0.0,2229.067,4877.718,92.935,2229.067,0.4569897234731487,2648.651,3978.808,True,True,True,2,1137.1135,565.5965,580.133,28.1965,24.339,-2.0565,-3.5175,4551.719999999999,4887.0650000000005,2436.44,2330.89,147.805,148.0,55.33,-0.02,241.956,47.69630304678254,3.0286010932179024,5783.1955,6024.1785,3002.0365,2911.023,176.00150000000002,172.339,55.33,-74.235,48.32319711750583,2.861056428369137,0.0,0.0,55.74,2478.89,2584.245,105.55000000000018,0.0,105.55000000000018,241.936
2026-01-12 12:00:00,1307.894,0.0,229.463,77.924,5.267,55.9,0.0,0.0,2396.594,4861.256,92.615,2396.594,0.4929989286719317,2464.6620000000003,4073.042,True,True,True,2,1138.967,521.2055,536.5505,28.094,25.9465,-2.0505,-3.52,4621.125,4872.185,2488.345,2405.115,235.25,211.14,55.56,-0.02,193.687,49.36367865868473,4.334075436791841,5821.001,6011.152,3009.5505,2941.6655,263.344,237.0865,55.56,-39.735,48.936865253661935,3.944047953470135,0.0,0.0,56.86,2616.255,2723.595,83.23000000000002,24.110000000000014,107.34000000000005,193.667
2026-01-12 12:30:00,1327.459,0.0,213.356,79.044,0.0,56.201,0.0,0.0,2399.65,4865.858,92.615,2399.65,0.4931607128691384,2466.208,4075.71,True,True,True,2,1141.009,476.4,492.3785,25.738,22.389,-1.9505,-3.5570000000000004,4659.629999999999,4863.469999999999,2384.92,2335.0950000000003,187.43,215.925,55.83,-0.02,183.9145,48.013007314864375,4.439684483617579,5824.4115,6004.478999999999,2861.32,2827.4735,213.168,238.314,55.83,-1.845,47.08954660821088,3.9689235757397023,0.0,0.0,54.73999999999999,2551.0200000000004,2572.35,49.82499999999982,0.0,49.82499999999982,183.8945
2026-01-12 13:00:00,1363.602,0.0,190.883,41.48,0.0,55.601,0.0,0.0,2404.975,4839.44,93.04,2404.975,0.496953159869737,2434.465,4056.541,True,True,True,2,1129.8335,450.5235,466.051,14.3145,11.199,-1.503,-3.5385,4789.13,4849.4,2613.715,2517.085,183.465,183.12,55.605,-0.02,90.94,51.90563662626364,3.776031840874768,5891.564,5979.233499999999,3064.2385000000004,2983.136,197.7795,194.319,55.605,49.38,49.89247523653269,3.249695127274824,0.0,0.0,55.23,2700.205,2797.1800000000003,96.63000000000012,0.3449999999999988,96.97500000000012,90.92
2026-01-12 13:30:00,1328.638,0.0,179.132,41.202,0.0,56.755,0.0,0.0,2615.263,4839.628,93.04,2615.263,0.5403851287743604,2224.365,4220.99,True,True,True,2,1130.468,441.1545,455.9425,9.771,5.591,-1.5099999999999998,-3.5455,4775.375,4819.42,2727.4350000000004,2631.69,163.16,170.84,59.125,-0.025,85.84299999999999,54.60610360758085,3.545777566274088,5870.8435,5949.888000000001,3168.5895,3087.6325,172.93099999999998,176.431,59.125,57.97,51.89384099054107,2.965794044630714,0.0,0.0,56.68500000000001,2802.53,2890.5950000000003,95.74500000000036,0.0,95.74500000000036,85.81799999999998
2026-01-12 14:00:00,1295.596,0.0,164.031,41.412,0.0,73.37,0.0,0.0,2585.959,4772.785,96.035,2585.959,0.5418134275899711,2186.826,4160.368,True,True,True,2,1135.085,450.531,460.9065,8.714,5.244999999999999,-1.5145,-3.5425,4633.375,4782.195,2664.195,2582.19,165.01999999999998,169.45,77.73,-0.02,192.13,53.99604925040191,3.5439376291832123,5737.3205,5917.280000000001,3114.726000000001,3043.0965,173.73399999999998,174.695,77.73,53.86,51.42717809706563,2.952719586591664,0.0,0.0,58.425,2751.6399999999994,2829.215,82.00500000000056,0.0,82.00500000000056,192.11
2026-01-12 14:30:00,1146.941,0.0,164.031,41.13,0.0,77.462,0.0,0.0,2603.511,4793.199,96.035,2603.511,0.5431677257714524,2189.688,4033.075,True,True,True,2,1128.9475,462.76700000000005,474.583,8.682500000000001,5.659000000000001,-1.532,-3.5265,4569.45,4830.435,2653.715,2599.0950000000003,99.635,112.24,77.825,-0.02,278.2335,53.806000225312346,2.324684097095709,5698.970499999999,5959.3825,3116.482,3073.678,108.3175,117.899,77.825,22.87,51.57611473106507,1.9790220467921376,0.0,0.0,58.64499999999999,2711.335,2753.3500000000004,54.61999999999989,0.0,54.61999999999989,278.2135
2026-01-12 15:00:00,1166.247,0.0,164.366,41.339,0.0,78.122,0.0,0.0,2649.826,4896.336,102.895,2649.826,0.5411854905382311,2246.51,4099.9,True,True,True,2,1137.03,463.0345,471.1255,10.069,7.477,-1.5325,14.6295,4780.45,4921.165,2714.415,2649.675,62.36,77.345,78.005,1.935,163.39,53.84191612782541,1.5721392090901378,5906.8905,6058.195,3177.4495,3120.8005000000003,72.429,84.822,78.005,15.54,51.51381951631306,1.4005649609147628,0.0,0.0,55.895,2727.02,2776.775,64.73999999999978,0.0,64.73999999999978,165.325
2026-01-12 15:30:00,1224.214,0.0,171.068,50.345,19.255,79.175,0.0,0.0,2642.735,4960.123,102.895,2642.735,0.5327962633184702,2317.3879999999995,4186.792,True,True,True,2,1165.326,407.749,421.2125,6.272,3.068,-1.5219999999999998,144.816,4782.46,5009.584999999999,2573.17,2509.92,36.605,42.52,78.08,99.195,81.051,50.10457062072876,0.8488691058716149,5853.3505000000005,6174.911,2980.919,2931.1325,42.877,45.588,78.08,-31.67,47.47118195562544,0.7384622990362583,0.0,0.0,53.34,2552.44,2609.775,63.25,0.0,63.25,180.246
2026-01-12 16:00:00,1354.695,0.0,274.074,50.273,20.72,77.487,0.0,0.0,2407.574,5024.261,134.305,2407.574,0.4791896758548172,2616.6870000000004,4184.823,True,True,True,2,1210.3105,393.366,414.2425,4.162,0.2334999999999999,-1.524,223.8945,4805.045,5106.885,2433.61,2361.57,13.135,21.125,87.905,249.19,-3.5075,46.25103484177572,0.4145474897833553,5856.6605,6317.1955,2826.976,2775.8125,17.296999999999997,21.3585,87.905,-47.14,43.949272659139424,0.3389092207967926,0.0,0.0,51.52,2382.695,2446.745,72.03999999999996,0.0,72.03999999999996,245.6825
2026-01-12 16:30:00,1350.358,0.0,365.665,41.202,20.422,89.682,0.0,0.0,2319.646,5183.15,134.305,2319.646,0.4475359578634614,2863.5039999999995,4186.975,True,True,True,2,1285.2735,396.0655,419.269,3.896,0.0,-0.02,369.172,4699.84,5289.01,2384.455,2275.4300000000003,1.35,7.18,101.2,399.19,69.0025,43.028528510029325,0.1359740868336002,5738.956,6574.2835000000005,2780.5205,2694.699,5.246,7.18,101.2,-108.885,40.99676514060613,0.1094126716107129,0.0,0.0,53.465,2282.61,2385.805,109.02499999999964,0.0,109.02499999999964,468.1925
2026-01-12 17:00:00,1262.865,0.0,391.154,41.412,20.643,101.83,0.0,0.0,2291.031,5392.399,162.205,2291.031,0.4248630340596087,3101.3680000000004,4108.935,True,True,True,2,1342.8885,396.5765,418.0135,3.853,0.0,28.5175,441.9745,4725.15,5464.745,2351.51,2269.785,0.54,6.005,101.95,513.34,42.9525,41.53852761836823,0.1098819504261387,5770.896,6807.6335,2748.0865,2687.7985,4.393000000000001,6.005,101.95,-160.19,39.48639446057975,0.0882063988248541,0.0,0.0,54.795,2275.79,2352.05,81.72500000000036,0.0,81.72500000000036,556.2925
2026-01-12 17:30:00,1256.342,0.0,397.856,41.27,201.051,101.751,0.0,0.0,2216.138,5496.374,162.205,2216.138,0.403200000582202,3280.236,4214.407999999999,True,True,True,2,1333.9715,375.8915,389.437,3.853,0.0,21.445,441.9075,4753.975,5492.139999999999,2184.78,2123.65,0.56,6.295,101.76,529.98,47.0515,38.66760916851349,0.1146182033043886,5778.983,6826.1115,2560.6715,2513.0869999999995,4.413,6.295,101.76,-139.515,36.81543483414448,0.0922195897712797,0.0,0.0,53.465,2129.945,2185.34,61.13000000000011,0.0,61.13000000000011,577.0315
2026-01-12 18:00:00,1268.842,0.0,363.654,41.27,290.926,101.972,0.0,0.0,2048.325,5471.642,157.975,2048.325,0.3743528907775764,3423.317,4114.989,True,True,True,2,1278.148,360.954,379.6155,3.853,0.0,-1.898,441.9105,4651.465,5432.74,2056.84,2009.39,0.585,6.325,102.025,529.98,58.1475,36.984249987384906,0.1164255699704132,5675.866,6710.888000000001,2417.794,2389.0055,4.438000000000001,6.325,102.025,-170.57,35.596789781189074,0.0942528355233108,0.0,0.0,52.71,2015.715,2057.425,47.45000000000027,0.0,47.45000000000027,588.1275
2026-01-12 18:30:00,1276.779,0.0,375.718,41.339,291.438,102.292,0.0,0.0,1937.94,5403.856,157.975,1937.94,0.3586216953227473,3465.916,4025.506,True,True,True,2,1223.9525,346.374,366.3345000000001,3.853,0.0,22.7555,441.922,4566.495,5346.514999999999,1972.985,1928.705,0.625,6.35,102.105,529.98,-9.959499999999998,36.07324227327393,0.118772142058061,5579.5625,6570.4675,2319.359,2295.0395,4.478,6.35,102.105,-239.675,34.928378424332465,0.0966481248221715,0.0,0.0,50.405,1935.055,1973.61,44.2800000000002,0.0,44.2800000000002,520.0205
2026-01-12 19:00:00,1282.274,0.0,419.681,41.13,291.293,103.083,0.0,0.0,1895.425,5286.058,145.0,1895.425,0.3585706021386825,3390.633,4032.886,True,True,True,2,1190.0685,297.5125,316.718,3.853,0.0,-2.318,439.2055,4493.56,5261.139999999999,1905.755,1875.36,0.595,6.335,101.91,529.985,18.4885,35.644861047468765,0.1204141890588716,5461.5715,6451.2085,2203.2675,2192.078,4.448,6.335,101.91,-200.815,33.97792171322245,0.0982013506515077,0.0,0.0,49.02,1881.695,1906.35,30.39500000000021,0.0,30.39500000000021,548.4735000000001
2026-01-12 19:30:00,1296.128,0.0,426.048,41.412,293.048,102.413,0.0,0.0,1861.073,5231.314,145.0,1861.073,0.3557563166730194,3370.241,4020.122,True,True,True,2,1151.4535,241.248,258.237,3.853,0.0,-2.3045,372.8490000000001,4436.375,5169.195,1837.395,1803.985,0.6,6.34,101.775,529.975,68.403,34.89527828456315,0.1226547853293319,5351.782,6320.648499999999,2078.643,2062.222,4.453,6.34,101.775,-118.43,32.62199290001278,0.1003106986084756,0.0,0.0,47.68,1810.325,1837.995,33.409999999999854,0.0,33.409999999999854,598.378
2026-01-12 20:00:00,1269.651,0.0,401.229,41.339,289.24,101.551,0.0,0.0,1732.564,5109.748,128.235,1732.564,0.339070341629372,3377.1839999999997,3835.574000000001,True,True,True,2,1111.7705,176.65800000000002,190.7685,3.853,0.0,-2.3360000000000003,437.4075,4161.12,5046.37,1733.19,1667.885,0.59,6.345000000000001,89.295,529.98,204.668,33.049759107154905,0.1257386778307139,4987.2045,6158.1405,1909.848,1858.6535,4.443,6.345000000000001,89.295,-134.185,30.17948892255949,0.1030391776734581,0.0,0.0,48.855,1674.23,1733.78,65.30500000000006,0.0,65.30500000000006,734.648
2026-01-12 20:30:00,1248.929,0.0,343.862,41.27,284.625,82.786,0.0,0.0,1647.47,4978.813,128.235,1647.47,0.3308961393006727,3331.343,3648.942,True,True,True,2,1076.9070000000002,130.4735,134.964,3.853,0.0,-2.5265,420.2975,4085.375,4925.455,1700.76,1644.6,0.605,6.33,82.83000000000001,529.98,194.5685,33.388736158486275,0.1285189328279136,4859.1495,6002.362,1831.2335,1779.564,4.458,6.33,82.83000000000001,-98.44,29.64554379877972,0.1054618916725319,0.0,0.0,48.315,1650.9299999999998,1701.365,56.16000000000008,0.0,56.16000000000008,724.5485
2026-01-12 21:00:00,1290.664,0.0,324.404,41.27,113.663,83.764,0.0,0.0,1605.399,4855.466,128.725,1605.399,0.3306374712540464,3250.0670000000005,3459.164,True,True,True,2,1026.8555,103.2665,100.185,3.853,0.0,-2.4855,441.9065,3789.375,4798.075,1586.095,1553.105,0.62,6.355,82.98,529.975,307.775,32.367142465094275,0.1324523001842343,4545.8435,5824.9305,1689.3615,1653.29,4.473000000000001,6.355,82.98,-153.47000000000003,28.380986911523088,0.109103618163346,0.0,0.0,49.9,1559.46,1586.715,32.99000000000001,0.0,32.99000000000001,837.75
2026-01-12 21:30:00,1280.251,0.0,317.345,41.27,4.977,83.332,0.0,0.0,1491.272,4707.218,128.725,1491.272,0.3168053827122516,3215.946,3218.447,True,True,True,2,977.7155,83.1185,79.3745,3.853,0.0,-2.4815,441.882,3612.415,4603.965,1452.635,1416.4450000000002,0.5900000000000001,6.34,83.0,529.98,265.1605,30.75600159781685,0.1377299697050209,4343.3485,5581.6805,1535.7535,1495.8195,4.443,6.34,83.0,-177.19,26.789050205849296,0.1136063100948409,0.0,0.0,48.485,1422.785,1453.225,36.18999999999983,0.0,36.18999999999983,795.1405
2026-01-12 22:00:00,1276.856,0.0,284.797,41.27,0.0,82.778,0.0,0.0,1335.004,4512.034,122.45,1335.004,0.2958763165348488,3177.03,3020.705,True,True,True,2,919.2755,53.5875,47.298,3.853,0.0,-2.491,441.866,3340.0200000000004,4413.879999999999,1316.3049999999998,1246.72,0.62,6.345,82.30000000000001,529.98,342.51,28.237481368907048,0.1437725020866013,4020.0975,5333.1555,1369.8925,1294.018,4.473000000000001,6.345,82.30000000000001,-184.545,24.25499858735091,0.1189927599022379,0.0,0.0,48.31999999999999,1253.065,1316.9249999999995,69.58499999999981,0.0,69.58499999999981,872.49
2026-01-12 22:30:00,1242.879,0.0,265.34,41.27,0.0,82.802,0.0,0.0,1163.147,4300.028,122.45,1163.147,0.2704975409462449,3136.8810000000003,2795.438,True,True,True,2,855.657,35.044,31.677,3.853,0.0,-3.2335000000000003,441.8565,3223.45,4226.54,1181.855,1144.25,0.615,6.35,83.19,457.96,373.3435,27.06899655074137,0.1502525435062857,3807.9475,5082.197,1216.899,1175.927,4.468,6.35,83.19,-152.81,23.13481395503585,0.124959364603166,0.0,0.0,47.57,1150.6,1182.47,37.60500000000002,0.0,37.60500000000002,831.3035
2026-01-12 23:00:00,1291.894,0.0,361.644,49.226,0.0,83.563,0.0,0.0,1091.986,4155.567,99.505,1091.986,0.2627766559894233,3063.581,2878.313,True,True,True,2,795.9185,37.9285,34.5885,3.853,0.0,-2.4665,423.148,3262.94,4243.3150000000005,1067.72,1039.285,0.635,6.33,82.85499999999999,345.785,459.1575,24.48948425285657,0.1491776030917405,3816.771,5039.2335,1105.6485,1073.8735,4.488,6.33,82.85499999999999,-164.525,21.30718046866665,0.1256179285599171,0.0,0.0,45.075,1045.615,1068.355,28.434999999999945,0.0,28.434999999999945,804.9425
2026-01-12 23:30:00,1342.672,0.0,296.212,79.116,0.0,82.609,0.0,0.0,1047.366,4193.532,99.505,1047.366,0.2497574836677054,3146.166,2847.975,True,True,True,2,747.3534999999999,39.571,33.941500000000005,3.853,0.0,-26.8625,441.791,3197.745,4119.924999999999,1096.73,1066.705,0.615,6.335,82.655,209.725,513.1500000000001,25.896505419555737,0.1537800289661937,3734.286,4867.2785,1136.301,1100.6465,4.468,6.335,82.655,-190.205,22.61827100434995,0.1301696134745693,0.0,0.0,45.665,1073.04,1097.345,30.02500000000009,0.0,30.02500000000009,722.8750000000001
2026-01-13 00:00:00,1322.636,0.0,244.207,78.552,0.0,82.905,0.0,0.0,1075.265,4041.965,96.005,1075.265,0.266025311946046,2966.7,2803.565,True,True,True,2,713.8695,50.1135,41.337,3.853,0.0,-26.897,441.803,3116.205,4024.175,1094.755,1067.84,0.655,6.33,82.57,254.79,513.0355,26.533861468994928,0.1573065400591347,3661.5495,4738.0445,1144.8685,1109.177,4.508000000000001,6.33,82.57,-233.28,23.408098823838547,0.1336068372027858,0.0,0.0,46.975,1074.17,1095.41,26.914999999999964,0.0,26.914999999999964,767.8254999999999
2026-01-13 00:30:00,1382.323,0.0,202.946,80.163,0.0,82.298,0.0,0.0,1028.667,3966.982,96.005,1028.667,0.2593072012930736,2938.315,2776.397,True,True,True,2,685.7035000000001,55.7785,48.32,3.853,0.0,-2.5935,393.5915,3159.83,3930.245,987.09,960.225,0.645,6.34,82.755,210.17,513.0889999999999,24.426940304594357,0.1613200065236673,3717.516,4615.9485,1042.8685,1008.545,4.498,6.34,82.755,-250.49,21.84618008087906,0.137355961576367,0.0,0.0,43.38,966.565,987.735,26.865000000000123,0.0,26.865000000000123,723.259
2026-01-13 01:00:00,1359.793,0.0,272.064,98.104,0.0,78.302,0.0,0.0,902.453,3876.03,99.8,902.453,0.2328292092682461,2973.577,2710.7159999999994,True,True,True,2,708.232,60.4875,55.584500000000006,3.853,0.0,-2.5045,439.196,3035.4,3847.985,894.19,866.235,0.645,6.324999999999999,71.065,334.745,513.123,22.5074154008093,0.1643799483537381,3591.451,4556.217000000001,954.6775,921.8195,4.498,6.324999999999999,71.065,-271.59000000000003,20.229383291392907,0.1388254689148827,0.0,0.0,44.625,872.5600000000001,894.835,27.95500000000004,0.0,27.95500000000004,847.868
2026-01-13 01:30:00,1327.874,0.0,288.505,102.086,0.0,68.588,0.0,0.0,832.864,3819.873,99.8,832.864,0.2180344739209916,2987.009,2619.9170000000004,True,True,True,2,700.163,71.4185,67.3005,3.853,0.0,-2.487,441.894,2921.705,3782.705,860.07,830.77,0.63,3.82,59.02,366.465,513.1179999999999,21.962384032417084,0.1008321204036153,3492.294,4482.868,931.4885,898.0705,4.4830000000000005,3.82,59.02,-297.86,20.03405655722057,0.0850812033229514,0.0,0.0,45.39,834.59,860.7,29.300000000000068,0.0,29.300000000000068,879.583
2026-01-13 02:00:00,1294.019,0.0,308.633,97.412,0.0,58.605,0.0,0.0,801.562,3792.953,101.9,801.562,0.211329272996528,2991.391,2560.231,True,True,True,2,696.3499999999999,107.7755,99.3625,3.853,0.0,-2.4785000000000004,441.86,2880.135,3887.79,826.0150000000001,803.6800000000001,0.665,2.35,58.685,469.4500000000001,513.0915,20.67194297388512,0.0604468440602531,3487.2520000000004,4584.139999999999,933.7905,903.0425,4.518000000000001,2.35,58.685,-339.045,19.69957383455339,0.0512646937778801,0.0,0.0,46.605,806.0300000000001,826.6800000000001,22.33500000000004,0.0,22.33500000000004,982.5415
2026-01-13 02:30:00,1306.563,0.0,262.659,103.414,0.0,58.57,0.0,0.0,791.193,3855.544,101.9,791.193,0.2052091741139512,3064.351,2522.399,True,True,True,2,682.2805000000001,109.5165,96.388,3.853,0.0,-3.747500000000001,441.851,2831.1400000000003,3819.65,815.4300000000001,794.045,0.635,2.36,58.620000000000005,435.88,513.117,20.79038102823966,0.0617872881111164,3437.1580000000004,4501.9305,924.9465,890.433,4.488,2.36,58.620000000000005,-351.135,19.780021387953425,0.0524233550215014,0.0,0.0,46.485,796.405,816.065,21.385000000000105,0.0,21.385000000000105,948.997
2026-01-13 03:00:00,1253.643,0.0,247.222,99.364,0.0,59.116,0.0,0.0,860.692,3803.548,99.875,860.692,0.226286614497832,2942.856,2520.0370000000003,True,True,True,2,676.4155000000001,106.3935,100.557,3.853,0.0,-14.1275,441.8305,2869.89,3798.32,938.295,916.995,0.64,2.35,58.785,384.675,513.068,24.144254208814463,0.0618683704862662,3482.78,4474.735500000001,1044.6885,1017.552,4.493,2.35,58.785,-353.47,22.742244015383868,0.052516160901627,0.0,0.0,48.17,919.345,938.935,21.300000000000068,0.0,21.300000000000068,897.7429999999999
2026-01-13 03:30:00,1234.991,0.0,224.414,100.902,0.0,59.056,0.0,0.0,966.244,3767.379,99.875,966.244,0.2564764521966067,2801.135,2585.607,True,True,True,2,667.8175,136.606,131.2515,3.853,0.0,-14.1205,441.816,2916.255,3727.125,1049.415,1018.35,0.63,2.34,58.650000000000006,234.745,513.1075000000001,27.327945735682235,0.0627830992069099,3552.2915,4394.9425,1186.021,1149.6015000000002,4.4830000000000005,2.34,58.650000000000006,-385.835,26.162783670608142,0.0532431010633163,0.0,0.0,48.695,1020.69,1050.045,31.06499999999994,0.0,31.06499999999994,747.8525000000001
2026-01-13 04:00:00,1254.175,0.0,190.548,104.042,0.0,59.08,0.0,0.0,1062.948,3694.484,98.5,1062.948,0.2877121676531824,2631.536,2670.793,True,True,True,2,660.0705,174.09449999999998,170.214,3.853,0.0,-14.1605,441.6475,3008.925,3676.33,1026.66,981.55,0.67,2.36,58.945,128.865,513.1030000000001,26.699181794928872,0.0641952937229587,3627.369,4336.4005,1200.7545,1151.764,4.523,2.36,58.945,-377.27,26.5612555098266,0.0544237955256904,0.0,0.0,46.84,983.91,1027.3300000000002,45.11000000000013,0.0,45.11000000000013,641.9680000000001
2026-01-13 04:30:00,1273.804,0.0,212.686,98.663,0.0,58.889,0.0,0.0,994.301,3645.819,98.5,994.301,0.2727236321934797,2651.518,2638.343,True,True,True,2,663.9345000000001,186.8165,183.5635,3.853,0.0,-14.1635,415.3015,3012.24,3643.135,1087.425,1050.095,0.64,2.35,58.805,135.17000000000002,491.4345,28.82489830718866,0.0645046675226321,3643.7765,4307.0695,1274.2415,1233.6585,4.493,2.35,58.805,-359.88,28.64283392304975,0.0545614091473437,0.0,0.0,47.985,1052.445,1088.065,37.32999999999993,0.0,37.32999999999993,626.6044999999999
2026-01-13 05:00:00,1368.586,0.0,194.569,102.432,0.0,58.271,0.0,0.0,1098.166,3642.073,105.855,1098.166,0.3015222374729995,2543.907,2822.024,True,True,True,2,680.6025,171.6465,165.3215,3.853,0.0,-3.1630000000000003,292.3915,3372.045,3674.08,1166.165,1137.075,0.63,2.345,58.77,13.58,380.9965,30.948166982589917,0.0638274982860303,4020.685,4354.6825,1337.8115,1302.3965,4.4830000000000005,2.345,58.77,-245.425,29.9084169398908,0.0538522676263959,0.0,0.0,41.885,1139.42,1166.795,29.08999999999992,0.0,29.08999999999992,394.5765
2026-01-13 05:30:00,1370.861,0.0,254.617,98.873,0.0,58.284,0.0,0.0,1124.351,3695.924,105.855,1124.351,0.3042137771231227,2571.573,2906.9860000000003,True,True,True,2,706.871,122.175,118.023,3.853,0.0,-2.5010000000000003,300.0605,3353.36,3757.545,1135.105,1098.295,0.61,2.345,58.67,33.945,424.874,29.231135702952283,0.062410994632128,3962.558,4464.416,1257.28,1216.318,4.463,2.345,58.67,-186.785,27.24993655960236,0.0525298548147032,0.0,0.0,41.315,1100.64,1135.715,36.809999999999945,0.0,36.809999999999945,458.819
2026-01-13 06:00:00,1370.354,0.0,325.41,102.714,0.0,58.255,0.0,0.0,1121.483,3840.877,107.035,1121.483,0.2919861791981362,2719.394,2978.2160000000003,True,True,True,2,786.81,91.1435,94.7925,3.853,0.0,2.1025,194.938,3591.025,3971.145,1011.375,990.855,0.5800000000000001,2.335,58.68,57.39,307.2715,24.971437822611765,0.0588090650730575,4276.2865,4757.955,1102.5185,1085.6475,4.433,2.335,58.68,-79.655,22.83874450984075,0.0490869643500078,0.0,0.0,33.7,993.19,1011.955,20.519999999999985,0.0,20.519999999999985,364.6615
2026-01-13 06:30:00,1401.749,0.0,427.053,111.096,0.0,58.44,0.0,0.0,912.732,4052.121,107.035,912.732,0.2252479627335906,3139.389,2911.07,True,True,True,2,871.847,103.7485,112.721,3.853,0.0,4.947,292.577,3515.285,4195.299999999999,915.705,885.075,0.54,2.34,69.285,206.185,360.031,21.107795412439067,0.0557921685721094,4211.4295,5067.146999999999,1019.4535,997.796,4.393000000000001,2.34,69.285,-105.7,19.698151618036803,0.0461952259644251,0.0,0.0,36.1,887.4150000000001,916.245,30.62999999999988,0.0,30.62999999999988,566.216
2026-01-13 07:00:00,1314.428,0.0,406.925,96.852,5.71,70.087,0.0,0.0,875.896,4362.576,158.645,875.896,0.2007749549807269,3486.6800000000003,2769.898,True,True,True,2,1004.4435,151.7505,156.311,3.853,0.0,-2.401,422.6395,3590.475,4601.860000000001,989.685,940.87,0.555,2.34,80.36500000000001,356.205,493.3735,20.441236916960605,0.0508697133982143,4337.5815,5606.3035,1141.4355,1097.181,4.408,2.34,80.36500000000001,-147.95999999999998,19.56625300186474,0.0417604652738564,0.0,0.0,41.56999999999999,943.21,990.24,48.81499999999994,0.0,48.81499999999994,849.5785
2026-01-13 07:30:00,1313.819,0.0,385.122,103.483,9.593,83.245,0.0,0.0,1010.342,4758.363,158.645,1010.342,0.2123297444940623,3748.021,2905.604,True,True,True,2,1104.378,178.6115,181.175,3.853,0.0,-2.3525,441.745,3760.39,4872.58,1090.215,1050.295,0.565,2.34,82.59,497.41,513.085,21.55188950489995,0.0480295543510219,4525.666499999999,5976.958,1268.8265,1231.47,4.418,2.34,82.59,-83.28,20.602367260896955,0.0391564242937071,0.0,0.0,45.35,1052.635,1090.78,39.919999999999845,0.0,39.919999999999845,1010.495
2026-01-13 08:00:00,1282.112,0.0,333.452,106.136,5.564,83.424,10.181,0.0,1102.879,4927.249,193.04,1102.879,0.2238326092308304,3824.37,2923.748,True,True,True,2,1168.0705,201.078,203.997,3.853,0.0,-2.365,441.777,3794.74,4951.07,1273.1750000000002,1200.085,0.555,2.245,85.85,529.98,513.0095,24.23823471094616,0.0453450673307256,4630.069,6119.1405,1474.2530000000002,1404.082,4.408,2.245,85.85,-90.325,22.944370074805835,0.0366907929755578,0.0,0.0,48.16,1202.33,1273.7300000000002,73.09000000000015,0.0,73.09000000000015,1042.9895
2026-01-13 08:30:00,1244.808,0.0,180.473,108.234,5.412,85.723,10.987,0.0,1288.212,4943.884,193.04,1288.212,0.2605667932338218,3655.672,2923.849,True,True,True,2,1175.8535000000002,202.6135,206.9805,4.0175,0.143,-2.4595,441.7705,3784.235,4934.995000000001,1367.56,1294.965,3.22,4.93,86.02000000000001,529.985,513.164,26.240439361864176,0.0998940326222981,4621.3645,6110.8485,1570.1735,1501.9455,7.237500000000001,5.073,86.02000000000001,-84.08,24.578283954344244,0.0830070866104675,0.0,0.0,50.06,1299.8950000000002,1370.78,72.5949999999998,0.0,72.5949999999998,1043.149
2026-01-13 09:00:00,1220.505,0.0,164.031,108.648,0.0,87.913,0.0,0.0,1300.294,4956.282,185.4,1300.294,0.2623527071300624,3655.988,2881.3910000000005,True,True,True,2,1207.9315,263.4235,271.2525,5.34,2.0715,6.61,441.7915,3787.53,5000.424999999999,1304.99,1263.155,21.91,25.64,100.995,529.975,513.1234999999999,25.261568021415805,0.51260161355448,4708.233,6208.3565,1568.4135,1534.4074999999998,27.25,27.7115,100.995,-146.585,24.716142763498777,0.4459983651195023,0.0,0.0,50.07,1288.795,1326.9,41.83500000000004,0.0,41.83500000000004,1043.0985
2026-01-13 09:30:00,1225.732,0.0,165.036,108.994,0.0,102.19,0.0,0.0,1207.537,5002.276,185.4,1207.537,0.2413975158507847,3794.739,2809.489,True,True,True,2,1211.5015,323.007,331.398,15.0075,9.5705,-2.136,441.783,3736.295,4996.93,1256.59,1203.03,108.985,80.48500000000001,101.915,529.98,513.1255,24.074093392031152,1.6111939774454864,4716.3675,6208.4315,1579.5970000000002,1534.428,123.9925,90.05550000000001,101.915,-194.995,24.71432184354908,1.4511289556877818,0.0,0.0,50.475,1283.515,1365.575,53.56000000000017,28.499999999999982,82.06000000000016,1043.1055
2026-01-13 10:00:00,1210.236,0.0,164.031,107.465,0.0,102.462,0.0,0.0,1139.377,4962.474,166.415,1139.377,0.2295985832872877,3823.097,2723.571,True,True,True,2,1184.8,363.162,372.0125,25.9355,18.8575,-2.513,441.761,3569.49,4909.66,1085.705,1033.96,185.965,143.85,102.245,529.98,513.169,21.054310792164262,2.931897836428219,4602.3085,6094.459999999999,1448.867,1405.9725,211.9005,162.70749999999998,102.245,-275.055,23.06681845203457,2.6715258744214307,0.0,0.0,50.540000000000006,1177.81,1271.6699999999998,51.74499999999989,42.11499999999998,93.85999999999989,1043.149
2026-01-13 10:30:00,1157.033,0.0,164.366,108.507,0.0,101.833,0.0,0.0,1008.059,4866.296,166.415,1008.059,0.2071511885014803,3858.237,2539.798,True,True,True,2,1165.953,318.72,330.7045,39.3785,27.786,-2.5245,441.766,3532.105,4810.905000000001,1007.42,969.79,248.31,242.935,102.15,465.62,513.1185,20.156310190814324,5.052610590307589,4546.5605,5976.858,1326.14,1300.4945,287.68850000000003,270.721,102.15,-276.825,21.75543588831014,4.532001729905017,0.0,0.0,50.935,1212.725,1255.73,37.63000000000011,5.375,43.00500000000011,978.7385
2026-01-13 11:00:00,1226.176,0.0,176.452,111.165,0.0,101.555,0.0,0.0,912.311,4764.765,142.0,912.311,0.1914703033622854,3852.454,2527.659,True,True,True,2,1149.28,272.92600000000004,282.79999999999995,45.1705,34.1175,-2.4560000000000004,441.7535,3578.3450000000003,4759.72,882.75,851.7650000000001,290.595,301.665,101.91,410.0,513.2075,17.8924569560726,6.338385549721737,4551.276,5909.0,1155.676,1134.565,335.7655,335.7825,101.91,-250.905,19.198490872929817,5.68311107501229,0.0,0.0,49.05,1153.43,1173.345,30.9849999999999,0.0,30.9849999999999,923.2075
2026-01-13 11:30:00,1206.343,0.0,164.366,100.624,0.0,101.964,0.0,0.0,834.031,4733.769,142.0,834.031,0.176187515698379,3899.738,2407.328,True,True,True,2,1132.344,260.83050000000003,269.0245,50.2675,39.98,-2.4530000000000003,441.748,3574.89,4713.81,883.9100000000001,844.3,323.81,331.99,101.96,366.565,513.1610000000001,17.911394561635063,7.043451227519687,4531.0205,5846.154,1144.7405,1113.3245000000002,374.0775,371.97,101.96,-251.135,19.04363983025588,6.363133366823197,0.0,0.0,49.255,1176.29,1207.72,39.61000000000013,0.0,39.61000000000013,879.7260000000001
2026-01-13 12:00:00,1216.177,0.0,171.426,100.411,0.0,102.117,0.0,0.0,809.307,4697.859,127.115,809.307,0.1722714538686665,3888.5520000000006,2399.438,True,True,True,2,1126.7065,266.876,275.301,55.7345,43.328,-2.4775,441.736,3579.5950000000003,4691.705,803.0050000000001,769.275,333.635,336.33000000000004,101.86,314.315,513.156,16.39580483887597,7.1680866154881615,4553.717000000001,5818.4115,1069.881,1044.576,389.3695,379.658,101.86,-274.8,17.95239286038917,6.524729921281175,0.0,0.0,47.83,1105.605,1136.64,33.73000000000013,0.0,33.73000000000013,827.471
2026-01-13 12:30:00,1208.62,0.0,165.036,97.343,0.0,101.844,0.0,0.0,763.417,4670.695,127.115,763.417,0.1634482662644424,3907.278,2336.26,True,True,True,2,1120.961,287.822,298.7695,58.4585,44.087500000000006,-2.5255,441.738,3533.865,4655.264999999999,868.485,817.5799999999999,339.995,322.475,100.65,319.31500000000005,513.165,17.563576088747524,6.927180114722218,4513.1365000000005,5776.226,1156.307,1116.3495,398.4535,366.5625,100.65,-285.54,19.327873670582463,6.346102763905483,0.0,0.0,49.285,1140.0549999999998,1208.48,50.905000000000086,17.519999999999982,68.42500000000007,832.48
2026-01-13 13:00:00,1104.89,0.0,165.372,98.663,0.0,94.605,0.0,0.0,786.161,4625.429,118.8,786.161,0.1699649913553964,3839.268,2249.6910000000003,True,True,True,2,1106.939,302.0045,305.8245,55.5845,41.447500000000005,-13.775,441.7155,3546.07,4623.565,858.4549999999999,832.33,329.43,352.685,94.425,257.23,513.1655000000001,18.001887428881762,7.627990982040974,4548.93,5730.504,1160.4595,1138.1545,385.0145,394.1325,94.425,-313.035,19.861897430756294,6.87768369412014,0.0,0.0,49.065000000000005,1185.015,1187.885,26.124999999999886,0.0,26.124999999999886,770.3955000000001
2026-01-13 13:30:00,1152.147,0.0,164.031,97.202,0.0,93.373,0.0,0.0,869.028,4608.593,118.8,869.028,0.1885668793056796,3739.565,2375.781,True,True,True,2,1086.204,293.586,301.50750000000005,45.2205,34.3905,-3.2875,441.7155,3584.77,4599.81,947.855,908.69,299.4,310.855,94.95,192.98,513.1595,19.75580379339687,6.757650023685491,4561.291,5686.014,1241.441,1210.1975,344.6205,345.2455,94.95,-318.145,21.28447140924944,6.071580244029224,0.0,0.0,48.615,1219.545,1247.255,39.16499999999997,0.0,39.16499999999997,706.1395
2026-01-13 14:00:00,1095.524,0.0,164.366,99.014,0.0,103.313,0.0,0.0,968.464,4588.13,121.175,968.464,0.2110803312024724,3619.666,2430.681,True,True,True,2,1092.6985,280.47799999999995,292.22,35.083,25.4695,3.0535,441.709,3532.13,4620.805,1001.56,965.905,256.275,269.48,104.03,290.23,513.1385,20.90458581394034,5.832518297554334,4468.2285,5713.503500000001,1282.038,1258.125,291.358,294.9495,104.03,-276.0,22.021466883211087,5.162797815343356,0.0,0.0,49.815000000000005,1235.385,1257.835,35.65499999999997,0.0,35.65499999999997,803.3685
2026-01-13 14:30:00,1139.229,0.0,181.813,104.115,0.0,104.132,0.0,0.0,901.618,4626.685,121.175,901.618,0.194873435299788,3725.067000000001,2430.907,True,True,True,2,1098.977,312.947,322.05499999999995,35.9475,23.131500000000003,-2.4965,441.722,3428.205,4665.469999999999,986.235,955.015,203.05,204.725,104.67,440.23,513.145,20.4662035281937,4.390480970517899,4390.647,5764.447,1299.182,1277.0700000000002,238.9975,227.8565,104.67,-291.71000000000004,22.15184864526945,3.954706380254782,0.0,0.0,50.515,1159.7400000000002,1189.285,31.219999999999917,0.0,31.219999999999917,953.375
2026-01-13 15:00:00,1080.673,0.0,164.366,97.762,0.0,120.533,0.0,0.0,1080.227,4732.126,147.5,1080.227,0.228275198082215,3651.899,2543.561,True,True,True,2,1126.0705,279.2505,291.495,20.429,13.191,-2.494,441.725,3516.55,4793.455,1000.52,960.535,141.25,135.74,122.9,529.25,513.0925,20.049720825957397,2.8337842203610872,4431.412,5919.5255,1279.7705,1252.03,161.67899999999997,148.93099999999998,122.9,-217.045,21.16206967750828,2.5178479658953377,0.0,0.0,49.125,1096.275,1141.77,39.985000000000014,5.509999999999991,45.495000000000005,1042.3425
2026-01-13 15:30:00,1242.774,0.0,166.712,100.552,6.22,122.576,0.0,0.0,894.325,4864.442,147.5,894.325,0.1838494528252161,3970.117,2533.159,True,True,True,2,1165.3605,313.2845,324.15700000000004,10.871,5.691000000000001,-2.4755000000000003,441.728,3589.73,4890.375,836.04,800.2850000000001,82.88499999999999,71.255,123.18,529.98,513.178,16.36651361975326,1.458041404252557,4564.7515,6055.7355,1149.3245,1124.442,93.756,76.946,123.18,-235.55,18.56975822643604,1.271930121803082,0.0,0.0,44.89,871.5400000000001,918.925,35.75499999999988,11.629999999999995,47.38499999999988,1043.158
2026-01-13 16:00:00,1290.892,0.0,212.351,108.926,5.633,123.265,0.0,0.0,772.993,4920.497,189.5,772.993,0.1570965290701325,4147.504,2514.06,True,True,True,2,1211.2105,293.98749999999995,303.297,5.448,1.232,-2.4815,441.6955,3787.295,5045.52,848.335,808.6500000000001,27.425,25.585,119.375,529.98,513.0445,16.029839183925436,0.5084783485674682,4769.530500000001,6256.7305,1142.3225,1111.947,32.873,26.817,119.375,-195.965,17.775206110003598,0.429923213423646,0.0,0.0,41.95,834.2350000000001,875.76,39.684999999999945,1.8399999999999963,41.52499999999994,1043.0245
2026-01-13 16:30:00,1375.583,0.0,345.202,106.136,20.498,113.444,0.0,0.0,828.325,5129.351,189.5,828.325,0.161487291472157,4301.026,2789.188,True,True,True,2,1282.2715,304.273,319.089,4.537,0.002,24.0285,441.7165,4023.655,5226.575000000001,907.66,866.935,2.7950000000000004,5.04,109.665,529.98,513.085,16.585866923340873,0.0968429283786792,4991.696,6508.8465,1211.933,1186.024,7.332000000000001,5.042,109.665,-136.825,18.222997066469087,0.0778452955666187,0.0,0.0,41.875,871.9749999999999,910.455,40.72500000000002,0.0,40.72500000000002,1043.065
2026-01-13 17:00:00,1353.631,0.0,349.223,107.674,135.788,101.405,0.0,0.0,879.14,5341.126,196.0,879.14,0.1645982513799524,4461.986,2926.8610000000003,True,True,True,2,1346.6505000000002,293.7745,306.423,4.437,0.0,21.0245,441.737,4335.31,5445.4400000000005,950.08,901.425,0.61,1.815,102.07,529.985,513.163,16.551541867080992,0.033320447648066,5280.508,6792.0905,1243.8545,1207.848,5.047000000000001,1.815,102.07,-44.465,17.78270481379346,0.0267143977967785,0.0,0.0,43.145,903.24,950.69,48.65499999999997,0.0,48.65499999999997,1043.148
2026-01-13 17:30:00,1316.869,0.0,334.122,108.576,287.997,101.676,0.0,0.0,934.114,5513.431,196.0,934.114,0.1694251728188854,4579.316999999999,3083.354,True,True,True,2,1346.884,284.9905,300.111,4.437,0.0,52.632,441.7475,4398.49,5543.12,904.23,871.085,0.615,2.405,102.01,529.985,513.1125,15.715491375996892,0.0433829695532466,5345.8805,6890.004,1189.2205,1171.196,5.052,2.405,102.01,-77.9,16.998629393448688,0.0349047972239387,0.0,0.0,42.94,873.49,904.845,33.14499999999998,0.0,33.14499999999998,1043.0975
2026-01-13 18:00:00,1317.682,0.0,325.41,108.858,289.82,101.156,0.0,0.0,836.198,5532.19,185.105,836.198,0.1511513523577462,4695.991999999999,2979.124,True,True,True,2,1301.9625,315.8135,332.5185,4.437,0.0,11.5875,441.7275,4315.27,5502.57,870.76,845.465,0.645,2.535,101.615,529.98,513.0705,15.364241333400727,0.0460701447810804,5301.974,6804.5325,1186.5735,1177.9835,5.082000000000001,2.535,101.615,-121.855,17.31114962983909,0.0372554756054845,0.0,0.0,41.625,848.0,871.405,25.29499999999996,0.0,25.29499999999996,1043.0505
2026-01-13 18:30:00,1377.487,0.0,338.143,111.306,293.192,102.143,0.0,0.0,782.484,5455.367,185.105,782.484,0.1434337964796868,4672.883,3004.755,True,True,True,2,1261.8575,295.91700000000003,309.5295,4.437,0.0,-2.1085000000000003,441.7395,4202.525,5432.895,725.8399999999999,703.92,0.655,2.53,101.76,529.975,513.0835,12.954719193721555,0.0465680565575739,5207.252,6694.7525000000005,1021.757,1013.4495,5.0920000000000005,2.53,101.76,-166.425,15.135658176739955,0.0377907729275004,0.0,0.0,37.625,706.4499999999999,726.4949999999999,21.91999999999996,0.0,21.91999999999996,1043.0585
2026-01-13 19:00:00,1416.081,0.0,327.42,109.695,291.071,102.119,0.0,0.0,668.476,5407.856,170.0,668.476,0.1236120192549505,4739.38,2914.862,True,True,True,2,1220.548,285.2625,295.9465,4.437,0.0,-2.4880000000000004,441.732,4068.645,5387.63,643.835,616.825,0.64,2.53,101.6,529.99,513.0545,11.44789983348986,0.0469600096859217,5120.761,6608.178,929.0975,912.7715,5.077,2.53,101.6,-256.7,13.811535071575992,0.0382867290735203,0.0,0.0,35.805,619.355,644.475,27.00999999999999,0.0,27.00999999999999,1043.0445
2026-01-13 19:30:00,1403.022,0.0,343.527,108.024,236.063,101.962,0.0,0.0,588.403,5350.23,170.0,588.403,0.1099771411696319,4761.826999999999,2781.001,True,True,True,2,1183.387,272.6825,279.5955,4.437,0.0,-2.499,441.7255,3992.08,5320.935,594.1500000000001,553.4649999999999,0.665,2.535,101.605,529.98,513.094,10.400378774478918,0.0476416586559499,5014.727500000001,6504.322,866.8325,833.0605,5.102,2.535,101.605,-264.89,12.806613050980395,0.0389739005703273,0.0,0.0,35.295,555.9999999999999,594.815,40.68500000000017,0.0,40.68500000000017,1043.074
2026-01-13 20:00:00,1394.035,0.0,340.154,107.396,235.399,101.569,0.0,0.0,504.64,5268.758,160.11,504.64,0.0957796884958466,4764.118,2683.193,True,True,True,2,1145.4615,285.538,294.8545,4.437,0.0,-2.5125,441.718,3870.68,5225.105,532.6099999999999,495.75,0.665,2.525,90.985,529.98,513.1365000000001,9.487610595616564,0.0483232195751607,4881.055,6370.5665,818.1479999999999,790.6044999999999,5.102,2.525,90.985,-290.665,12.4107976704091,0.039634439248084,0.0,0.0,35.205000000000005,498.275,533.2749999999999,36.8599999999999,0.0,36.8599999999999,1043.1165
2026-01-13 20:30:00,1384.989,0.0,337.138,106.696,231.958,89.745,0.0,0.0,519.305,5184.115,160.11,519.305,0.1001723534296596,4664.81,2669.831,True,True,True,2,1106.0695,286.423,296.368,4.437,0.0,-2.509,441.7165,3808.285,5132.79,553.5550000000001,522.7049999999999,0.6699999999999999,2.51,78.755,529.905,513.1055,10.183916300496357,0.0489041401447697,4750.7695,6238.8595,839.9780000000001,819.073,5.107000000000001,2.51,78.755,-261.515,13.128463882584809,0.0402345274942173,0.0,0.0,36.39,525.2149999999999,554.225,30.850000000000136,0.0,30.850000000000136,1043.0105
2026-01-13 21:00:00,1347.108,0.0,344.532,108.576,167.359,64.65,0.0,0.0,537.921,5070.739,159.445,537.921,0.1060833539253351,4532.817999999999,2570.146,True,True,True,2,1052.7765,280.0535,290.9905,4.437,0.0,-2.52,441.6955,3630.48,4994.365,618.98,588.38,0.645,2.52,52.265,529.895,513.1195,11.784492433467424,0.0504604529839162,4561.3535,6047.1415,899.0335,879.3705,5.082000000000001,2.52,52.265,-303.75,14.546083915985486,0.0416762304290047,0.0,0.0,38.515,590.9,619.625,30.600000000000023,0.0,30.600000000000023,1043.0145
2026-01-13 21:30:00,1325.064,0.0,347.213,108.926,0.0,51.911,0.0,0.0,612.876,4901.578,159.445,612.876,0.1250364678477012,4288.702,2445.99,True,True,True,2,994.269,308.1605,322.079,4.437,0.0,-2.5135,441.7015,3398.59,4807.475,658.495,626.37,0.64,2.515,51.525,529.91,513.1215,13.03333468788061,0.0523186115361874,4318.437,5801.744000000001,966.6555,948.449,5.077,2.515,51.525,-352.28,16.353180888194647,0.0433534402922593,0.0,0.0,41.34,628.885,659.135,32.125,0.0,32.125,1043.0315
2026-01-13 22:00:00,1302.764,0.0,165.036,110.468,0.0,51.625,0.0,0.0,662.463,4701.113,118.02,662.463,0.1409162043116172,4038.650000000001,2292.356,True,True,True,2,926.6975,322.6335,339.38750000000005,4.437,0.0,-2.487,441.7365,3202.545,4600.200000000001,666.0550000000001,633.7850000000001,0.645,2.5,51.495000000000005,529.905,513.1405,13.77526629027132,0.0543475695459667,4043.1195,5526.897500000001,988.6885,973.1725,5.082000000000001,2.5,51.495000000000005,-342.3,17.607725155205827,0.0452360953827259,0.0,0.0,43.825,636.2850000000001,666.7,32.26999999999998,0.0,32.26999999999998,1043.0455
2026-01-13 22:30:00,1259.897,0.0,165.036,106.204,0.0,51.207,0.0,0.0,610.844,4490.772,118.02,610.844,0.1360220469888028,3879.928,2193.188,True,True,True,2,853.73,324.8805,342.095,4.437,0.0,-45.7465,441.8205,2973.655,4394.025,634.895,604.45,0.635,2.515,51.625,529.905,513.1855,13.756717235450688,0.0572431088748527,3811.355,5247.755,959.7755,946.545,5.072000000000001,2.515,51.625,-368.985,18.041080369588453,0.0479327159418946,0.0,0.0,45.23,606.965,635.53,30.444999999999936,0.0,30.444999999999936,1043.0905
2026-01-13 23:00:00,1259.248,0.0,164.366,96.219,0.0,49.663,0.0,0.0,616.608,4313.801,128.675,616.608,0.142938443382066,3697.193,2186.1040000000003,True,True,True,2,786.442,347.144,350.42650000000003,4.437,0.0,-7.5115,441.8375,2946.975,4390.935,669.5550000000001,643.485,0.63,2.52,38.295,528.5699999999999,513.108,14.657163811586898,0.0573950608139875,3701.541,5177.377,1016.699,993.9115,5.067,2.52,38.295,-394.54,19.198548100733607,0.0486788779895005,0.0,0.0,47.095,646.005,670.1850000000001,26.07000000000005,0.0,26.07000000000005,1041.678
2026-01-13 23:30:00,1308.587,0.0,166.377,100.411,0.0,37.701,0.0,0.0,678.356,4325.681,128.675,678.356,0.1568206254691458,3647.325,2291.432,True,True,True,2,732.5995,381.3465,244.385,4.437,0.0,-2.9485,441.8155,3012.105,4251.57,705.845,691.27,0.645,2.505,37.71,434.775,513.079,16.262275743392546,0.0589227672886538,3659.1295,4984.1695,1087.1915,935.655,5.082000000000001,2.505,37.71,-345.27,18.773131975891232,0.0502623135216221,0.0,0.0,45.51,693.775,706.49,14.575000000000044,0.0,14.575000000000044,947.854
2026-01-14 00:00:00,1343.531,0.0,251.936,100.133,0.0,37.405,0.0,0.0,734.237,4163.467,103.725,734.237,0.1763523044616421,3429.23,2467.242,True,True,True,2,699.2574999999999,368.872,217.62,4.437,0.0,-3.223,441.793,3130.7650000000003,4145.049999999999,752.3199999999999,736.895,0.625,2.515,37.835,284.77,513.1434999999999,17.779458716471968,0.060678055846269,3752.5705,4844.3075,1121.192,954.515,5.062,2.515,37.835,-353.015,19.704087997725797,0.051920042255745,0.0,0.0,43.47,739.41,752.9449999999999,15.424999999999956,0.0,15.424999999999956,797.9134999999999
2026-01-14 00:30:00,1353.778,0.0,294.872,98.591,0.0,44.148,0.0,0.0,766.178,4083.876,103.725,766.178,0.1876104955194525,3317.6980000000003,2557.567,True,True,True,2,670.956,369.688,201.6525,4.437,0.0,-19.009500000000003,441.786,3191.83,4033.385,878.565,858.53,0.63,2.53,44.445,134.77,513.0745,21.291390728536257,0.0627273988677324,3788.6155,4704.341,1248.2530000000002,1060.1825,5.067,2.53,44.445,-340.41,22.541439780825307,0.0537809726762578,0.0,0.0,43.65,861.06,879.195,20.03500000000008,0.0,20.03500000000008,647.8444999999999
2026-01-14 01:00:00,1319.584,0.0,191.888,98.663,0.0,56.294,0.0,0.0,943.79,3992.013,101.745,943.79,0.2364195707779508,3048.223,2610.219,True,True,True,2,691.0805,370.8985,205.664,4.437,0.0,-3.1435,441.8015,3173.33,3947.485,1078.59,1054.77,0.635,2.55,56.79,65.005,513.1610000000001,26.729377967135918,0.0645977213107154,3778.0555,4638.5655,1449.4885000000002,1260.434,5.072,2.55,56.79,-344.72,27.17888509887798,0.0549731589793357,0.0,0.0,47.045,1057.32,1079.225,23.820000000000164,0.0,23.820000000000164,578.166
2026-01-14 01:30:00,1164.263,0.0,172.096,102.013,0.0,67.119,0.0,0.0,1083.545,3886.382,101.745,1083.545,0.2788055831876537,2802.837,2589.036,True,True,True,2,685.228,354.209,201.261,4.437,0.0,-3.146,441.7935,3133.81,3859.955,1129.64,1102.725,0.635,2.56,68.38,48.66,513.1885,28.56940349357093,0.0663221821981346,3731.597,4545.182999999999,1483.8490000000002,1303.986,5.072,2.56,68.38,-343.285,28.69068011771341,0.0563236009823103,0.0,0.0,48.245,1105.285,1130.275,26.914999999999964,0.0,26.914999999999964,561.8485
2026-01-14 02:00:00,1041.141,0.0,288.17,97.13,0.0,68.778,0.0,0.0,1078.842,3842.688,97.96,1078.842,0.2807519111621865,2763.846,2574.061,True,True,True,2,682.864,351.5555,229.031,4.437,0.0,-3.0915,405.749,3250.425,3922.245,1171.78,1144.545,0.655,2.56,68.73,0.03,513.078,29.180875230412973,0.0652684823153208,3880.286,4605.109,1523.3355,1373.576,5.0920000000000005,2.56,68.73,-341.505,29.8276439424426,0.0555901242541427,0.0,0.0,47.41,1147.105,1172.435,27.2349999999999,0.0,27.2349999999999,513.108
2026-01-14 02:30:00,1039.156,0.0,276.755,99.223,0.0,68.151,0.0,0.0,1176.437,3905.807,97.96,1176.437,0.3012020307198998,2729.37,2659.722,True,True,True,2,672.153,358.1735,334.986,4.437,0.0,-3.128,265.37,3274.07,3869.36,1288.225,1252.34,0.65,2.565,67.97,0.02,463.585,32.37203227623833,0.0662921337749957,4002.3325,4541.513,1646.3985,1587.326,5.087,2.565,67.97,-309.92,34.96149384688281,0.0564804820268786,0.0,0.0,48.615,1254.9050000000002,1288.875,35.88499999999976,0.0,35.88499999999976,463.605
2026-01-14 03:00:00,1048.242,0.0,205.962,101.522,0.0,68.808,0.0,0.0,1312.785,3822.218,94.975,1312.785,0.3434615712656892,2509.433,2737.319,True,True,True,2,660.3005,356.911,374.487,4.437,0.0,-6.7355,140.801,3296.92,3820.58,1388.77,1362.615,0.645,2.575,68.475,0.02,461.223,35.6666551580891,0.0673976666367001,4111.981,4480.8805,1745.681,1737.102,5.082000000000001,2.575,68.475,-279.255,38.76866390677954,0.0574659500124329,0.0,0.0,49.27,1365.19,1389.415,26.154999999999973,0.0,26.154999999999973,461.243
2026-01-14 03:30:00,1003.349,0.0,164.031,97.689,0.0,67.742,0.0,0.0,1484.968,3814.884,94.975,1484.968,0.389256396786901,2329.916,2817.779,True,True,True,2,651.535,353.0,381.798,4.437,0.0,-4.5425,106.411,3405.055,3793.02,1604.13,1579.84,0.635,2.595,68.34,0.02,318.023,41.65485116593255,0.0684170512762798,4296.8415,4444.555,1957.13,1961.638,5.072000000000001,2.595,68.34,-331.24,44.139982320802126,0.0583877067378504,0.0,0.0,50.275000000000006,1582.435,1604.765,24.29000000000019,0.0,24.29000000000019,318.043
2026-01-14 04:00:00,1016.48,0.0,173.771,102.013,0.0,68.077,0.0,0.0,1654.001,3765.052,94.075,1654.001,0.4393036271477791,2111.0510000000004,3014.342,True,True,True,2,650.7525,405.9645,436.2905,4.437,0.0,-24.559,13.4655,3592.255,3745.025,1773.95,1750.975,0.665,2.555,68.28999999999999,0.02,168.60950000000005,46.757780802668414,0.0682267836847236,4521.057000000001,4395.7775,2179.9145,2187.2655000000004,5.102,2.555,68.28999999999999,-255.54,49.76104359942415,0.0581260215241733,0.0,0.0,50.21,1753.53,1774.615,22.975000000000136,0.0,22.975000000000136,168.62950000000004
2026-01-14 04:30:00,985.249,0.0,171.426,102.086,0.0,69.178,0.0,0.0,1830.78,3726.734,94.075,1830.78,0.4912558824965774,1895.954,3158.719,True,True,True,2,654.2365,427.46,453.2365,4.437,0.0,-20.7305,-3.9035,3684.505,3718.085,1962.93,1929.805,0.65,2.575,68.365,0.02,30.2665,51.905513726172735,0.0692566038448623,4651.359,4372.3215,2390.39,2383.0415000000003,5.087,2.575,68.365,-276.4,54.50425953887039,0.0588934019535908,0.0,0.0,51.39,1932.38,1963.58,33.12499999999977,0.0,33.12499999999977,30.2865
2026-01-14 05:00:00,941.045,0.0,164.366,77.433,0.0,68.553,0.0,0.0,1997.783,3730.114,94.425,1997.783,0.5355822905144454,1732.331,3249.18,True,True,True,2,679.9335000000001,490.925,512.7455,4.437,0.0,-4.075,-75.456,3838.775,3770.165,2086.625,2062.595,0.6699999999999999,2.575,68.89500000000001,-9.98,-67.1815,54.70494245315052,0.0682999293957057,4874.331,4450.0985,2577.55,2575.3405,5.107000000000001,2.575,68.89500000000001,-265.55,57.86721722890611,0.0578645678130941,0.0,0.0,52.795,2065.17,2087.295,24.0300000000002,0.0,24.0300000000002,-77.1615
2026-01-14 05:30:00,1116.978,0.0,170.398,60.399,0.0,69.214,0.0,0.0,2130.931,3797.351,94.425,2130.931,0.5611625051252834,1666.42,3547.92,True,True,True,2,709.1659999999999,515.0855,530.3905,4.437,0.0,-1.625,-98.114,4081.26,3843.015,2249.815,2210.415,0.635,2.585,68.485,-0.03,-188.827,57.515133082348456,0.0672648903300869,5098.7505,4552.1810000000005,2764.9005,2740.8055,5.072000000000001,2.585,68.485,-197.655,60.20712093321836,0.0567865461914227,0.0,0.0,53.67,2213.0,2250.45,39.39999999999964,0.0,39.39999999999964,-188.857
2026-01-14 06:00:00,1140.727,0.0,173.436,41.202,0.0,68.786,0.0,0.0,2271.683,3919.586,104.07,2271.683,0.5795721793066921,1647.9029999999998,3695.834,True,True,True,2,787.9795,510.4455,536.8720000000001,4.437,0.0,-2.3685,-103.464,4229.004999999999,4064.615,2383.775,2338.86,0.635,2.585,68.83,-0.02,-199.9075,57.54645946637842,0.0636100564135557,5287.41,4852.594499999999,2894.2205,2875.732,5.072,2.585,68.83,-151.16000000000005,59.26811168559989,0.0532845164184182,0.0,0.0,54.26500000000001,2341.445,2384.41,44.91499999999951,0.0,44.91499999999951,-199.9275
2026-01-14 06:30:00,1176.526,0.0,173.101,40.988,0.0,69.069,0.0,0.0,2342.397,4146.002,104.07,2342.397,0.56497729620005,1803.6050000000005,3802.081,True,True,True,2,875.4645,517.8125,544.664,4.437,0.0,-2.354,-60.3705,4398.549999999999,4283.83,2490.6000000000004,2425.915,0.65,2.58,69.03,-0.02,-199.9085,56.6249906644852,0.0602440459158478,5467.6225,5159.2945,3008.4125000000004,2970.579,5.087,2.58,69.03,-116.185,57.58061682062194,0.0500256312867884,0.0,0.0,54.24,2428.495,2491.2500000000005,64.6850000000004,0.0,64.6850000000004,-199.9285
2026-01-14 07:00:00,1262.496,0.0,265.004,41.339,0.0,68.736,0.0,0.0,2452.154,4427.788,123.685,2452.154,0.5538101643529456,1975.634,4089.729,True,True,True,2,1003.4375,486.905,512.1695,4.437,0.0,-2.424,-119.4495,4904.905,4668.01,2658.875,2571.4,0.6699999999999999,2.59,68.94999999999999,-0.02,-129.8545,55.08929424211529,0.0555063095885245,5931.844499999999,5671.4475,3145.78,3083.5695,5.107,2.59,68.94999999999999,116.945,54.37786478424488,0.045689727164302,0.0,0.0,52.86500000000001,2573.99,2659.545,87.47499999999991,0.0,87.47499999999991,-129.8745
2026-01-14 07:30:00,1264.181,0.0,305.282,41.339,0.0,68.871,0.0,0.0,2641.871,4812.817,123.685,2641.871,0.5489240500937393,2170.946,4321.544,True,True,True,2,1103.148,563.3985,589.019,4.437,0.0,-2.4615,-16.1695,4959.87,4930.514999999999,2767.215,2684.12,0.64,2.585,70.99000000000001,-0.02,-9.716,54.44345193379573,0.052434671444539,6065.629999999999,6033.663,3330.6135,3273.139,5.077,2.585,70.99000000000001,34.4,54.25136981662929,0.0428499661991971,0.0,0.0,54.93,2686.705,2767.855,83.09500000000025,0.0,83.09500000000025,-9.736
2026-01-14 08:00:00,1303.064,0.0,240.186,41.27,0.0,76.034,0.0,0.0,2677.457,4947.131,125.565,2677.457,0.5412140895399777,2269.6740000000004,4338.011,True,True,True,2,1159.853,577.7145,603.3095000000001,4.437,0.0,-2.4775,-3.531,5040.870000000001,5005.305,2836.995,2730.545,0.6799999999999999,2.58,80.005,-0.02,12.8895,54.55107393734517,0.0515484709523562,6157.967000000001,6165.158,3414.7095,3333.8545000000004,5.117,2.58,80.005,67.11,54.073516261255705,0.0418505723174647,0.0,0.0,55.17,2733.125,2837.675,106.44999999999982,0.0,106.44999999999982,12.8695
2026-01-14 08:30:00,1256.256,0.0,247.915,41.202,0.0,83.733,0.0,0.0,2806.9,5026.402,125.565,2806.9,0.55843125957693,2219.502,4436.006,True,True,True,2,1173.3185,641.9095,666.7284999999999,4.6335,0.2675,-2.7055,-3.5295,5114.629999999999,5059.96,3001.575,2903.98,2.83,4.68,85.72999999999999,-0.02,-71.904,57.3912011722153,0.0924783742808945,6305.349,6233.2785,3643.4845,3570.7085,7.4635,4.9475,85.72999999999999,4.96,57.28438448941306,0.0793504420371938,0.0,0.0,57.41,2908.66,3004.405,97.5949999999998,0.0,97.5949999999998,-71.92399999999999
2026-01-14 09:00:00,1358.043,0.0,199.26,41.27,0.0,85.185,0.0,0.0,2917.87,5078.288,119.555,2917.87,0.5745774954079013,2160.418,4601.628,True,True,True,2,1195.2855,632.3095000000001,651.5464999999999,5.6275,1.8945,-2.7,-3.543,5352.754999999999,5143.264999999999,3078.7250000000004,2965.92,19.435,22.055,100.525,-0.02,-190.8975,57.66658327305898,0.4282630337479341,6532.0525,6338.550499999999,3711.0345,3617.4665,25.0625,23.9495,100.525,38.045,57.07261666481989,0.3774399242231537,0.0,0.0,55.73,2987.975,3098.1600000000003,112.80500000000028,0.0,112.80500000000028,-190.9175
2026-01-14 09:30:00,1384.181,0.0,302.914,41.412,0.0,101.139,0.0,0.0,2962.958,5166.797,119.555,2962.958,0.5734612759123303,2203.8389999999995,4792.604,True,True,True,2,1203.207,629.1735000000001,644.512,6.188000000000001,2.7465,-2.705,-3.5655,5396.735,5153.56,3073.725,2949.445,58.635,60.445,101.905,-0.015,-199.957,57.23122051468159,1.1728625006671496,6561.7035,6356.767,3702.8985,3593.9570000000003,64.823,63.191500000000005,101.905,60.46,56.53750170931167,0.9940990678282728,0.0,0.0,55.835,3009.89,3132.36,124.2800000000002,0.0,124.2800000000002,-199.972
2026-01-14 10:00:00,1298.859,0.0,310.978,41.412,0.0,101.276,0.0,0.0,2978.179,5157.713,108.59,2978.179,0.5774223963217806,2179.534,4730.704,True,True,True,2,1203.6945,678.9594999999999,690.466,7.1015,4.3895,-2.713,-4.107,5469.844999999999,5153.36,3199.2,3042.8500000000004,58.775,62.405,101.615,-0.02,-199.9425,59.046257509338304,1.2109912126924065,6679.8175,6357.0545,3878.1595,3733.316,65.8765,66.7945,101.615,15.735,58.72701270752976,1.0507037551356015,0.0,0.0,56.975,3105.255000000001,3257.975,156.34999999999943,0.0,156.34999999999943,-199.9625
2026-01-14 10:30:00,1298.566,0.0,309.303,71.503,0.0,102.417,0.0,0.0,3051.425,5142.482,108.59,3051.425,0.5933759223658926,2091.057,4833.214,True,True,True,2,1214.338,738.4304999999999,720.4590000000001,8.106,5.9965,-2.709,-64.1395,5574.24,5180.04,3324.75,3157.315,54.98,58.105,101.82,-0.025,-199.9305,60.94798972315858,1.122163664610181,6823.167,6394.378000000001,4063.1805,3877.774,63.086,64.1015,101.82,45.335,60.64106244580836,1.0028160736453895,0.0,0.0,57.855,3215.42,3379.73,167.4350000000004,0.0,167.4350000000004,-199.9555
2026-01-14 11:00:00,1293.858,0.0,306.287,60.258,0.0,101.736,0.0,0.0,3274.812,5226.462,103.41,3274.812,0.6265829542049669,1951.6500000000003,5036.951,True,True,True,2,1222.721,721.0155,708.7475,6.6755,3.92,-2.7155,-45.7145,5680.575000000001,5199.55,3530.585,3289.935,58.505,62.16499999999999,101.33,-0.02,-199.9415,63.27415123962941,1.1960959083446283,6920.610500000001,6422.271000000001,4251.6005000000005,3998.6825,65.1805,66.085,101.33,45.69,62.263032558525154,1.029281108084323,0.0,0.0,58.815,3352.1,3589.09,240.6500000000001,0.0,240.6500000000001,-199.9615
2026-01-14 11:30:00,1314.02,0.0,284.127,60.467,0.0,101.203,0.0,0.0,3311.232,5183.677,103.41,3311.232,0.6387805413030172,1872.445,5071.049,True,True,True,2,1221.822,747.6605,738.0775,6.313000000000001,3.3840000000000003,-2.71,-166.957,5766.46,5200.27,3648.87,3320.95,69.435,72.86500000000001,101.575,-0.02,-199.924,63.86007064258826,1.4013146951972857,7037.0205,6422.092,4396.530500000001,4059.0275,75.74799999999999,76.249,101.575,137.27,63.2032314172484,1.187368722336901,0.0,0.0,59.77,3393.815,3718.305,327.9200000000001,0.0,327.9200000000001,-199.944
2026-01-14 12:00:00,1297.307,0.0,274.074,60.608,0.0,86.567,0.0,0.0,3357.985,5213.067,102.71,3357.985,0.644147677365359,1855.082,5076.541,True,True,True,2,1222.612,820.9014999999999,788.7090000000001,7.175000000000001,4.6185,-3.043,-122.455,5772.25,5243.81,3696.315,3313.465,61.385000000000005,64.685,86.94,-0.02,-199.9595,63.18905212067144,1.233599302651922,7089.488,6466.4220000000005,4517.2165,4102.174,68.56,69.3035,86.94,49.885,63.437945662003216,1.0717783409949144,0.0,0.0,60.005,3378.15,3757.7,382.8499999999999,0.0,382.8499999999999,-199.9795
2026-01-14 12:30:00,1307.169,0.0,305.617,60.326,0.0,86.175,0.0,0.0,3314.947,5266.898,102.71,3314.947,0.6293926709801481,1951.951,5074.234,True,True,True,2,1217.917,895.5409999999999,790.479,7.205999999999999,4.3825,-2.721,-186.981,5896.03,5260.885,3662.59,3287.475,60.29,58.895,86.595,-0.02,-199.949,62.48889672080511,1.1194551631746434,7217.286999999999,6478.802,4558.131,4077.954,67.49600000000001,63.2775,86.595,102.82,62.94283726673711,0.9766363289293142,0.0,0.0,58.77,3346.37,3722.88,375.1150000000002,1.3950000000000031,376.5100000000002,-199.969
2026-01-14 13:00:00,1319.686,0.0,367.676,60.326,0.0,86.552,0.0,0.0,3246.109,5248.509,100.25,3246.109,0.6184821251140086,2002.4,5080.349,True,True,True,2,1196.089,940.798,802.5935,7.021000000000001,4.375,-2.6295,-204.106,5742.545,5214.715,3612.665,3238.665,55.38,53.915,83.285,-0.025,-199.9195,62.1074205961754,1.0342767803616166,7063.8925,6410.804,4553.463,4041.2585,62.401,58.29,83.285,97.715,63.03974056876973,0.9096213828321909,0.0,0.0,58.68,3292.58,3668.045,374.0,1.4649999999999963,375.465,-199.9445
2026-01-14 13:30:00,1279.926,0.0,322.036,60.258,0.0,81.913,0.0,0.0,3223.206,5158.628,100.25,3223.206,0.6248184594818623,1935.422,4967.339,True,True,True,2,1175.11,974.1335,811.1395,6.343500000000001,3.117,-2.499,-204.0965,5585.585,5178.165,3597.665,3245.53,52.235,52.95,82.36500000000001,-0.02,-199.915,62.6773522101031,1.0225415559993118,6921.535,6353.275,4571.7985,4056.6695,58.5785,56.06699999999999,82.36500000000001,63.325,63.85153851622365,0.8825001250748883,0.0,0.0,58.815,3298.48,3649.9,352.1350000000002,0.0,352.1350000000002,-199.93500000000003
2026-01-14 14:00:00,1298.724,0.0,295.207,60.326,0.0,83.507,0.0,0.0,3160.878,,108.36,3160.878,,,4898.642,True,False,True,2,1169.533,982.982,808.8915,6.8345,4.4935,-2.255,-204.1005,5529.65,5226.139999999999,3391.11,3104.02,33.94,36.945,82.88499999999999,-3.005,-199.91,59.39626280659168,0.7072278752775213,6872.161,6395.673,4374.092,3912.9115,40.7745,41.438500000000005,82.88499999999999,49.775,61.18231521312726,0.6481163936429936,0.0,0.0,57.735,3140.965,3425.05,287.0899999999997,0.0,287.0899999999997,-202.915
2026-01-14 14:30:00,1329.964,0.0,404.58,60.399,0.0,82.377,0.0,0.0,3021.668,,108.36,3021.668,,,4898.988,True,False,True,2,1165.894,960.5795,791.615,6.8855,4.441000000000001,-2.099,-204.1205,5503.33,5233.51,3211.705,2947.865,23.905,23.3,82.86500000000001,-14.75,-199.904,56.3275455106099,0.4452477814982316,6827.915999999999,6399.404,4172.2845,3739.48,30.7905,27.741,82.86500000000001,65.83,58.435202404377385,0.4335109678940454,0.0,0.0,55.33,2971.165,3235.61,263.84000000000015,0.6050000000000004,264.44500000000016,-214.654
2026-01-14 15:00:00,1394.054,0.0,458.596,60.326,7.029,83.336,0.0,0.0,2854.131,,119.645,2854.131,,,4857.472,True,False,True,2,1171.825,906.6865,773.9515,5.336,1.711,-2.116,-182.22,5530.185,5247.264999999999,2653.11,2540.21,20.61,19.47,100.015,-107.89,-199.903,48.41387844336991,0.3710660651890883,6906.522,6419.09,3559.7965000000004,3314.1615,25.946,21.181,100.015,-2.265000000000001,51.63499092925088,0.3300141906309956,0.0,0.0,48.52,2559.68,2673.7200000000003,112.90000000000008,1.1400000000000006,114.04000000000008,-307.793
2026-01-14 15:30:00,1391.262,0.0,443.495,60.326,238.847,102.12,22.655,0.0,2320.261,,119.645,2320.261,,,4578.966,True,False,True,2,1204.4175,888.5615,755.8875,4.237,0.0765,-2.0345,-135.2095,5403.125,5266.405000000001,2335.645,2236.735,23.195,18.055,101.685,-18.520000000000003,-141.288,42.47223920757751,0.3428576904057157,6765.611,6470.8225,3224.2065,2992.6225000000004,27.432,18.131500000000003,101.685,-2.46,46.24930354323959,0.2802676549541743,0.0,0.0,44.8,2254.79,2358.84,98.90999999999984,5.140000000000001,104.04999999999986,-159.80800000000002
2026-01-14 16:00:00,1375.819,0.0,438.804,60.326,232.256,101.821,20.73,0.0,2197.699,5295.692,139.025,2197.699,0.4149975111845628,3097.993,4427.455,True,True,True,2,1248.909,904.2335,774.789,4.118,0.0,-1.729,-19.7985,5218.89,5350.549999999999,2254.06,2167.215,11.69,5.495,101.735,-0.02,-14.639,40.50599570378398,0.1027450074912785,6630.4465,6599.459,3158.2935,2942.004,15.808,5.495,101.735,-124.81,44.582114179273816,0.0833130062047282,0.0,0.0,44.71000000000001,2172.71,2265.75,86.8449999999998,6.195000000000001,93.0399999999998,-14.659
2026-01-14 16:30:00,1395.465,0.0,453.212,70.52,280.672,101.246,24.789,0.0,2109.647,5399.196,139.025,2109.647,0.3907335462539237,3289.549,4435.551,True,True,True,2,1308.2385,881.5419999999999,753.111,4.0155,0.0,-0.455,6.573,5274.719999999999,5462.805,2035.865,1984.395,6.18,2.7750000000000004,101.905,-0.015,72.57849999999999,36.332498942357546,0.0508096537686997,6686.8865,6771.043500000001,2917.407,2737.5060000000003,10.1955,2.7750000000000004,101.905,-93.185,40.437254642048345,0.0409951447095711,0.0,0.0,43.195,1987.17,2042.045,51.47000000000003,3.405,54.87500000000003,72.56349999999999
2026-01-14 17:00:00,1379.314,0.0,437.441,76.532,269.678,101.833,20.772,0.0,1883.023,5497.129,152.54,1883.023,0.3425466275213843,3614.106,4168.593,True,True,True,2,1339.2715,837.273,770.465,3.991,0.0,16.694,-3.1375,5257.04,5557.97,1965.655,1894.95,1.975,2.23,101.825,-0.02,208.39,34.094287357191575,0.0401188416095877,6668.6205,6897.2415,2802.928,2665.415,5.966,2.23,101.825,-69.355,38.64509463944953,0.0323288400243395,0.0,0.0,45.13,1897.18,1967.63,70.70499999999993,0.0,70.70499999999993,208.37
2026-01-14 17:30:00,1360.454,0.0,430.069,49.504,264.849,101.484,19.344,0.0,1944.918,5605.384,152.54,1944.918,0.3469731957703522,3660.466,4170.622,True,True,True,2,1318.161,795.713,773.0195,3.991,0.0,39.856,78.492,5047.389999999999,5618.620000000001,1987.745,1934.075,0.66,2.445,101.9,-0.015,357.1715,34.422560946241354,0.0435155512492683,6453.088,6936.781000000001,2783.458,2707.0945,4.651,2.445,101.9,-189.825,39.02566130383444,0.0352485220264697,0.0,0.0,50.14000000000001,1936.52,1988.405,53.67000000000007,0.0,53.67000000000007,357.1565
2026-01-14 18:00:00,1277.616,0.0,364.995,41.48,27.746,101.933,24.75,0.0,1960.218,5612.68,143.18,1960.218,0.3492481310176243,3652.462,3798.738,True,True,True,2,1269.4409999999998,765.1495,755.2729999999999,3.991,0.0,2.4675,148.4195,4787.25,5555.885,1958.29,1995.03,0.665,2.54,99.14,-0.02,471.776,35.909988399233264,0.0457190851887471,6196.259,6825.326,2723.4395,2750.303,4.656000000000001,2.54,99.14,-275.85,40.29505463179993,0.0372164998070859,0.0,0.0,51.6,1997.57,1958.955,0.0,0.0,0.0,471.756
2026-01-14 18:30:00,1298.357,0.0,249.59,41.412,99.899,90.462,0.0,0.0,1982.294,5509.67,143.18,1982.294,0.3597845243000034,3527.376,3762.014,True,True,True,2,1225.638,727.7845,691.8489999999999,3.991,0.0,22.8515,294.1905,4573.65,5473.505,1884.375,1922.09,0.655,2.53,90.035,73.425,399.526,35.114275429052064,0.046223078376162,5901.6045,6699.143,2612.1595,2613.9390000000003,4.646,2.53,90.035,-407.53,39.01676791893055,0.0377665783599152,0.0,0.0,52.505,1924.62,1885.03,0.0,0.0,0.0,472.951
2026-01-14 19:00:00,1308.608,0.0,222.404,41.48,23.283,89.945,0.0,0.0,1831.58,5441.791,127.48,1831.58,0.3365766895494516,3610.211,3517.3,True,True,True,2,1189.948,633.097,642.6545,3.991,0.0,-2.377,423.557,4343.58,5403.025,1908.835,1870.4,0.63,2.54,78.8,223.41000000000005,490.6525,34.61835720209272,0.0470115582411239,5448.899,6592.973,2541.932,2513.0545,4.621,2.54,78.8,-326.745,38.11778151492885,0.0385272539145093,0.0,0.0,55.06999999999999,1872.94,1909.465,38.434999999999945,0.0,38.434999999999945,714.0625
2026-01-14 19:30:00,1255.966,0.0,164.701,41.202,0.0,77.378,0.0,0.0,1883.956,5363.218,127.48,1883.956,0.3512734332260967,3479.262,3423.2029999999995,True,True,True,2,1147.7145,592.586,606.8075,3.991,0.0,-2.4530000000000003,441.9225,4111.2300000000005,5296.935,1892.175,1847.03,0.655,2.565,72.455,329.865,513.1610000000001,34.875065961918416,0.0484282438499132,5150.161,6444.6495,2484.761,2453.8375,4.646000000000001,2.565,72.455,-322.435,38.08085190730028,0.039803914458682,0.0,0.0,57.66500000000001,1849.595,1892.83,45.14499999999998,0.0,45.14499999999998,843.0260000000001
2026-01-14 20:00:00,1199.67,0.0,170.398,41.061,0.0,70.957,0.0,0.0,1866.959,5208.146,114.795,1866.959,0.3584690214137622,3341.187,3349.045,True,True,True,2,1108.534,532.4285,553.7205,3.991,0.0,-2.4575,441.857,3965.2,5151.924999999999,1770.2,1738.225,0.63,2.575,70.69999999999999,292.21500000000003,513.192,33.73659292311631,0.0499828517283086,5003.856,6260.459,2302.6285,2291.9455,4.621,2.575,70.69999999999999,-359.945,36.6048478314864,0.0411329166162749,0.0,0.0,56.155,1740.8,1770.8300000000002,31.975000000000136,0.0,31.975000000000136,805.407
2026-01-14 20:30:00,1252.256,0.0,171.426,40.988,0.0,70.151,0.0,0.0,1702.615,5111.343,114.795,1702.615,0.3331052132482598,3408.728,3237.436,True,True,True,2,1067.125,439.786,455.373,3.991,0.0,-2.4725,441.833,3900.405,5034.055,1725.865,1683.545,0.6799999999999999,2.595,59.845,289.58,513.1355000000001,33.44013680702666,0.0515510644682152,4850.702,6101.18,2165.651,2138.918,4.671,2.595,59.845,-311.685,35.05304306548555,0.0425349095673728,0.0,0.0,55.010000000000005,1686.14,1726.545,42.319999999999936,0.0,42.319999999999936,802.7155
2026-01-14 21:00:00,1231.356,0.0,164.701,41.202,0.0,52.871,0.0,0.0,1643.487,4984.466,110.005,1643.487,0.3297217796249387,3340.9790000000003,3133.617,True,True,True,2,1025.605,373.5965,388.505,3.991,0.0,-2.4875,424.868,3723.56,4883.1900000000005,1670.435,1642.6999999999998,0.645,2.575,38.44,359.515,513.2035000000001,33.64754693765739,0.0527416913602878,4603.9745,5908.795,2044.0315,2031.205,4.636,2.575,38.44,-265.925,34.379868909697606,0.043587089204963,0.0,0.0,55.845,1645.275,1671.08,27.735000000000127,0.0,27.735000000000127,872.7185000000001
2026-01-14 21:30:00,1151.916,0.0,172.096,41.27,0.0,38.211,0.0,0.0,1668.471,4777.135,110.005,1668.471,0.3492618483672745,3108.664,3071.964,True,True,True,2,974.9505,340.135,352.5475,3.991,0.0,-2.809,329.968,3768.82,4678.18,1752.46,1721.605,0.64,2.595,37.205,229.185,483.1395,36.81677738561713,0.0554793722128307,4607.3025,5653.130499999999,2092.5950000000003,2074.1525,4.631,2.595,37.205,-178.415,36.70447034675244,0.0459121494969619,0.0,0.0,54.65,1724.2,1753.1,30.855000000000015,0.0,30.855000000000015,712.3245
2026-01-14 22:00:00,972.823,0.0,171.426,50.204,0.0,37.215,0.0,0.0,1841.955,4567.216,98.955,1841.955,0.4032992965517724,2725.2610000000004,3073.623,True,True,True,2,909.854,337.3805,351.88250000000005,3.991,0.0,-2.7975000000000003,419.869,3480.99,4454.879999999999,1952.64,1911.495,0.645,2.595,37.245,165.65,512.3105,42.92731933637069,0.0582535348431131,4257.9175,5364.734,2290.0205,2263.3775,4.636,2.595,37.245,-274.47,42.20941814460091,0.0483745966345355,0.0,0.0,62.17,1914.09,1953.285,41.14499999999998,0.0,41.14499999999998,677.9605
2026-01-14 22:30:00,733.617,0.0,164.031,50.273,0.0,37.188,0.0,0.0,1928.351,4322.668,98.955,1928.351,0.4461020369827154,2394.317,2913.46,True,True,True,2,841.9385,339.41600000000005,353.341,3.991,0.0,-18.026,358.619,3507.66,4236.585,1921.835,1899.195,0.63,2.59,37.91,30.42,422.231,44.82933322595675,0.0611362010544443,4345.9665,5078.5235,2261.251,2252.536,4.621,2.59,37.91,-326.535,44.356802412392334,0.05100247667459,0.0,0.0,58.91499999999999,1901.785,1922.465,22.6400000000001,0.0,22.6400000000001,452.651
2026-01-14 23:00:00,1114.142,0.0,212.016,41.13,0.0,37.493,0.0,0.0,1874.016,4180.721,96.73,1874.016,0.4482518685174161,2306.7049999999995,3278.797,True,True,True,2,774.307,328.257,343.34950000000003,3.991,0.0,-6.891,241.836,3770.51,4266.305,1983.275,1926.79,0.64,2.59,37.295,0.02,371.3505,45.16345312911599,0.0607088187280847,4611.643,5040.611999999999,2311.532,2270.1395,4.631,2.59,37.295,-291.28,45.038446178949066,0.0513842921341156,0.0,0.0,54.795,1929.38,1983.915,56.48500000000013,0.0,56.48500000000013,371.3705
2026-01-14 23:30:00,1182.035,0.0,239.85,41.27,0.0,37.474,0.0,0.0,1911.029,4215.23,96.73,1911.029,0.4533629244430316,2304.201,3411.6580000000004,True,True,True,2,722.5405,338.472,353.577,3.991,0.0,-26.0455,94.29,3663.595,4158.094999999999,2016.365,1929.77,0.64,2.6100000000000003,37.365,0.02,491.573,46.4155991887378,0.0627703460622139,4501.439,4880.6355,2354.837,2283.347,4.631,2.6100000000000003,37.365,-171.15,46.79249966038095,0.0534784024191427,0.0,0.0,55.995,1932.38,2017.005,86.59500000000003,0.0,86.59500000000003,491.593
2026-01-15 00:00:00,1104.37,0.0,163.696,41.339,0.0,37.142,0.0,0.0,1968.699,4092.905,94.69,1968.699,0.481002857383692,2124.206,3315.246,True,True,True,2,681.387,385.5155,403.1225,3.991,0.0,-19.929,24.587,3610.905,4063.9,2066.905,2009.335,0.6499999999999999,2.595,37.375,0.015,471.6275,49.44905652357118,0.0638551776821664,4453.1565,4745.287,2452.4205,2412.4575,4.641,2.595,37.375,-153.55,50.84690898187935,0.0546864165681731,0.0,0.0,58.38,2011.93,2067.5550000000003,57.57000000000016,0.0,57.57000000000016,471.6425
2026-01-15 00:30:00,1007.317,0.0,169.058,41.202,0.0,37.662,0.0,0.0,2047.073,3991.73,94.69,2047.073,0.512828522971243,1944.657,3302.312,True,True,True,2,654.6845000000001,427.3845,444.366,3.991,0.0,-1.4255,13.7495,3531.02,3919.595,2070.495,2017.445,0.66,2.595,39.965,0.02,363.2485,51.46786477465719,0.0662136461688764,4374.2545,4574.279500000001,2497.8795,2461.811,4.651,2.595,39.965,-190.28,53.82106509387685,0.0567367740832341,0.0,0.0,59.440000000000005,2020.04,2071.155,53.04999999999996,0.0,53.04999999999996,363.2685
2026-01-15 01:00:00,825.365,0.0,164.366,60.258,0.0,48.734,0.0,0.0,1947.558,3835.666,94.195,1947.558,0.5077496320065407,1888.108,3046.281,True,True,True,2,679.1155,482.4485,485.253,3.991,0.0,-5.859500000000001,144.381,3261.145,3814.85,1905.99,1880.585,0.655,2.615,51.275000000000006,0.01,465.003,49.29210901350236,0.0685509308147795,4142.518,4493.9655,2388.4385,2365.838,4.646,2.615,51.275000000000006,-332.45,52.64167349432088,0.0581907460012165,0.0,0.0,62.220000000000006,1883.2,1906.645,25.404999999999973,0.0,25.404999999999973,465.013
2026-01-15 01:30:00,735.304,0.0,168.052,60.326,0.0,61.222,0.0,0.0,1823.006,3777.16,94.195,1823.006,0.4826393374916604,1954.154,2847.91,True,True,True,2,671.7375,489.688,400.716,3.991,0.0,-5.8455,236.352,3157.355,3752.335,1763.41,1742.62,0.665,2.6100000000000003,62.89,0.02,468.7305,46.437547727510655,0.0695567000050232,3964.6235,4424.0725,2253.098,2143.336,4.656000000000001,2.6100000000000003,62.89,-358.04,48.44127277479524,0.0589955720481252,0.0,0.0,60.605,1745.2299999999998,1764.075,20.79000000000019,0.0,20.79000000000019,468.7505
2026-01-15 02:00:00,850.377,0.0,164.031,91.678,0.0,68.424,0.0,0.0,1660.643,3752.13,93.16,1660.643,0.4425867440627057,2091.487,2835.153,True,True,True,2,662.7815,513.4590000000001,249.9745,3.991,0.0,-4.349,380.9565,3226.265,3841.93,1771.58,1742.455,0.64,2.595,68.255,0.02,513.1590000000001,45.35401844508154,0.0675441168230131,3876.0705,4504.711499999999,2285.039,1992.4295,4.631,2.595,68.255,-355.525,44.2300263578463,0.0576063408027583,0.0,0.0,60.11,1745.05,1772.22,29.125,0.0,29.125,513.1790000000001
2026-01-15 02:30:00,832.832,0.0,165.036,99.783,0.0,67.715,0.0,0.0,1741.377,3847.803,93.16,1741.377,0.4525639696211058,2106.426,2906.743,True,True,True,2,648.405,509.4955,208.8795,3.991,0.0,-4.3,390.8235,3222.405,3821.24,1755.215,1732.1999999999998,0.63,2.595,68.175,0.02,513.1510000000001,45.33334820091285,0.0679105519891888,3831.2615,4469.645,2264.7105,1941.0795,4.621,2.595,68.175,-339.065,43.43033121326045,0.0580588553562792,0.0,0.0,59.68,1734.7949999999998,1755.845,23.0150000000001,0.0,23.0150000000001,513.171
2026-01-15 03:00:00,779.142,0.0,164.701,98.732,0.0,68.004,0.0,0.0,1747.997,3787.715,91.99,1747.997,0.4614911628778828,2039.718,2858.576,True,True,True,2,644.424,503.4565,198.8515,3.991,0.0,-10.906,439.4325,3118.38,3768.375,1728.835,1697.985,0.655,2.59,68.11500000000001,0.02,513.1875,45.058998527980265,0.0687313537763686,3711.032,4412.799,2232.2915000000003,1896.8365,4.646,2.59,68.11500000000001,-368.94,42.98441870270907,0.0586942327633082,0.0,0.0,60.685,1700.575,1729.49,30.84999999999991,0.0,30.84999999999991,513.2075
2026-01-15 03:30:00,775.486,0.0,164.366,98.941,0.0,68.146,0.0,0.0,1701.575,3747.093,91.99,1701.575,0.4541053558051535,2045.518,2808.514,True,True,True,2,632.567,518.283,188.432,3.991,0.0,-11.096,396.507,3116.34,3710.92,1760.975,1734.0549999999998,0.65,2.59,67.805,0.01,499.3845,46.73304836851321,0.0697962357441095,3700.0455,4343.487,2279.258,1922.487,4.641,2.59,67.805,-328.41,44.26751710921846,0.0596314771093098,0.0,0.0,60.92,1736.6449999999998,1761.625,26.920000000000076,0.0,26.920000000000076,499.3945
2026-01-15 04:00:00,725.296,0.0,172.766,84.068,0.0,68.41,0.0,0.0,1769.304,3672.141,93.07,1769.304,0.4818181001219724,1902.837,2819.844,True,True,True,2,635.5965,545.31,319.673,3.991,0.0,-11.083,256.97950000000003,3156.29,3671.385,1801.275,1762.57,0.665,2.595,68.61500000000001,0.02,408.7855,48.006993767597486,0.0706825340925541,3885.319,4306.9815,2346.585,2082.243,4.656000000000001,2.595,68.61500000000001,-331.76,48.345751213148745,0.0602512300731868,0.0,0.0,60.06,1765.165,1801.94,38.70500000000016,0.0,38.70500000000016,408.8055
2026-01-15 04:30:00,825.234,0.0,165.036,41.548,0.0,68.254,0.0,0.0,1661.902,3660.762,93.07,1661.902,0.4539770681623115,1998.86,2761.974,True,True,True,2,638.8945,539.8679999999999,396.3885,3.991,0.0,-2.838,211.093,3065.475,3670.48,1655.86,1604.885,0.655,2.575,68.765,0.02,483.9735,43.72484261414083,0.0701548184218282,3864.4925,4309.3745,2195.728,2001.2735,4.646000000000001,2.575,68.765,-360.3,46.440285217677314,0.059753829769123,0.0,0.0,58.785,1607.46,1656.515,50.975000000000136,0.0,50.975000000000136,483.9935
2026-01-15 05:00:00,905.596,0.0,173.771,55.583,0.0,68.464,0.0,0.0,1587.658,3675.44,95.0,1587.658,0.4319640641664671,2087.782,2791.072,True,True,True,2,656.348,515.986,499.2305,3.991,0.0,-2.4495,69.4345,3176.435,3715.935,1660.27,1619.0749999999998,0.635,2.595,68.56,0.02,409.482,43.572065963978986,0.0698348677244885,4080.7065,4372.283,2176.2560000000003,2118.3055,4.626,2.595,68.56,-306.19,48.44804755425968,0.0593517820682235,0.0,0.0,56.65,1621.6699999999998,1660.905,41.19500000000016,0.0,41.19500000000016,409.502
2026-01-15 05:30:00,1041.881,0.0,164.701,41.27,0.0,69.071,0.0,0.0,1568.755,3753.994,95.0,1568.755,0.4178895863978472,2185.239,2885.678,True,True,True,2,686.5129999999999,518.49,531.2515,3.991,0.0,-17.351,40.3335,3152.13,3807.21,1582.71,1541.14,0.685,2.58,68.565,0.02,477.0245,40.4826384799719,0.0677714065488584,4117.941,4493.723,2101.2,2072.3915,4.676,2.58,68.565,-291.745,46.12019246615541,0.0574199404058818,0.0,0.0,55.595000000000006,1543.7199999999998,1583.395,41.57000000000016,0.0,41.57000000000016,477.0445
2026-01-15 06:00:00,1133.165,0.0,168.387,41.27,0.0,68.796,0.0,0.0,1488.155,3882.181,105.415,1488.155,0.3833296283712686,2394.026,2899.773,True,True,True,2,778.8695,547.6925,564.2139999999999,3.991,0.0,2.071,78.711,3322.69,4032.335,1444.16,1408.56,0.635,2.58,68.45,0.055,391.7665,34.94854562267399,0.0639926597122263,4379.6405,4811.2045,1991.8525,1972.774,4.626,2.58,68.45,-347.89,41.02294772569356,0.0536368768598922,0.0,0.0,50.27,1411.14,1444.7949999999998,35.59999999999991,0.0,35.59999999999991,391.8215
2026-01-15 06:30:00,1317.976,0.0,164.366,41.27,0.0,68.054,0.0,0.0,1329.247,4122.806,105.415,1329.247,0.3224131817019768,2793.5589999999997,2920.9130000000005,True,True,True,2,866.6514999999999,551.8315,564.138,3.991,0.0,1.7905000000000002,225.101,3362.3100000000004,4279.295,1324.105,1288.735,0.66,2.6,68.77,78.47,466.518,30.133174704340504,0.0607815030628821,4369.866,5145.9465,1875.9365,1852.873,4.651,2.6,68.77,-358.33500000000004,36.03070226297189,0.0505492827765196,0.0,0.0,50.7,1291.335,1324.765,35.36999999999989,0.0,35.36999999999989,544.988
2026-01-15 07:00:00,1403.33,0.0,203.616,41.27,0.0,68.6,0.0,0.0,1242.477,4414.526,115.22,1242.477,0.2814519610938977,3172.049,2959.293,True,True,True,2,991.975,519.3855000000001,527.6165000000001,3.991,0.0,-2.447,265.25,3659.625,4624.26,1213.095,1191.58,0.66,2.575,68.72999999999999,228.465,393.917,25.790628967878583,0.0556996062029588,4727.8815,5616.235,1732.4805,1719.1965,4.651,2.575,68.72999999999999,-326.46000000000004,30.63981925040856,0.0458655156439247,0.0,0.0,46.11500000000001,1194.155,1213.755,21.5150000000001,0.0,21.5150000000001,622.3820000000001
2026-01-15 07:30:00,1571.953,0.0,194.234,50.696,0.0,68.412,0.0,0.0,1122.158,4778.033,115.22,1122.158,0.2348577332973631,3655.875000000001,3007.453,True,True,True,2,1094.1005,502.597,511.574,3.991,0.0,-2.4505,399.983,3607.34,4895.23,1138.945,1105.885,0.66,2.59,71.03999999999999,378.46,491.014,22.597950471576688,0.0529118315439374,4717.7965,5989.3305,1641.542,1617.459,4.651,2.59,71.03999999999999,-402.03,27.013805948251328,0.0432471626973251,0.0,0.0,47.77,1108.475,1139.605,33.059999999999945,0.0,33.059999999999945,869.4739999999999
2026-01-15 08:00:00,1594.265,0.0,164.031,98.522,0.0,74.804,0.0,0.0,1058.077,4934.706,144.555,1058.077,0.214415407929064,3876.629,2989.6990000000005,True,True,True,2,1157.982,485.9365,504.883,3.991,0.0,-2.46,441.8365,3563.085,4980.26,1025.815,1005.285,0.6950000000000001,2.43,79.85,510.44,513.172,20.18758095088807,0.0487984564292891,4668.279500000001,6138.242,1511.7515,1510.168,4.686,2.43,79.85,-374.67,24.605497748168688,0.0395952656583891,0.0,0.0,48.0,1007.715,1026.51,20.529999999999973,0.0,20.529999999999973,1023.612
2026-01-15 08:30:00,1675.674,0.0,171.426,101.945,0.0,83.089,0.0,0.0,906.451,4991.495,144.555,906.451,0.1815991000692177,4085.044,2938.585,True,True,True,2,1175.9295,459.786,472.457,4.2325,0.303,-2.4565,441.82950000000005,3580.195,5011.43,914.615,897.755,7.85,8.66,87.005,529.895,513.158,17.914598369401997,0.1726166981034223,4697.625,6187.3595,1374.4009999999998,1370.212,12.0825,8.963,87.005,-368.765,22.145968338166604,0.1446902662447647,0.0,0.0,45.81,906.415,922.465,16.860000000000014,0.0,16.860000000000014,1043.053
2026-01-15 09:00:00,1704.444,0.0,168.387,110.537,0.0,101.334,0.0,0.0,878.874,5041.079,153.8,878.874,0.1743424374027862,4162.205,2963.576,True,True,True,2,1205.714,418.4395,441.9655,6.523,2.7775000000000003,-2.453,441.734,3729.435,5094.76,907.175,873.165,37.86,32.535,101.595,529.9,513.1665,17.1383789207949,0.6381412755395378,4811.559,6300.474,1325.6145,1315.1305000000002,44.383,35.3125,101.595,-302.52,20.8737068794315,0.5600074864937635,0.0,0.0,44.625,905.7,945.035,34.00999999999999,5.325000000000003,39.335,1043.0665
2026-01-15 09:30:00,1650.938,0.0,164.366,108.443,0.0,101.054,0.0,0.0,855.02,5087.145,153.8,855.02,0.1680746273204321,4232.125,2879.821,True,True,True,2,1207.2775,381.8875,397.8735,16.1325,10.4045,-2.4725,441.6035,3750.46,5076.435,896.9749999999999,859.7650000000001,133.48,94.095,101.435,529.915,513.178,16.9346312174491,1.8553468504134751,4795.487,6283.712500000001,1278.8625,1257.6385,149.6125,104.49949999999998,101.435,-263.58500000000004,20.01270482914436,1.6646752677036722,0.0,0.0,45.375,953.86,1030.455,37.20999999999981,39.38499999999999,76.5949999999998,1043.0929999999998
2026-01-15 10:00:00,1680.277,0.0,190.548,108.375,0.0,101.653,0.0,0.0,816.282,5030.203,146.5,816.282,0.1622761546601598,4213.921,2897.135,True,True,True,2,1181.475,340.755,349.9115,29.967,20.3635,-2.472,441.579,3670.285,4993.8150000000005,800.515,767.31,193.605,172.17000000000002,101.565,529.9,513.1875,15.36304967484722,3.449952792073536,4687.811,6175.29,1141.27,1117.2215,223.572,192.5335,101.565,-261.59,18.088883005642444,3.119653137257452,0.0,0.0,45.65,939.48,994.12,33.20500000000004,21.43499999999997,54.640000000000015,1043.0875
2026-01-15 10:30:00,1692.11,0.0,162.691,108.994,0.0,101.902,0.0,0.0,723.248,4967.325,146.5,723.248,0.1456011032094739,4244.076999999999,2788.945,True,True,True,2,1172.8215,310.433,322.51250000000005,38.057,28.416,-2.4690000000000003,441.592,3652.87,4922.96,738.2149999999999,705.875,253.57,237.46,101.71,529.925,513.1855,14.33679021279008,4.8257478456574825,4647.0495,6095.7815,1048.648,1028.3875,291.62699999999995,265.876,101.71,-246.965,16.868851747836068,4.363339891318202,0.0,0.0,45.995,943.335,991.785,32.33999999999992,16.110000000000014,48.44999999999993,1043.1105
2026-01-15 11:00:00,1674.809,0.0,164.701,108.093,0.0,101.178,0.0,0.0,695.542,4882.925,134.015,695.542,0.1424437196966982,4187.383,2744.323,True,True,True,2,1158.5555,257.7625,278.2175,41.645,34.367999999999995,-2.2915,441.5765,3658.155,4866.13,768.53,731.47,302.855,280.595,101.565,529.905,513.143,15.03154133148551,5.766799626384718,4610.1465,6024.6855,1026.2925,1009.6875,344.5,314.963,101.565,-219.47,16.758403894115794,5.228446825838749,0.0,0.0,47.03,1012.065,1071.385,37.059999999999945,22.25999999999999,59.319999999999936,1043.048
2026-01-15 11:30:00,1665.665,0.0,166.712,110.468,0.0,101.449,0.0,0.0,654.698,4836.564,134.015,654.698,0.1353642792693325,4181.866,2698.992,True,True,True,2,1144.5884999999998,224.879,239.6415,51.17700000000001,40.665,-2.0570000000000004,441.5705,3617.37,4819.174999999999,649.755,625.9649999999999,346.13,327.46500000000003,101.345,529.9200000000001,513.1685,12.988915795997938,6.795159260507913,4547.5025000000005,5963.763499999999,874.634,865.6065,397.307,368.13,101.345,-211.115,14.514354821172743,6.172932923215705,0.0,0.0,46.205,953.43,995.885,23.79000000000008,18.664999999999964,42.45500000000004,1043.0885
2026-01-15 12:00:00,1626.99,0.0,164.366,107.396,0.0,101.346,0.0,0.0,611.168,4794.776,141.0,611.168,0.1274653915010836,4183.608,2611.266,True,True,True,2,1141.598,231.4515,243.3285,56.77,44.024,-2.293,441.6165,3509.41,4792.98,605.975,582.155,371.085,349.635,101.895,529.935,513.1875,12.144809884246078,7.295330210270423,4448.1315,5934.578,837.4265,825.4835,427.855,393.659,101.895,-222.495,13.909100567768736,6.633668249560719,0.0,0.0,46.86,931.79,977.06,23.82000000000005,21.450000000000045,45.270000000000095,1043.1225
2026-01-15 12:30:00,1605.163,0.0,169.393,111.447,0.0,101.985,0.0,0.0,560.823,4778.499,141.0,560.823,0.1173638416582278,4217.676,2548.811,True,True,True,2,1137.952,268.185,278.2865,56.1905,43.271,-2.286,441.616,3451.995,4783.41,584.575,567.11,370.39,355.11,105.46,529.92,513.188,11.85574327556766,7.423763690174227,4430.778,5921.362,852.76,845.3965,426.5805,398.381,105.46,-267.565,14.277136935347215,6.727820370636051,0.0,0.0,47.405,922.22,954.965,17.465000000000032,15.279999999999973,32.745000000000005,1043.108
2026-01-15 13:00:00,1591.296,0.0,164.031,109.695,0.0,112.435,0.0,0.0,596.876,4772.912,144.065,596.876,0.1250548931134703,4176.036,2574.333,True,True,True,2,1123.2495,264.2615,266.123,57.1735,42.3665,-2.302,441.6165,3417.035,4756.504999999999,588.125,569.095,343.85,331.08,113.19,529.905,513.1835,11.963676864675396,6.960679355843322,4389.4015,5879.754499999999,852.3865,835.2180000000001,401.0235,373.4465,113.19,-275.37,14.20335616877218,6.351442254410262,0.0,0.0,47.04,900.175,931.975,19.029999999999973,12.77000000000004,31.80000000000001,1043.0884999999998
2026-01-15 13:30:00,1586.993,0.0,164.366,109.067,0.0,112.211,0.0,0.0,550.743,4713.706,144.065,550.743,0.1168386403394696,4162.963,2523.38,True,True,True,2,1113.033,244.343,245.6795,52.364,37.807,-2.108,441.609,3408.165,4731.155000000001,603.185,582.855,345.775,329.645,113.065,529.93,513.1959999999999,12.319280915349632,6.96782374666168,4354.77,5844.188,847.528,828.5345,398.139,367.452,113.065,-259.73,14.17715208477284,6.28766859160866,0.0,0.0,47.125,912.5,948.96,20.329999999999927,16.129999999999995,36.45999999999992,1043.1259999999995
2026-01-15 14:00:00,1604.171,0.0,173.101,112.066,0.0,112.693,0.0,0.0,598.189,4756.063,150.93,598.189,0.1257739857525016,4157.874,2600.2200000000003,True,True,True,2,1115.8485,209.7995,208.704,42.8355,29.61,-1.881,441.607,3475.125,4746.205,542.215,523.535,269.855,253.525,112.68,529.915,513.1815,11.029884972845638,5.341034085662451,4373.0765,5862.0535,752.0145,732.239,312.69050000000004,283.135,112.68,-207.625,12.49073496174863,4.829595985375715,0.0,0.0,44.735,777.06,812.07,18.680000000000064,16.330000000000013,35.01000000000008,1043.0965
2026-01-15 14:30:00,1647.794,0.0,164.031,109.135,0.0,111.86,0.0,0.0,505.383,4729.217,150.93,505.383,0.1068639903814944,4223.834,2538.203,True,True,True,2,1122.8835,173.3035,174.2865,36.6185,23.789,-1.89,441.63,3542.115,4757.280000000001,574.355,544.885,231.56,210.48,116.125,529.915,513.187,11.453366881439347,4.424349154897868,4392.4185,5880.163500000001,747.6585,719.1714999999999,268.1785,234.269,116.125,-152.055,12.230594844174162,3.9841100608512594,0.0,0.0,43.565,755.365,805.915,29.470000000000027,21.079999999999984,50.55000000000001,1043.102
2026-01-15 15:00:00,1691.925,0.0,186.504,113.959,0.0,131.559,0.0,0.0,545.673,4809.587,179.5,545.673,0.1134552717312318,4263.914000000001,2669.62,True,True,True,2,1139.051,167.18200000000002,164.5725,31.9885,16.891,-1.882,441.637,3698.61,4887.28,547.21,528.415,141.285,124.23,131.495,529.91,513.1400000000001,10.813378913261763,2.5443161223975523,4540.387000000001,6026.331,714.392,692.9875,173.27349999999998,141.121,131.495,-125.875,11.501060332963016,2.34399964886631,0.0,0.0,39.15,652.645,688.495,18.795000000000076,17.054999999999993,35.850000000000065,1043.0500000000002
2026-01-15 15:30:00,1705.491,0.0,256.627,110.255,263.895,131.746,0.0,0.0,529.978,4920.118,179.5,529.978,0.1077165222460111,4390.14,2997.992,True,True,True,2,1174.9395,178.777,175.01749999999998,21.09,7.089499999999999,-1.8955,441.6355,3829.53,4976.1900000000005,538.36,513.825,79.655,60.505,131.945,529.91,513.1700000000001,10.328294822997805,1.2171390609071668,4664.735500000001,6151.1295,717.137,688.8425,100.745,67.5945,131.945,-83.19,11.200677220134292,1.1002383404126168,0.0,0.0,36.55500000000001,574.33,618.015,24.534999999999968,19.15000000000001,43.68499999999997,1043.08
2026-01-15 16:00:00,1684.673,0.0,262.659,108.507,288.432,132.024,0.0,0.0,496.551,5025.505,188.0,496.551,0.0988061896267141,4528.954,2972.846,True,True,True,2,1221.085,195.7735,195.671,13.0775,1.375,-1.89,441.66,4001.925,5116.81,586.895,562.305,23.78,18.1,132.13,529.925,513.1675,10.986631099777489,0.3547322637287337,4852.963,6337.895,782.6685,757.976,36.8575,19.475,132.13,-51.385,11.95658153899496,0.3083024571945615,0.0,0.0,36.505,580.405,610.675,24.590000000000032,5.68,30.27000000000003,1043.0925
2026-01-15 16:30:00,1720.342,0.0,287.5,112.348,293.269,131.355,0.0,0.0,595.169,5191.661,188.0,595.169,0.1146394188680655,4596.492,3139.983,True,True,True,2,1293.9925,220.045,220.001,11.9855,0.001,13.382,441.664,4199.835,5270.78,683.125,649.415,2.035,1.495,131.70499999999998,529.92,513.169,12.316331968691951,0.028564538723509,5064.003000000001,6564.772499999999,903.17,869.4159999999999,14.0205,1.4959999999999998,131.70499999999998,-5.620000000000001,13.239087490373052,0.022980931367373,0.0,0.0,37.86,650.91,685.16,33.71000000000004,0.5400000000000003,34.25000000000004,1043.089
2026-01-15 17:00:00,1729.84,0.0,276.755,107.324,284.624,130.912,0.0,0.0,737.117,5356.083,193.275,737.117,0.1376224005490579,4618.965999999999,3266.572,True,True,True,2,1354.225,224.7485,227.173,11.903,0.0,22.432,441.684,4448.41,5458.91,857.785,798.845,0.675,0.0,131.57,529.905,513.155,14.628766605144865,0.0,5301.438,6813.135,1082.5335,1026.018,12.578,0.0,131.57,57.44,15.05551027174187,0.0,0.0,0.0,41.125,798.845,858.4599999999999,58.93999999999994,0.675,59.61499999999994,1043.06
2026-01-15 17:30:00,1737.306,0.0,280.106,107.533,287.043,131.316,0.0,0.0,863.451,5535.666,193.275,863.451,0.1559796057059801,4672.215,3406.755,True,True,True,2,1352.4405,234.6055,235.5615,11.903,0.0,24.497,441.6785,4508.9400000000005,5542.295,903.885,862.135,0.67,0.215,131.655,529.92,513.187,15.555578284486426,0.0038793516504476,5381.4725,6894.735500000001,1138.4905,1097.6965,12.573,0.215,131.655,34.08,15.920971108721114,0.0031193209020818,0.0,0.0,41.235,862.35,904.555,41.75,0.455,42.205,1043.107
2026-01-15 18:00:00,1741.194,0.0,292.861,110.255,292.536,131.987,0.0,0.0,896.315,5512.474,187.75,896.315,0.1625975922970339,4616.159,3465.148,True,True,True,2,1316.3225,244.019,246.766,11.903,0.0,52.387,441.649,4382.620000000001,5494.035,942.77,901.44,0.65,0.265,131.615,529.9200000000001,513.1565,16.408213397450883,0.0048226115197858,5268.6305,6810.3575,1186.789,1148.206,12.553,0.265,131.615,-44.745,16.860603871957224,0.0038903380709011,0.0,0.0,40.755,901.705,943.42,41.32999999999993,0.385,41.714999999999925,1043.0765
2026-01-15 18:30:00,1682.973,0.0,257.632,107.674,286.677,131.956,0.0,0.0,928.218,5470.851,187.75,928.218,0.1696661086182022,4542.633,3395.13,True,True,True,2,1278.895,263.123,271.509,11.903,0.0,25.21,441.6535,4285.71,5436.91,1026.69,992.805,0.665,0.24,131.87,529.89,513.1705,18.26247544353893,0.0044135480377164,5201.992,6715.805,1289.813,1264.314,12.568,0.24,131.87,-86.50999999999999,18.828779968641868,0.0035729830716047,0.0,0.0,41.85,993.045,1027.355,33.88499999999999,0.425,34.30999999999999,1043.0605
2026-01-15 19:00:00,1696.172,0.0,171.068,112.626,289.897,131.847,0.0,0.0,1030.262,5394.664,152.555,1030.262,0.1909779737903973,4364.402,3431.8720000000003,True,True,True,2,1240.9065,282.1445,291.1385,11.903,0.0,-2.2865,441.6525,4182.695,5369.450000000001,1081.27,1049.315,0.61,0.245,131.93,529.905,513.191,19.542798667774548,0.0045626026954865,5123.068,6610.3565,1363.4145,1340.4535,12.513000000000002,0.245,131.93,-121.61,20.279015365534992,0.0037060698407989,0.0,0.0,42.27,1049.56,1081.88,31.954999999999927,0.365,32.31999999999993,1043.096
2026-01-15 19:30:00,1606.783,0.0,164.366,108.024,283.381,131.635,0.0,0.0,1083.023,5311.452,152.555,1083.023,0.2039033770803162,4228.429,3377.2119999999995,True,True,True,2,1203.2895,319.7585,330.5505,11.903,0.0,-2.3905,441.638,4000.2,5262.455,1171.375,1131.36,0.665,0.265,131.57,529.9,513.1945000000001,21.501706270794774,0.0050353052917101,4977.3330000000005,6465.7445,1491.1335,1461.9105,12.568,0.265,131.57,-196.855,22.613129091596875,0.0040982177869266,0.0,0.0,45.085,1131.6250000000002,1172.04,40.01499999999987,0.4,40.41499999999987,1043.0945000000002
2026-01-15 20:00:00,1655.816,0.0,193.899,73.665,0.0,117.133,0.0,0.0,1150.95,5197.44,137.55,1150.95,0.2214455578130772,4046.49,3191.463,True,True,True,2,1159.1365,329.8755,336.6775,11.903,0.0,-2.3875,441.58,3929.905,5151.685,1204.87,1163.3049999999998,0.635,0.235,116.76,529.9300000000001,513.1804999999999,22.581008299447703,0.0045604215799385,4822.4705,6310.8215,1534.7455,1499.9825,12.538,0.235,116.76,-157.195,23.769055384032285,0.0037225921332215,0.0,0.0,47.055,1163.5399999999995,1205.505,41.565000000000055,0.4,41.96500000000005,1043.1105
2026-01-15 20:30:00,1666.394,0.0,196.915,55.306,0.0,116.526,0.0,0.0,1158.032,5109.066,137.55,1158.032,0.2266621726945786,3951.034,3193.173,True,True,True,2,1113.899,346.019,357.7205,11.903,0.0,-2.371,441.568,3796.29,5051.555,1132.4,1110.08,0.665,0.245,107.05,518.96,513.232,21.9744186882835,0.0048495677013024,4685.636,6165.454,1478.419,1467.8004999999998,12.568,0.245,107.05,-200.795,23.80790890220023,0.0039733807898942,0.0,0.0,47.22,1110.3249999999998,1133.065,22.320000000000164,0.42,22.740000000000165,1032.192
2026-01-15 21:00:00,1684.812,0.0,204.957,55.374,0.0,102.294,0.0,0.0,1089.682,4982.171,114.165,1089.682,0.2187162985774675,3892.489000000001,3137.119,True,True,True,2,1064.997,332.8065,341.063,11.903,0.0,-2.3645,438.6215,3726.855,4890.895,1139.1,1110.765,0.64,0.22,99.705,401.485,513.2049999999999,22.7174551946027,0.0045007406253742,4595.916499999999,5955.892,1471.9065,1451.828,12.543,0.22,99.705,-227.075,24.38070966390361,0.0036961389196815,0.0,0.0,46.67,1110.985,1139.74,28.33500000000004,0.42,28.75500000000004,914.69
2026-01-15 21:30:00,1716.069,0.0,220.058,55.374,0.0,99.003,0.0,0.0,1133.415,4781.013,114.165,1133.415,0.2370658686767846,3647.598,3223.919,True,True,True,2,1003.537,294.7275,301.1985,11.903,0.0,-2.5605,371.369,3730.845,4685.925,1156.96,1136.3449999999998,0.645,0.2249999999999999,98.69,253.95,493.843,24.25163279607514,0.0047987750661865,4565.9175,5689.462,1451.6875,1437.5434999999998,12.548,0.2249999999999999,98.69,-186.12,25.267692752447985,0.00395219386294,0.0,0.0,44.535,1136.5699999999997,1157.605,20.61500000000024,0.42,21.03500000000024,747.7929999999999
2026-01-15 22:00:00,1754.84,0.0,263.329,60.326,0.0,98.559,0.0,0.0,1082.372,4575.431,103.425,1082.372,0.2365617577885012,3493.0589999999997,3259.4260000000004,True,True,True,2,942.245,283.16650000000004,289.0635,11.903,0.0,-2.7405,437.1315,3537.675,4482.63,1137.595,1085.9699999999998,0.625,0.21,98.185,187.825,465.0305,24.232593408469288,0.0046853413888974,4329.8395,5424.875,1420.7615,1375.0335,12.528,0.21,98.185,-270.4,25.354135225368747,0.0038716425378091,0.0,0.0,45.07,1086.1799999999998,1138.22,51.62500000000023,0.415,52.04000000000023,652.8555
2026-01-15 22:30:00,1715.012,0.0,262.659,60.326,0.0,97.939,0.0,0.0,1092.295,4364.575,103.425,1092.295,0.2502637713866757,3272.28,3228.231,True,True,True,2,877.2355,277.623,283.548,11.903,0.0,-58.937,434.4755,3486.9,4299.345,1152.83,1128.1,0.63,0.24,98.605,46.035,505.577,26.24412112287872,0.0055825730697012,4286.7045,5176.5805,1430.453,1411.648,12.533,0.24,98.605,-284.515,27.273712438198228,0.0046366719267641,0.0,0.0,45.1,1128.34,1153.46,24.730000000000015,0.39,25.12000000000002,551.612
2026-01-15 23:00:00,1733.039,0.0,266.345,60.189,0.0,98.227,0.0,0.0,1173.03,4239.646,101.375,1173.03,0.2766811191311727,3066.616,3330.83,True,True,True,2,809.4665,276.387,279.91650000000004,11.903,0.0,-12.118,359.583,3652.185,4326.095,1170.385,1149.405,0.63,0.215,98.685,0.02,441.433,26.56738420869062,0.0049725221418672,4457.9645,5135.5615,1446.772,1429.3215,12.533,0.215,98.685,-330.62,27.8309620940459,0.0041901565994435,0.0,0.0,42.235,1149.62,1171.015,20.980000000000015,0.415,21.395000000000017,441.453
2026-01-15 23:30:00,1727.894,0.0,375.382,72.691,0.0,98.024,0.0,0.0,1154.907,4272.985,101.375,1154.907,0.270281079854013,3118.0779999999995,3428.898,True,True,True,2,753.848,285.9995,286.307,11.903,0.0,-14.1665,215.211,3812.835,4192.98,1173.22,1154.4499999999998,0.625,0.2249999999999999,98.735,0.02,313.82550000000003,27.533824314061743,0.0053628024455892,4622.4455,4946.828,1459.2195000000002,1440.757,12.528,0.2249999999999999,98.735,-242.925,29.125717918203826,0.0045454987475765,0.0,0.0,38.27,1154.6749999999995,1173.845,18.77000000000021,0.4,19.170000000000208,313.8455
2026-01-16 00:00:00,1749.414,0.0,424.372,100.483,0.0,98.763,0.0,0.0,1176.018,4096.242,100.93,1176.018,0.2870968072687112,2920.224,3549.05,True,True,True,2,717.3905,277.413,279.201,11.903,0.0,-10.3975,152.5675,3913.36,4065.745,1193.4299999999998,1173.335,0.635,0.205,98.77,0.02,174.517,28.8615606730124,0.0050414868742514,4730.808,4783.1355,1470.8429999999998,1452.536,12.538,0.205,98.77,-227.335,30.370352888156138,0.0042853215857897,0.0,0.0,35.185,1173.54,1194.0649999999998,20.0949999999998,0.43,20.5249999999998,174.537
2026-01-16 00:30:00,1748.124,0.0,426.718,99.223,0.0,98.348,0.0,0.0,1192.957,4001.781,100.93,1192.957,0.2981065180728281,2808.824,3565.37,True,True,True,2,687.907,279.4975,281.1725,11.903,0.0,-6.154,21.1175,4082.485,3971.37,1348.025,1319.75,0.65,0.2,98.73,0.02,46.6465,33.23658531796856,0.0050362024429404,4907.0245,4659.277,1627.5225,1600.9225,12.553,0.2,98.73,-135.35,34.363950082924944,0.0042926556923359,0.0,0.0,33.595,1319.95,1348.6750000000002,28.27500000000009,0.45,28.72500000000009,46.666500000000006
2026-01-16 01:00:00,1759.058,0.0,432.75,100.834,0.0,98.499,0.0,0.0,1353.737,3933.613,99.75,1353.737,0.3441459543681598,2579.876,3744.878,True,True,True,2,711.1205,252.763,252.915,11.903,0.0,-6.115,-3.937,4098.7,3952.61,1366.035,1342.5,0.605,0.225,98.605,0.02,138.578,33.964308280296606,0.0056928289416707,4879.915999999999,4663.7305,1618.7980000000002,1595.415,12.508,0.225,98.605,-41.695,34.20835109795828,0.0048246638080937,0.0,0.0,34.510000000000005,1342.725,1366.64,23.53500000000008,0.38,23.91500000000008,138.598
2026-01-16 01:30:00,1746.206,0.0,425.043,98.873,0.0,97.834,0.0,0.0,1290.762,3916.14,99.75,1290.762,0.329600576077464,2625.378,3658.718,True,True,True,2,704.608,218.941,219.4675,11.903,0.0,-6.098,23.0875,3905.835,3865.57,1367.095,1308.1950000000002,0.645,0.205,97.935,0.02,288.0395,33.84448569364148,0.0053025718587332,4636.4220000000005,4570.178,1586.036,1527.6625,12.548000000000002,0.205,97.935,-24.58,33.427148740538684,0.0044850599975573,0.0,0.0,37.03,1308.4,1367.74,58.89999999999986,0.44,59.33999999999986,288.0595
2026-01-16 02:00:00,1593.409,0.0,416.643,96.993,0.0,98.253,0.0,0.0,1324.443,,98.7,1324.443,,,3529.741,True,False,True,2,701.745,208.401,208.647,11.903,0.0,-6.0565,-3.924,3959.815,3917.73,1364.835,1338.075,0.63,0.2,98.97,0.02,362.791,34.15423129334974,0.0051049161054153,4688.0275,4619.475,1573.236,1546.7220000000002,12.533,0.2,98.97,3.675,33.48248642536888,0.0043293805694038,0.0,0.0,37.63999999999999,1338.275,1365.465,26.75999999999999,0.43,27.18999999999999,362.811
2026-01-16 02:30:00,1646.71,0.0,435.095,100.693,0.0,98.886,0.0,0.0,1304.41,,98.7,1304.41,,,3585.794,True,False,True,2,690.1089999999999,220.7355,214.935,11.903,0.0,-6.293,-3.9805,3896.66,3872.88,1299.97,1269.36,0.615,0.185,98.475,0.02,394.3325,32.77490584018305,0.0047719953995832,4625.967000000001,4562.989,1520.7055,1484.295,12.518,0.185,98.475,-9.055,32.52846121079523,0.0040500958294567,0.0,0.0,37.255,1269.545,1300.585,30.6099999999999,0.43,31.0399999999999,394.3525
2026-01-16 03:00:00,1623.515,0.0,427.388,99.082,0.0,98.398,0.0,0.0,1267.345,3846.237,98.58,1267.345,0.3295025761543035,2578.892,3515.728,True,True,True,2,678.6255,186.0875,180.8445,11.903,0.0,-13.295,-3.964,3881.28,3835.71,1305.85,1285.435,0.59,0.2,98.655,0.02,436.2875,33.51475323480528,0.0052142547792519,4578.981,4514.335499999999,1491.9375,1466.2795,12.493,0.2,98.655,18.37,32.48217104457477,0.0044304124416167,0.0,0.0,37.705,1285.635,1306.4399999999998,20.414999999999964,0.3899999999999999,20.804999999999964,436.3075
2026-01-16 03:30:00,1555.716,0.0,434.09,101.321,0.0,98.009,0.0,0.0,1269.049,3806.33,98.58,1269.049,0.3334048808169549,2537.281,3458.185,True,True,True,2,671.954,180.4505,175.697,11.903,0.0,-13.565,30.0995,3789.96,3775.105,1327.7199999999998,1297.415,0.635,0.215,98.575,0.015,435.663,34.3732879644964,0.0056945585852467,4479.657499999999,4447.058999999999,1508.1704999999995,1473.112,12.538,0.215,98.575,-14.099999999999998,33.130023154745224,0.0048341666125717,0.0,0.0,39.0,1297.63,1328.3549999999998,30.30499999999984,0.42,30.72499999999984,435.678
2026-01-16 04:00:00,1431.906,0.0,452.542,101.252,0.0,98.602,0.0,0.0,1324.85,3733.385,97.13,1324.85,0.3548656246275162,2408.5350000000003,3409.152,True,True,True,2,675.277,176.9515,175.83800000000002,11.903,0.0,-12.8905,166.67700000000002,3688.935,3703.195,1236.525,1207.79,0.62,0.21,98.66,17.03,303.7475,32.60577846860232,0.0056709317203966,4383.7185,4378.472,1413.4765000000002,1383.6280000000002,12.523,0.21,98.66,-157.54000000000002,31.59425769088361,0.0047962919914891,0.0,0.0,38.105,1208.0,1237.145,28.735000000000127,0.41,29.145000000000127,320.77750000000003
2026-01-16 04:30:00,1507.544,0.0,445.84,98.031,0.0,98.023,0.0,0.0,1102.907,3672.426,97.13,1102.907,0.3003210956463111,2569.519,3252.3450000000003,True,True,True,2,674.771,210.204,211.9355,11.903,0.0,-19.626,153.7745,3644.48,3656.41,1199.365,1165.66,0.625,0.195,98.4,110.97,152.14999999999998,31.881222023816942,0.0053326553669791,4370.6785,4331.1810000000005,1409.569,1377.5955,12.528,0.195,98.4,-170.95,31.807362631481727,0.0045019846120721,0.0,0.0,37.18,1165.8549999999998,1199.99,33.705000000000155,0.43,34.135000000000154,263.12
2026-01-16 05:00:00,1567.366,0.0,453.212,103.833,0.0,98.954,0.0,0.0,1228.356,3652.095,98.36,1228.356,0.3363428388363391,2423.739,3451.7210000000005,True,True,True,2,688.5355,233.3105,231.068,11.903,0.0,-5.338,18.428,3871.375,3678.575,1286.63,1257.895,0.62,0.1699999999999999,98.26,19.035,19.248,34.19430780974855,0.0046208365702246,4623.3655,4367.110500000001,1519.9405000000002,1488.963,12.523,0.1699999999999999,98.26,-58.85,34.09398867863025,0.0038922169214715,0.0,0.0,32.99,1258.065,1287.25,28.735000000000127,0.45,29.185000000000127,38.283
2026-01-16 05:30:00,1616.998,0.0,444.5,98.24,0.0,98.225,0.0,0.0,1271.256,3695.53,98.36,1271.256,0.3439982898258166,2424.2740000000003,3529.219,True,True,True,2,713.7895000000001,231.088,230.335,11.903,0.0,-2.5025,-3.9805,3873.295,3763.525,1381.24,1337.62,0.59,0.2,98.25,0.02,5.9335,35.53980491678789,0.0053191186887321,4604.334,4477.3145,1612.328,1567.955,12.493,0.2,98.25,8.285,35.01935067163258,0.0044716207937512,0.0,0.0,34.114999999999995,1337.82,1381.83,43.62000000000012,0.3899999999999999,44.01000000000012,5.9535
2026-01-16 06:00:00,1520.334,0.0,403.575,98.454,0.0,98.611,0.0,0.0,1301.756,,110.07,1301.756,,,3422.7300000000005,True,False,True,2,795.446,233.3195,232.811,11.903,0.0,-2.3835,-60.807,4149.465,3960.645,1365.175,1330.895,0.605,0.2,99.0,-57.785,-37.466,33.60749754349683,0.0050502552175054,4917.504499999999,4756.091,1598.4944999999998,1563.706,12.508,0.2,99.0,111.89,32.886286783698885,0.0042058557546107,0.0,0.0,31.845,1331.095,1365.78,34.27999999999997,0.4049999999999999,34.684999999999974,-95.251
2026-01-16 06:30:00,1725.139,0.0,405.585,97.552,0.0,98.503,0.0,0.0,1327.693,,110.07,1327.693,,,3654.472,True,False,True,2,874.5070000000001,204.0105,206.0645,11.903,0.0,-2.3915,-13.069,4295.264999999999,4181.57,1472.285,1423.54,0.645,0.235,98.865,-8.855,72.67,34.03653371277065,0.0056195163044564,5012.1905,5056.076999999999,1676.2955000000002,1629.6045,12.548000000000002,0.235,98.865,195.69,32.22885124266831,0.0046476196649484,0.0,0.0,33.405,1423.775,1472.93,48.74500000000012,0.41,49.15500000000012,63.815
2026-01-16 07:00:00,1758.708,0.0,431.744,60.399,0.0,99.744,0.0,0.0,1467.904,4338.887,125.2,1467.904,0.3383134891505587,2870.983,3818.499,True,True,True,2,997.602,200.9085,206.732,11.903,0.0,-2.6710000000000003,68.912,4441.04,4559.905000000001,1511.02,1465.575,0.605,0.215,101.845,73.44,224.27,32.1424119428818,0.0047193922134914,5197.037,5557.5070000000005,1711.9285,1672.307,12.508,0.215,101.845,198.155,30.093534792231917,0.0038726567895304,0.0,0.0,36.305,1465.79,1511.625,45.444999999999936,0.39,45.83499999999994,297.71000000000004
2026-01-16 07:30:00,1739.145,0.0,445.505,78.766,10.539,104.632,0.0,0.0,1482.199,4717.354,125.2,1482.199,0.3142013510116052,3235.155,3860.786,True,True,True,2,1098.616,202.888,206.288,11.903,0.0,-2.6235,219.895,4419.455,4852.365,1521.585,1491.825,0.62,0.25,109.1,223.435,375.8445,30.74840092025955,0.0051503483942915,5137.6975,5950.981,1724.473,1698.113,12.523,0.25,109.1,185.64,28.53830466484084,0.0041994867978094,0.0,0.0,41.825,1492.075,1522.205,29.75999999999999,0.37,30.129999999999992,599.2795000000001
2026-01-16 08:00:00,1652.923,0.0,438.133,50.204,5.71,116.227,0.0,0.0,1459.829,4921.555,135.73,1459.829,0.296619462751102,3461.726000000001,3723.026,True,True,True,2,1154.1155,235.281,236.0135,11.909,0.0,-2.6405000000000003,368.368,4122.33,4956.79,1407.3200000000002,1373.815,0.65,0.155,116.585,373.44,500.68050000000005,27.715466441367088,0.0031265638459291,4868.4565,6110.9055,1642.601,1609.8285,12.559,0.155,116.585,62.23,26.34430245442369,0.0025373967034173,0.0,0.0,46.150000000000006,1373.97,1407.9700000000005,33.50500000000011,0.495,34.00000000000011,874.1205
2026-01-16 08:30:00,1686.626,0.0,300.904,41.412,0.0,116.768,0.0,0.0,1292.05,4958.848,135.73,1292.05,0.2605544674892233,3666.798,3437.76,True,True,True,2,1165.894,210.696,212.415,12.1945,0.3265,-2.2345,441.9525,3939.125,4980.475,1248.52,1236.965,5.52,4.92,117.81,507.81500000000005,513.1759999999999,24.83848206432538,0.0985567874059506,4680.7255000000005,6146.369,1459.216,1449.38,17.7145,5.246499999999999,117.81,3.34,23.58285078196505,0.0851560609949791,0.0,0.0,46.9,1241.8850000000002,1254.04,11.554999999999836,0.5999999999999996,12.154999999999836,1020.991
2026-01-16 09:00:00,1700.164,0.0,341.159,50.345,0.0,132.098,0.0,0.0,1184.916,5022.503,149.51,1184.916,0.2359214120927354,3837.587,3408.682,True,True,True,2,1204.375,224.025,226.883,14.1885,2.8175,-2.243,441.9895,4038.95,5072.155000000001,1211.7199999999998,1192.545,44.155,38.66,133.305,529.985,513.212,23.51169842590372,0.7617127729276097,4787.5285,6276.530000000001,1435.745,1419.428,58.343500000000006,41.4775,133.305,33.29,22.61504482625041,0.6602503755733148,0.0,0.0,46.57,1231.2050000000002,1255.8749999999998,19.174999999999727,5.4950000000000045,24.66999999999973,1043.197
2026-01-16 09:30:00,1679.321,0.0,386.128,63.188,0.0,133.53,0.0,0.0,1160.81,5048.48,149.51,1160.81,0.2299325737647767,3887.67,3422.977,True,True,True,2,1211.8715,235.6255,238.1615,19.11,7.1555,-2.0115,441.9505,3997.72,5035.79,1160.275,1137.995,87.555,83.42,133.5,529.98,513.228,22.59808588705502,1.6565356745770774,4758.848,6247.6615,1395.9005,1376.1565,106.665,90.5755,133.5,28.515,22.026767856557285,1.4497550723593138,0.0,0.0,47.085,1221.415,1247.8300000000002,22.2800000000002,4.135000000000005,26.415000000000205,1043.208
2026-01-16 10:00:00,1676.51,0.0,354.92,55.096,0.0,133.98,0.0,0.0,1143.688,5038.908,138.795,1143.688,0.2269713993587499,3895.22,3364.194,True,True,True,2,1197.4789999999998,250.104,248.9665,22.0635,13.7245,-2.0135,441.9525,3931.58,4996.15,1147.91,1116.845,120.305,112.455,134.425,529.99,513.2015,22.35205911060803,2.2522928999784058,4704.6945,6193.628999999999,1398.014,1365.8115,142.36849999999998,126.1795,134.425,1.8750000000000009,22.050822926622505,2.038657302521795,0.0,0.0,48.07,1229.3,1268.215,31.064999999999827,7.849999999999994,38.91499999999982,1043.1915
2026-01-16 10:30:00,1659.783,0.0,259.308,66.269,0.0,134.368,0.0,0.0,1055.947,4961.697,138.795,1055.947,0.2128197267991173,3905.75,3175.675,True,True,True,2,1190.3685,255.59750000000005,254.304,32.226,21.7155,-2.302,441.935,3855.99,4952.62,1013.945,1000.49,131.525,126.905,134.345,529.98,513.1765,20.2013290560318,2.562508952929393,4654.268,6142.9885,1269.5425,1254.794,163.751,148.6205,134.345,-30.745,20.426516345096218,2.41940976140954,0.0,0.0,47.135000000000005,1127.395,1145.47,13.454999999999927,4.6200000000000045,18.07499999999993,1043.1565
2026-01-16 11:00:00,1648.379,0.0,330.436,75.203,0.0,134.328,0.0,0.0,989.691,4964.055,134.59,989.691,0.1993714815810864,3974.364000000001,3178.0370000000003,True,True,True,2,1177.208,257.11850000000004,258.257,44.0455,32.1065,-1.9575,441.935,3835.425,4951.15,1006.705,976.335,169.84,144.495,133.95,529.985,513.2159999999999,19.71937863475468,2.9190344810745685,4638.0380000000005,6128.358,1263.8235,1234.592,213.8855,176.6015,133.95,-49.2,20.14599754412848,2.882297073399968,0.0,0.0,47.66,1120.83,1176.5449999999998,30.36999999999989,25.345,55.71499999999989,1043.201
2026-01-16 11:30:00,1592.616,0.0,320.361,73.323,0.0,133.665,0.0,0.0,970.799,4922.707,134.59,970.799,0.1972083652348189,3951.908,3090.764,True,True,True,2,1164.776,246.855,248.133,41.359,31.469,-1.9685,441.918,3793.785,4905.42,973.5,946.06,243.8,199.93,139.145,529.98,513.184,19.285793744679623,4.076268957793224,4585.1155,6070.196,1220.355,1194.193,285.159,231.399,139.145,-51.17,19.672320152574247,3.8124932514571066,0.0,0.0,48.545,1145.99,1217.3,27.44000000000005,43.870000000000005,71.31000000000006,1043.164
2026-01-16 12:00:00,1600.686,0.0,263.664,73.592,0.0,145.321,0.0,0.0,945.972,4883.756,141.85,945.972,0.1936976376379163,3937.784000000001,3029.235,True,True,True,2,1160.2665,208.733,209.6185,40.7205,33.9875,-1.307,441.9205,3794.46,4896.235,969.505,956.84,197.68,177.475,147.41500000000002,529.985,513.163,19.542470589271016,3.625181810431196,4565.93,6056.501499999999,1178.238,1166.4585000000002,238.4005,211.4625,147.41500000000002,-35.175,19.25966770310506,3.491686680165023,0.0,0.0,47.7,1134.315,1167.185,12.664999999999964,20.205000000000013,32.869999999999976,1043.148
2026-01-16 12:30:00,1639.474,0.0,279.771,104.324,0.0,155.43,0.0,0.0,960.416,4925.226,141.85,960.416,0.1949993766783494,3964.81,3139.415,True,True,True,2,1139.0865,200.0535,197.317,41.4605,33.3275,-0.986,441.913,3819.765,4926.035,859.875,847.315,109.25,108.88,155.385,529.98,513.2180000000001,17.199441052774116,2.2103509638704457,4572.7435000000005,6065.121499999999,1059.9285,1044.632,150.7105,142.20749999999998,155.385,-37.865,17.221715289330962,2.3449713377762693,0.0,0.0,44.190000000000005,956.195,969.125,12.559999999999944,0.3700000000000045,12.92999999999995,1043.198
2026-01-16 13:00:00,1633.998,0.0,326.08,101.945,0.0,156.394,0.0,0.0,777.35,4919.005,157.5,777.35,0.1580299267839736,4141.655,2995.7670000000003,True,True,True,2,1112.6295,200.3945,194.771,46.171,36.2355,-0.828,441.8705,3804.895,4944.475,782.465,770.69,121.68,122.37,140.775,529.985,513.15,15.58749361766439,2.47500483087953,4564.2080000000005,6057.1045,982.8595,965.461,167.851,158.6055,140.775,-71.515,15.93915097135586,2.6184485616412028,0.0,0.0,43.32,893.0600000000001,904.145,11.774999999999975,0.0,11.774999999999975,1043.135
2026-01-16 13:30:00,1645.408,0.0,384.452,110.327,0.0,137.023,0.0,0.0,695.783,4953.386,157.5,695.783,0.14046613770863,4257.603,2972.993,True,True,True,2,1088.305,180.418,178.48649999999998,51.1635,40.169,-0.8374999999999999,441.8485,3801.21,4938.31,687.86,677.47,131.86,130.68,136.35500000000002,529.975,505.84,13.717926992849153,2.645834066709308,4543.724,6026.615,868.278,855.9565,183.0235,170.849,136.35500000000002,-79.97,14.20220412145356,2.8345485958903662,0.0,0.0,41.885,808.1500000000001,819.72,10.389999999999986,1.1800000000000068,11.569999999999991,1035.815
2026-01-16 14:00:00,1661.674,0.0,429.399,112.489,0.0,136.344,0.0,0.0,641.976,4929.524,158.48,641.976,0.130230829589226,4287.548000000001,2981.882,True,True,True,2,1080.575,182.459,179.92950000000002,43.3335,32.4285,-1.1745,441.8485,3853.685,4944.3,648.8900000000001,635.54,154.48000000000002,141.375,135.91000000000005,529.98,452.2465,12.854332904950274,2.85983132249315,4596.8425,6024.875,831.349,815.4695,197.8135,173.8035,135.91000000000005,-88.025,13.535240414810094,2.8852340429962884,0.0,0.0,40.45,776.915,803.3700000000001,13.350000000000136,13.105000000000018,26.455000000000155,982.2265
2026-01-16 14:30:00,1708.338,0.0,454.553,113.818,0.0,136.527,0.0,0.0,574.83,4929.772,158.48,574.83,0.1166037699106571,4354.942,2988.066,True,True,True,2,1080.542,173.02,170.7445,18.8765,13.633,-1.207,441.8685,3796.01,4941.67,547.51,529.845,98.37,93.96,136.765,529.985,487.6395,10.721894724414458,1.9015588015687264,4560.59,6022.212,720.53,700.5895,117.2465,107.593,136.765,-110.635,11.633452425674554,1.7867268365528648,0.0,0.0,37.580000000000005,623.8050000000001,645.88,17.664999999999964,4.409999999999997,22.07499999999996,1017.6245
2026-01-16 15:00:00,1757.286,0.0,443.83,108.648,14.86,150.466,0.0,0.0,558.031,4967.374,183.245,558.031,0.1123392359826338,4409.343,3033.121,True,True,True,2,1088.8505,167.9265,165.82299999999998,15.083,11.158,-1.215,441.8535,3860.08,5012.98,578.3499999999999,557.9549999999999,77.53,73.625,153.745,529.98,504.7805,11.130736216458445,1.4691748388360164,4622.4235,6101.8305,746.2764999999999,723.778,92.613,84.783,153.745,-99.07,11.862114083900185,1.389899345973468,0.0,0.0,37.235,631.5799999999999,655.8799999999999,20.394999999999985,3.905000000000001,24.299999999999983,1034.7605
2026-01-16 15:30:00,1765.169,0.0,443.83,108.306,149.193,145.082,0.0,0.0,510.091,5036.654,183.245,510.091,0.1012757676028569,4526.563,3121.6710000000003,True,True,True,2,1108.3575,165.55450000000002,163.22750000000002,11.0295,5.859,-1.2145,441.8545,3930.15,5056.92,541.03,519.335,47.18,46.35,144.82999999999998,529.985,513.137,10.269784513525892,0.9166793281709086,4677.255999999999,6165.2775,706.5844999999999,682.5625,58.209500000000006,52.209,144.82999999999998,-64.515,11.071204741182862,0.8470517542555258,0.0,0.0,35.655,565.6850000000001,588.2099999999999,21.694999999999936,0.8300000000000054,22.52499999999994,1043.1219999999998
2026-01-16 16:00:00,1763.315,0.0,443.83,108.648,208.307,133.751,0.0,0.0,535.178,5065.885,211.975,535.178,0.1056435351374932,4530.707,3193.029,True,True,True,2,1139.523,170.174,168.3885,7.265000000000001,1.021,-1.2115,441.8945,4053.095,5136.18,589.61,569.665,20.185,20.08,134.15,529.985,513.1635,11.09103076850607,0.3917316266890596,4789.525000000001,6275.703,759.7840000000001,738.0535,27.45,21.101,134.15,-20.59,11.760435674936767,0.3370220320239497,0.0,0.0,35.849999999999994,589.745,609.7950000000001,19.94500000000005,0.1050000000000039,20.05000000000005,1043.1485
2026-01-16 16:30:00,1736.979,0.0,449.861,110.118,291.514,134.48,0.0,0.0,581.385,5193.277,211.975,581.385,0.1119495455374323,4611.892,3304.3370000000004,True,True,True,2,1210.2265,185.2235,183.657,6.509,0.0,8.9075,441.898,4248.505,5281.775,602.425,581.6099999999999,2.625,2.215,134.595,529.985,513.1665,11.013652879480114,0.0422251639598451,4995.748,6492.0015,787.6485,765.267,9.134,2.215,134.595,30.24,11.789710484299857,0.0344107618176439,0.0,0.0,36.805,583.8249999999999,605.05,20.81500000000005,0.4100000000000001,21.22500000000005,1043.1515
2026-01-16 17:00:00,1736.21,0.0,447.516,110.605,291.216,134.43,0.0,0.0,559.445,5351.534,229.5,559.445,0.104539184465613,4792.089,3279.4220000000005,True,True,True,2,1272.17,195.6025,195.203,6.448,0.0,9.2255,441.856,4448.07,5445.415,583.5799999999999,566.04,0.69,0.0,134.415,529.98,513.181,10.396320504640688,0.0,5220.7825,6717.585,779.1825,761.243,7.138,0.0,134.415,66.995,11.333255303802378,0.0,0.0,0.0,37.76,566.04,584.27,17.539999999999964,0.69,18.229999999999965,1043.161
2026-01-16 17:30:00,1775.259,0.0,453.547,113.677,293.414,134.233,0.0,0.0,530.198,5502.5,229.5,530.198,0.0963558382553384,4972.302,3300.328,True,True,True,2,1274.6080000000002,175.464,172.23649999999998,6.448,0.0,46.848,441.783,4495.75,5504.924999999999,530.425,504.725,0.7,0.185,134.07,529.975,513.213,9.168619042309164,0.0033612749003531,5244.2455,6779.532999999999,705.889,676.9615,7.148,0.185,134.07,55.595,9.985270237431942,0.002730860877974,0.0,0.0,37.370000000000005,504.91,531.125,25.69999999999993,0.5149999999999999,26.21499999999993,1043.188
2026-01-16 18:00:00,1798.682,0.0,449.861,113.258,293.192,134.104,0.0,0.0,531.79,5490.942,223.56,531.79,0.0968485917352614,4959.152,3320.887,True,True,True,2,1238.58,160.85000000000002,160.038,6.448,0.0,10.9315,441.7835,4442.07,5452.845,530.435,516.545,0.67,0.285,134.04000000000002,529.985,513.1785,9.472597222864776,0.0052263806889558,5194.9395,6691.425,691.285,676.583,7.118,0.285,134.04000000000002,52.17,10.11116860174997,0.004258945045314,0.0,0.0,35.195,516.8299999999999,531.1049999999999,13.889999999999986,0.385,14.274999999999986,1043.1635
2026-01-16 18:30:00,1788.633,0.0,451.202,111.306,280.749,134.064,0.0,0.0,507.146,5410.797,223.56,507.146,0.0937285209554156,4903.651,3273.1000000000004,True,True,True,2,1195.3290000000002,167.22899999999998,166.059,6.448,0.0,-1.526,441.789,4331.48,5364.725,518.265,505.585,0.69,0.275,134.245,529.98,513.1925,9.42455101368452,0.0051248287373797,5075.392,6560.054,685.4939999999999,671.644,7.138,0.275,134.245,30.035,10.239111813957766,0.0041908663371324,0.0,0.0,34.43,505.86,518.955,12.67999999999995,0.4149999999999999,13.09499999999995,1043.1725
2026-01-16 19:00:00,1800.476,0.0,452.207,107.815,259.646,134.346,0.0,0.0,495.788,5315.983,204.15,495.788,0.0932636541538977,4820.195,3250.278,True,True,True,2,1159.29,173.2285,170.413,6.448,0.0,49.3315,441.80550000000005,4142.95,5276.925,462.855,448.8250000000001,0.7,0.255,134.555,529.98,513.1890000000001,8.504540850594713,0.0048320788013087,4899.19,6436.215,636.0835,619.238,7.148,0.255,134.555,-71.22999999999999,9.620236540324786,0.0039616891615489,0.0,0.0,33.905,449.08,463.555,14.029999999999973,0.4449999999999999,14.474999999999971,1043.169
2026-01-16 19:30:00,1813.291,0.0,453.882,113.959,271.586,134.955,0.0,0.0,427.057,5228.978,204.15,427.057,0.0816712175878345,4801.921,3214.7300000000005,True,True,True,2,1117.02,163.917,161.8715,6.448,0.0,1.152,441.7985,4065.445,5181.965,446.095,424.085,0.67,0.285,134.405,529.98,513.1715,8.18416468764958,0.0054994555255893,4811.343,6298.985000000001,610.012,585.9565,7.118,0.285,134.405,-54.925,9.302712397364507,0.0045242084729278,0.0,0.0,32.46,424.37000000000006,446.765,22.00999999999999,0.385,22.394999999999992,1043.1515
2026-01-16 20:00:00,1804.797,0.0,448.186,111.165,94.184,134.435,0.0,0.0,435.325,,196.5,435.325,,,3028.092,True,False,True,2,1075.5369999999998,154.906,152.512,6.448,0.0,-2.402,441.783,3912.905,5060.95,443.8,423.525,0.65,0.28,134.495,529.98,513.1505,8.367455554842497,0.0055317038127082,4652.532,6136.486999999999,598.706,576.037,7.098000000000001,0.28,134.495,-86.58500000000001,9.3857640811466,0.0045620936069723,0.0,0.0,33.184999999999995,423.805,444.45,20.275000000000038,0.37,20.645000000000035,1043.1305
2026-01-16 20:30:00,1791.885,0.0,454.218,111.865,5.198,134.273,0.0,0.0,398.214,,196.5,398.214,,,2895.653,True,False,True,2,1036.59,150.7185,149.7615,6.448,0.0,-2.3885,441.782,3779.945,4950.405,415.4,392.105,0.685,0.24,134.02499999999998,529.985,513.149,7.920309919515128,0.004847153484848,4504.168,5986.994999999999,566.1185,541.8665,7.133000000000001,0.24,134.02499999999998,-111.63,9.050965343052876,0.0040078383079597,0.0,0.0,33.15,392.345,416.085,23.29499999999996,0.445,23.73999999999996,1043.134
2026-01-16 21:00:00,1772.229,0.0,447.181,108.858,0.0,115.747,0.0,0.0,408.609,4892.117,166.5,408.609,0.0835239631431545,4483.508,2852.624,True,True,True,2,993.9895,166.954,163.7635,6.448,0.0,-2.4125,441.76,3621.865,4833.594999999999,413.565,387.055,0.6799999999999999,0.275,115.235,529.985,513.174,8.008044928739661,0.0056918274246103,4343.83,5827.584499999999,580.519,550.8185000000001,7.128,0.275,115.235,-152.01999999999998,9.452993719332026,0.0047212023081938,0.0,0.0,34.24,387.33,414.245,26.50999999999999,0.4049999999999999,26.914999999999992,1043.159
2026-01-16 21:30:00,1752.138,0.0,423.367,107.956,0.0,115.585,0.0,0.0,390.938,4756.315,166.5,390.938,0.0821934627963034,4365.377,2789.984,True,True,True,2,943.2555,155.9345,154.728,6.448,0.0,-2.625,441.784,3418.255,4676.815,377.43,356.08,0.66,0.245,115.555,529.95,513.1659999999999,7.613899383368415,0.0052325779908002,4138.6415,5620.0705,533.3645,510.808,7.1080000000000005,0.245,115.555,-202.085,9.089237387064529,0.0043538832446578,0.0,0.0,34.755,356.325,378.09,21.350000000000023,0.415,21.765000000000025,1043.116
2026-01-16 22:00:00,1774.674,0.0,443.495,108.994,0.0,115.57,0.0,0.0,341.337,4587.748,141.74,341.337,0.0744018633979024,4246.411,2784.07,True,True,True,2,889.8305,156.7185,155.56,6.448,0.0,-2.6095,441.73,3262.875,4519.34,363.775,341.21000000000004,0.685,0.245,115.155,528.755,513.2085,7.550314766732083,0.0054205879712911,3929.377,5409.1705,520.4935,496.77,7.133000000000001,0.245,115.155,-201.28,9.18571134496418,0.0045288735907881,0.0,0.0,35.84,341.45500000000004,364.46,22.56499999999994,0.44,23.004999999999946,1041.9634999999998
2026-01-16 22:30:00,1732.254,0.0,442.824,105.854,0.0,115.738,0.0,0.0,343.063,4431.357,141.74,343.063,0.077417143326525,4088.294,2739.733,True,True,True,2,833.154,173.061,172.47899999999998,6.448,0.0,-42.1165,441.705,3242.3450000000003,4360.2,373.455,354.515,0.685,0.215,115.47,437.645,503.539,8.12965503503211,0.0049283556272937,3916.235,5193.353999999999,546.5160000000001,526.994,7.133000000000001,0.215,115.47,-225.83,10.147438525515746,0.004137408797476,0.0,0.0,35.405,354.73,374.14,18.94000000000005,0.47,19.410000000000053,941.184
2026-01-16 23:00:00,1740.442,0.0,443.16,101.184,0.0,115.199,0.0,0.0,332.7,4301.304,123.745,332.7,0.0773486365995056,3968.604,2732.685,True,True,True,2,779.2175,173.615,171.7445,6.448,0.0,-6.456,441.7365,3164.7650000000003,4399.25,339.405,316.83000000000004,0.63,0.25,106.965,462.255,512.0625,7.201418436182924,0.0056834444771062,3837.617,5178.467500000001,513.02,488.5745,7.078,0.25,106.965,-315.94,9.43379518810032,0.0048286055045227,0.0,0.0,35.51,317.08000000000004,340.035,22.57499999999993,0.38,22.95499999999993,974.3175
2026-01-16 23:30:00,1693.254,0.0,433.755,98.663,0.0,100.765,0.0,0.0,300.836,4354.58,123.745,300.836,0.0690849634178267,4053.744,2627.273,True,True,True,2,737.9659999999999,156.47449999999998,152.629,6.448,0.0,-1.909,441.738,3119.835,4295.86,321.265,298.985,0.645,0.255,100.285,515.0,513.134,6.960370618132576,0.005937281606251,3773.462,5033.825999999999,477.7395,451.614,7.093,0.255,100.285,-342.5,8.97175178404019,0.0050669768043634,0.0,0.0,35.88,299.24,321.91,22.279999999999973,0.39,22.669999999999973,1028.134
2026-01-17 00:00:00,1714.947,0.0,439.139,100.133,0.0,90.672,0.0,0.0,313.651,4230.226,127.98,313.651,0.0741452111542031,3916.575,2658.542,True,True,True,2,704.329,131.191,128.3635,6.448,0.0,-1.8945,441.7065,3098.34,4201.424999999999,319.17,296.79,0.65,0.245,89.44999999999999,529.915,513.145,7.06157844720931,0.0058343749015407,3703.12,4905.753999999999,450.361,425.1535,7.098000000000001,0.245,89.44999999999999,-328.79,8.662415546499194,0.004996927571187,0.0,0.0,36.004999999999995,297.035,319.82,22.38000000000005,0.405,22.785000000000053,1043.06
2026-01-17 00:30:00,1713.091,0.0,440.479,100.411,0.0,89.277,0.0,0.0,266.29,4120.936,127.98,266.29,0.0646188147547062,3854.646,2609.548,True,True,True,2,675.2860000000001,119.018,115.8995,6.448,0.0,-1.8725,441.697,2944.785,4067.22,297.46000000000004,272.44,0.64,0.27,89.2,529.925,513.1500000000001,6.699809691541686,0.0066351159986898,3528.1595,4742.505999999999,416.478,388.3395,7.088,0.27,89.2,-336.485,8.190656651547823,0.0056902835307105,0.0,0.0,36.535,272.71,298.1,25.02000000000004,0.37,25.39000000000004,1043.075
2026-01-17 01:00:00,1688.06,0.0,433.42,98.873,0.0,89.145,0.0,0.0,276.714,4009.715,122.825,276.714,0.0690108898013948,3733.001,2586.212,True,True,True,2,695.8485000000001,119.1985,116.441,6.448,0.0,-3.821,441.6875,2880.26,3988.215,295.08,274.30499999999995,0.675,0.26,89.29499999999999,529.93,513.2025,6.877609564108393,0.0065182206274854,3492.2290000000003,4684.0635,414.2785,390.746,7.123,0.26,89.29499999999999,-342.025,8.341973422638635,0.0055501017770316,0.0,0.0,36.85,274.56499999999994,295.755,20.775000000000038,0.415,21.190000000000037,1043.1325
2026-01-17 01:30:00,1716.88,0.0,448.521,110.468,0.0,89.104,0.0,0.0,276.856,3956.856,122.825,276.856,0.0699686822062769,3680.0,2641.829,True,True,True,2,684.001,115.68,112.8825,6.448,0.0,-3.89,441.6955,2815.0,3910.74,288.285,265.235,0.685,0.265,89.025,529.935,513.1885,6.780201004948608,0.0067740756256627,3409.947,4594.741,403.965,378.1175,7.133000000000001,0.265,89.025,-336.705,8.227584538684201,0.0057656414918556,0.0,0.0,37.205,265.5,288.97,23.049999999999955,0.42,23.46999999999996,1043.1235
2026-01-17 02:00:00,1693.23,0.0,441.484,98.24,0.0,89.354,0.0,0.0,239.223,3878.057,121.07,239.223,0.0616863032183384,3638.834,2561.5309999999995,True,True,True,2,678.516,115.9435,107.28,6.448,0.0,-3.902,441.6795,2814.61,3962.815,250.71,232.855,0.66,0.28,89.355,529.925,513.159,5.875911275062841,0.0070651815204213,3420.0060000000003,4641.331,366.6535,340.135,7.1080000000000005,0.28,89.355,-351.945,7.328228323258387,0.0060322358169703,0.0,0.0,36.37,233.135,251.37,17.85499999999996,0.38,18.23499999999996,1043.0839999999998
2026-01-17 02:30:00,1738.366,0.0,430.404,102.222,0.0,89.304,0.0,0.0,222.507,3941.828,121.07,222.507,0.0564476684421542,3719.321,2582.8030000000003,True,True,True,2,667.2795,102.591,98.263,6.448,0.0,-3.9025,441.678,2765.735,3909.2,222.005,204.435,0.685,0.245,89.28,529.92,513.1435,5.228366189610223,0.0062693930285945,3360.4265000000005,4576.4795,324.596,302.698,7.133,0.245,89.28,-354.095,6.612892473011839,0.0053552791224324,0.0,0.0,36.03,204.68,222.69,17.569999999999993,0.44,18.009999999999994,1043.0635
2026-01-17 03:00:00,1740.66,0.0,430.739,102.432,0.0,89.591,0.0,0.0,183.02,3879.309,118.585,183.02,0.047178505244104,3696.289,2546.442,True,True,True,2,660.6415,101.6385,95.763,6.448,0.0,-3.9175,441.7035,2731.035,3870.67,194.255,174.67000000000002,0.64,0.24,89.345,529.945,513.172,4.512476622984739,0.0062005375137603,3305.8545,4531.3115,295.8935,270.433,7.088000000000001,0.24,89.345,-340.125,5.968315797183273,0.0052965219265554,0.0,0.0,35.775,174.91000000000005,194.895,19.58499999999998,0.4,19.984999999999975,1043.1170000000002
2026-01-17 03:30:00,1728.755,0.0,427.053,101.321,0.0,89.118,0.0,0.0,163.759,3842.212,118.585,163.759,0.0426210214324456,3678.453,2510.006,True,True,True,2,649.3675000000001,124.224,118.206,6.448,0.0,-3.9065,441.7720000000001,2660.085,3806.58,181.78,160.79500000000002,0.685,0.25,89.03,529.925,513.155,4.224011454030313,0.0065649934086581,3240.679,4455.9475,306.004,279.00100000000003,7.133000000000001,0.25,89.03,-357.515,6.261785235893899,0.0056081949491416,0.0,0.0,36.48,161.04500000000002,182.465,20.984999999999985,0.435,21.419999999999984,1043.08
2026-01-17 04:00:00,1684.687,0.0,414.968,98.313,0.0,89.065,0.0,0.0,151.359,3777.565,117.0,151.359,0.0400678744111616,3626.206,2438.392,True,True,True,2,642.1685,123.6095,117.155,6.448,0.0,-5.467,441.747,2675.335,3770.785,173.755,151.60500000000002,0.65,0.235,89.23,529.93,513.2180000000001,4.020368326937647,0.0062323624042649,3247.0460000000003,4412.9535,297.3645,268.76,7.098000000000001,0.235,89.23,-355.46500000000003,6.090168245790986,0.005325464109684,0.0,0.0,36.205,151.84000000000003,174.405,22.149999999999977,0.415,22.564999999999976,1043.148
2026-01-17 04:30:00,1727.063,0.0,418.676,99.432,0.0,89.229,0.0,0.0,149.827,3745.446,117.0,149.827,0.0400024456366478,3595.619,2484.227,True,True,True,2,635.68,131.8945,125.957,6.448,0.0,-22.588,441.741,2665.145,3735.375,170.385,147.29500000000002,0.65,0.275,89.35,529.925,513.1859999999999,3.943240676828837,0.007363748757124,3231.98,4371.055,302.2795,273.25199999999995,7.098000000000001,0.275,89.35,-339.875,6.251286233931823,0.0062926673683018,0.0,0.0,36.42,147.57000000000002,171.035,23.08999999999997,0.375,23.46499999999997,1043.111
2026-01-17 05:00:00,1710.365,0.0,414.632,98.591,0.0,89.233,0.0,0.0,154.62,3715.885,110.455,154.62,0.0416105449980287,3561.2650000000003,2467.441,True,True,True,2,642.3699999999999,137.2005,129.666,6.448,0.0,-44.84,441.753,2686.3100000000004,3727.815,180.455,158.79000000000002,0.665,0.25,89.505,529.92,513.2085,4.259586094136323,0.0067062610380264,3259.0125,4370.185,317.6555,288.456,7.113,0.25,89.505,-316.61,6.6005487021115385,0.0057205546328707,0.0,0.0,36.535,159.04000000000002,181.12,21.664999999999964,0.415,22.079999999999963,1043.1284999999998
2026-01-17 05:30:00,1733.604,0.0,422.697,100.411,0.0,89.526,0.0,0.0,156.675,3721.814,110.455,156.675,0.042096407826936,3565.139,2502.913,True,True,True,2,653.575,131.9265,124.3355,6.448,0.0,-24.379,441.6035,2714.645,3733.705,179.195,160.3,0.66,0.265,89.35,500.84,513.2950000000001,4.293227532070816,0.0070973866320183,3292.7865,4387.28,311.1215,284.6355,7.1080000000000005,0.265,89.35,-331.225,6.48791567381474,0.0060399903072518,0.0,0.0,35.855000000000004,160.565,179.855,18.894999999999985,0.395,19.28999999999998,1014.135
2026-01-17 06:00:00,1761.239,0.0,427.723,102.295,0.0,89.276,0.0,0.0,166.768,3749.013,113.82,166.768,0.0444831746382314,3582.245,2547.301,True,True,True,2,695.7975,117.968,106.8495,6.448,0.0,-12.11,388.0945,2954.4700000000003,3807.545,177.135,157.515,0.65,0.255,89.33500000000001,378.175,513.1405,4.137185520755608,0.0067015501882117,3607.215,4503.3425,295.10299999999995,264.3645,7.098000000000001,0.255,89.33500000000001,-320.6,5.870678692620597,0.0056669649586626,0.0,0.0,30.909999999999997,157.76999999999998,177.785,19.620000000000005,0.395,20.015000000000004,891.3154999999999
2026-01-17 06:30:00,1655.028,0.0,401.564,97.13,0.0,89.054,0.0,0.0,147.986,3835.623,113.82,147.986,0.0385819982829386,3687.637,2390.762,True,True,True,2,731.0585,117.695,110.772,6.448,0.0,-1.5435,419.443,2875.5550000000003,3879.605,180.39,154.735,0.655,0.26,89.4,397.5,513.1865,3.9875794912593774,0.0067018562565265,3552.159,4610.6635,298.08500000000004,265.507,7.103,0.26,89.4,-351.995,5.757235707532664,0.0056392994482095,0.0,0.0,31.965,154.995,181.045,25.654999999999973,0.395,26.04999999999997,910.6865
2026-01-17 07:00:00,1609.045,0.0,387.803,101.663,0.0,89.806,0.0,0.0,173.162,3927.075,119.235,173.162,0.0440943959562778,3753.913,2361.479,True,True,True,2,786.77,97.4915,89.8235,6.448,0.0,-1.9975,322.19500000000005,3026.3450000000003,4005.345,200.07,179.525,0.65,0.25,89.77000000000001,270.045,513.0665,4.482149414543255,0.0062403424340281,3782.1055,4792.115,297.5615,269.3485,7.098000000000001,0.25,89.77000000000001,-275.1,5.621820495815043,0.0052155030042642,0.0,0.0,27.525,179.775,200.72,20.544999999999987,0.4,20.944999999999983,783.1115
2026-01-17 07:30:00,1659.241,0.0,417.313,98.591,0.0,88.062,0.0,0.0,182.387,4056.973,119.235,182.387,0.04495642440805,3874.586,2445.594,True,True,True,2,848.54,107.3815,98.534,6.448,0.0,-5.5575,412.838,2951.535,4131.174999999999,214.355,192.03,0.675,0.27,88.055,317.475,513.1845000000001,4.646957592623148,0.0065379918980058,3740.14,4979.715,321.7365,290.564,7.123,0.27,88.055,-333.98,5.832837023583208,0.0054242666402988,0.0,0.0,30.075000000000003,192.3,215.03000000000003,22.325000000000045,0.405,22.730000000000047,830.6595000000001
2026-01-17 08:00:00,1592.578,0.0,367.34,96.501,0.0,87.763,0.0,0.0,202.669,4156.297,143.945,202.669,0.0487619147524828,3953.628,2346.851,True,True,True,2,900.158,116.625,109.5495,6.448,0.0,-2.0685,441.9555,2896.66,4232.89,229.725,210.1,0.71,0.155,91.26,466.9500000000001,513.1665,4.963722337604801,0.0036921112683235,3710.2055,5133.048000000001,346.35,319.6495,7.158,0.155,91.26,-340.47,6.227627395317657,0.0030468519336108,0.0,0.0,33.14,210.255,230.435,19.62499999999997,0.5549999999999999,20.17999999999997,980.1165
2026-01-17 08:30:00,1612.049,0.0,334.122,100.483,0.0,96.299,0.0,0.0,211.263,4298.797,143.945,211.263,0.0491446793137708,4087.534,2354.216,True,True,True,2,944.59,117.66,111.4065,6.7175,0.242,-1.9175,441.906,2995.25,4375.725,225.15,203.405,3.145,2.37,106.68,529.92,513.141,4.6512042387839445,0.0538020431631715,3843.869,5320.3150000000005,342.81,314.8115,9.8625,2.612,106.68,-330.92499999999995,5.919326677196474,0.0487223202666118,0.0,0.0,33.06,205.775,228.295,21.744999999999976,0.7749999999999999,22.51999999999997,1043.061
2026-01-17 09:00:00,1667.734,0.0,408.936,112.417,0.0,113.257,0.0,0.0,195.278,,181.05,195.278,,,2497.622,True,False,True,2,997.6,120.6345,114.9955,7.2385,1.089,-1.9305,441.9175,3197.99,4555.105,205.98,188.035,13.725,14.16,114.17,529.88,513.172,4.129348196742207,0.310284638291492,4067.0905,5552.705,326.6145,303.0305,20.963500000000003,15.249000000000002,114.17,-297.985,5.4582332698221085,0.2741249670318419,0.0,0.0,31.815,202.195,219.705,17.94500000000002,0.0,17.94500000000002,1043.052
2026-01-17 09:30:00,1821.485,0.0,438.133,111.724,0.0,114.284,0.0,0.0,175.04,,181.05,175.04,,,2660.666,True,False,True,2,1021.722,116.119,110.9575,8.19,2.5535,-1.9185,441.9225,3317.27,4660.344999999999,186.57,169.265,42.045,40.645,114.575,529.92,513.1675,3.6323618483740634,0.8712090928376974,4196.5905,5682.067,302.689,280.2225,50.235,43.1985,114.575,-283.695,4.932322060352194,0.7594222599729691,0.0,0.0,31.345,209.91,228.615,17.305000000000007,1.4000000000000057,18.705000000000013,1043.0875
2026-01-17 10:00:00,1827.622,0.0,441.149,112.767,46.726,114.522,0.0,0.0,163.596,4689.978,181.985,163.596,0.0348820399583963,4526.382,2706.382,True,True,True,2,1041.34,107.8375,102.0905,14.1495,8.0175,-1.9115,441.926,3432.385,4730.905,177.53,159.61,62.370000000000005,60.98,114.39,529.92,513.1685,3.3740010139057475,1.2884952030957322,4287.4265,5772.245,285.3675,261.7005,76.5195,68.9975,114.39,-239.64,4.534161515795962,1.1948598560108636,0.0,0.0,31.15,220.59000000000003,239.9,17.919999999999987,1.3900000000000006,19.309999999999988,1043.0884999999998
2026-01-17 10:30:00,1806.078,0.0,457.256,108.576,49.144,114.816,0.0,0.0,148.369,4752.294,181.985,148.369,0.0312205010885269,4603.925,2684.239,True,True,True,2,1053.712,94.4365,88.3045,16.197,11.505,-1.945,441.914,3489.3100000000004,4754.825000000001,162.595,142.76999999999998,113.61,96.355,114.455,529.91,513.1890000000001,3.002639481082902,2.0264244297157985,4322.811,5808.537,257.0315,231.0745,129.807,107.86,114.455,-205.97,3.978249179416778,1.8568789563935528,0.0,0.0,31.4,239.125,276.205,19.825000000000017,17.254999999999995,37.08000000000001,1043.0990000000002
2026-01-17 11:00:00,1814.566,0.0,457.591,108.717,49.289,114.293,0.0,0.0,141.562,4759.512,177.61,141.562,0.0297429652451764,4617.95,2686.018,True,True,True,2,1061.2875,71.15350000000001,62.641,19.2575,16.238999999999997,1.7445,441.9210000000001,3523.435,4767.245000000001,159.43,140.555,134.54500000000002,135.375,114.425,529.885,513.192,2.94830861581856,2.839444660025513,4339.711499999999,5828.5325,230.5835,203.196,153.8025,151.614,114.425,-184.705,3.486299367464232,2.600896217385249,0.0,0.0,31.94,275.93,293.975,18.875,0.0,18.875,1043.077
2026-01-17 11:30:00,1830.934,0.0,460.607,110.396,5.633,114.154,0.0,0.0,145.598,4763.004,177.61,145.598,0.0305685235620209,4617.406,2667.322,True,True,True,2,1065.823,49.7975,39.82599999999999,24.998,23.149,-2.6630000000000003,441.9385,3524.045,4766.08,149.29000000000002,134.695,133.45,134.815,114.42,529.9,513.199,2.826051701319996,2.828678776460963,4346.718000000001,5831.903,199.0875,174.521,158.44799999999998,157.964,114.42,-181.955,2.992401172807975,2.708654307534608,0.0,0.0,31.320000000000004,269.51,282.74,14.595000000000027,0.0,14.595000000000027,1043.099
2026-01-17 12:00:00,1842.879,0.0,461.947,111.998,6.663,114.631,0.0,0.0,117.036,4751.039,175.45,117.036,0.0246337695817693,4634.003,2655.154,True,True,True,2,1071.7685,37.624,30.5175,23.521,19.628500000000003,-2.3145,441.9255,3544.61,4763.25,128.875,110.815,181.705,180.78,114.49,529.885,513.175,2.3264233055055388,3.7954217168374855,4350.9065,5835.0185,166.499,141.3325,205.226,200.4085,114.49,-159.685,2.4221388662324457,3.4345882861319232,0.0,0.0,31.68,291.595,310.58,18.06,0.924999999999983,18.984999999999985,1043.06
2026-01-17 12:30:00,1844.37,0.0,461.612,112.066,6.808,114.541,0.0,0.0,103.404,4760.96,175.45,103.404,0.0217191490791773,4657.5560000000005,2642.801,True,True,True,2,1069.1415000000002,35.587,28.3645,17.807499999999997,14.744,-2.2165,441.9145,3556.21,4759.41,137.905,118.175,221.09,212.56,114.415,529.875,513.1655000000001,2.483129672318856,4.466177729355465,4344.084,5828.5515,173.49200000000002,146.53949999999998,238.8975,227.304,114.415,-143.16,2.51432666550504,3.899908627567346,0.0,0.0,32.415,330.735,358.995,19.730000000000004,8.530000000000001,28.260000000000005,1043.0405
2026-01-17 13:00:00,1817.766,0.0,458.596,109.067,5.633,114.315,0.0,0.0,130.9,4753.512,175.675,130.9,0.0275375343535474,4622.612,2636.277,True,True,True,2,1061.3290000000002,37.2115,29.7445,16.724,13.438,-2.29,441.8945,3549.945,4754.215,149.28,129.31,235.89,214.83,114.375,529.91,513.2155,2.7198927422459307,4.518684243851405,4330.9685,5815.544,186.4915,159.0545,252.614,228.268,114.375,-143.885,2.7349876199073817,3.925130441116656,0.0,0.0,32.78,344.14,385.17,19.97,21.06,41.03,1043.1255
2026-01-17 13:30:00,1812.966,0.0,458.931,109.067,0.0,114.758,0.0,0.0,123.961,4760.266,175.675,123.961,0.0260407716711629,4636.304999999999,2619.6829999999995,True,True,True,2,1045.2179999999998,42.4815,37.0065,16.512,15.689,-2.3615,441.9165,3495.665,4727.885,128.265,106.65,201.215,180.435,114.21,529.895,513.169,2.2554204037321384,3.814954411435191,4288.296,5773.102999999999,170.74650000000003,143.6565,217.727,196.124,114.21,-171.995,2.4882813509007264,3.3959173498439204,0.0,0.0,32.02,287.08500000000004,329.48,21.61500000000001,20.78,42.39500000000001,1043.064
2026-01-17 14:00:00,1809.476,0.0,457.926,108.717,0.0,113.892,0.0,0.0,103.916,4689.644,169.975,103.916,0.0221586116131629,4585.728,2593.927,True,True,True,2,1024.372,50.7355,43.7115,22.8335,19.585,-2.354,441.89,3450.07,4683.585,132.595,110.46,154.395,130.785,114.205,529.9,513.1700000000001,2.358491630306135,2.7923647849079387,4221.032999999999,5707.957,183.33050000000003,154.17149999999998,177.2285,150.37,114.205,-172.175,2.7011222076688166,2.634297360902743,0.0,0.0,31.6,241.245,286.99,22.13499999999999,23.610000000000014,45.745000000000005,1043.0700000000002
2026-01-17 14:30:00,1807.486,0.0,457.256,108.375,0.0,114.279,0.0,0.0,127.857,4691.902,169.975,127.857,0.0272505691721608,4564.045,2615.253,True,True,True,2,1014.98,56.4945,50.46,23.064,17.2305,-2.1895,441.891,3461.09,4705.84,142.56,120.855,101.225,98.38,114.295,529.88,513.1555,2.568278767217008,2.090738915934025,4235.0535,5720.82,199.0545,171.315,124.289,115.6105,114.295,-184.505,2.994604011045865,2.0209394347160674,0.0,0.0,30.930000000000003,219.235,243.785,21.705000000000013,2.844999999999999,24.55000000000001,1043.0355
2026-01-17 15:00:00,1836.602,0.0,462.282,111.165,0.0,114.47,0.0,0.0,106.645,4707.417,175.84,106.645,0.0226546745274531,4600.772,2631.164,True,True,True,2,1019.7855,58.9,54.814,9.732500000000002,5.972,-2.241,441.8835,3489.285,4724.225,133.885,111.38,81.15,79.15,114.49,529.985,513.2175,2.3575913305635168,1.6754826227496102,4258.610000000001,5744.0105,192.785,166.19400000000002,90.8825,85.122,114.49,-174.98000000000002,2.8932966548536947,1.4820415134032916,0.0,0.0,30.000000000000004,190.53,215.035,22.504999999999995,2.0,24.504999999999995,1043.2025
2026-01-17 15:30:00,1818.445,0.0,456.228,109.208,70.014,114.272,0.0,0.0,116.556,4723.391,175.84,116.556,0.0246763395196374,4606.835,2684.723,True,True,True,2,1028.9335,50.6085,44.475,6.7805,2.789,-2.3485,441.8435,3590.44,4748.285,147.4,124.105,52.665,49.64,114.33,529.98,513.1865,2.6134559215112847,1.0459638679905268,4293.7455,5777.2185,198.0085,168.57999999999998,59.4455,52.429,114.33,-97.625,2.918044786965436,0.9079902064806294,0.0,0.0,29.579999999999995,173.745,200.065,23.295000000000016,3.0249999999999986,26.32000000000001,1043.1665
2026-01-17 16:00:00,1813.374,0.0,459.266,110.468,187.646,114.369,0.0,0.0,132.343,4781.552,220.71,132.343,0.0276778334733157,4649.209,2817.466,True,True,True,2,1058.25,42.392,33.318,4.932,1.1035,-2.27,441.805,3725.23,4834.395,147.15499999999997,124.555,23.48,22.63,114.315,529.98,513.1424999999999,2.576696326469888,0.468581805837124,4411.087,5892.645,189.547,157.873,28.412,23.7335,114.315,-49.215,2.679603937017864,0.4032690927636225,0.0,0.0,28.235,147.185,170.63499999999996,22.59999999999997,0.8499999999999979,23.449999999999964,1043.1225
2026-01-17 16:30:00,1840.746,0.0,462.617,112.84,247.339,114.465,0.0,0.0,117.22,4882.576,220.71,117.22,0.0240078188235062,4765.356,2895.227,True,True,True,2,1115.4825,42.0865,36.3455,4.14,0.018,-1.3785,441.866,3789.315,4953.115,128.93,106.925,3.95,3.56,114.37,529.985,513.1175000000001,2.159731080556963,0.0722541458791507,4584.287,6068.5975,171.0165,143.2705,8.09,3.578,114.37,-103.025,2.3613633403518945,0.0593423172996897,0.0,0.0,27.53,110.485,132.88,22.00500000000001,0.3899999999999997,22.39500000000001,1043.1025
2026-01-17 17:00:00,1819.53,0.0,455.558,108.507,237.894,114.379,0.0,0.0,98.845,5054.677,245.745,98.845,0.0195551565411598,4955.831999999999,2834.713,True,True,True,2,1200.7005,66.333,61.275,4.036,0.0,56.9095,441.867,3959.75,5174.945,128.565,107.13,0.735,0.0,114.52,529.985,513.173,2.0692406473007705,0.0,4831.8465,6375.6455000000005,194.898,168.405,4.771,0.0,114.52,-153.245,2.639085959627563,0.0,0.0,0.0,30.185,107.13,129.3,21.435,0.735,22.17,1043.158
2026-01-17 17:30:00,1834.187,0.0,457.591,109.904,241.411,114.424,0.0,0.0,119.015,5255.624,245.745,119.015,0.0226452653386163,5136.609,2876.532,True,True,True,2,1211.842,100.734,99.846,4.036,0.0,62.1525,441.8205,4005.37,5252.43,152.62,134.485,0.735,0.21,114.095,529.98,513.1555000000001,2.560476176871222,0.0039990582577015,4915.1985,6464.272000000001,253.354,234.331,4.770999999999999,0.21,114.095,-185.195,3.6253199065726855,0.0032509995998709,0.0,0.0,31.035,134.69500000000002,153.35500000000002,18.13499999999999,0.525,18.65999999999999,1043.1355
2026-01-17 18:00:00,1801.632,0.0,424.037,107.815,235.262,113.832,0.0,0.0,146.252,5230.406,232.935,146.252,0.0279618828825142,5084.154,2828.83,True,True,True,2,1176.6655,136.3595,133.8725,4.036,0.0,12.595,441.817,3974.295,5206.175,165.015,144.31,0.71,0.325,113.905,529.98,513.164,2.771513553602793,0.006242891455281,4883.8695,6382.8405,301.3745,278.1825,4.746,0.325,113.905,-171.275,4.358320231592574,0.0050921510644195,0.0,0.0,30.845,144.635,165.725,20.704999999999984,0.3849999999999999,21.089999999999986,1043.144
2026-01-17 18:30:00,1799.904,0.0,423.032,107.956,235.262,113.986,0.0,0.0,139.739,5168.473,232.935,139.739,0.0270368056483994,5028.734,2819.879,True,True,True,2,1132.615,150.6145,148.36849999999998,4.036,0.0,-2.237,441.805,3865.87,5118.985,153.89,133.035,0.715,0.3,113.81,529.965,513.191,2.598256970497052,0.0058596651475502,4766.822,6251.6,304.5045,281.4035,4.751,0.3,113.81,-192.615,4.501047878898752,0.0047979538226042,0.0,0.0,30.380000000000003,133.335,154.605,20.85499999999999,0.415,21.26999999999999,1043.156
2026-01-17 19:00:00,1776.485,0.0,416.308,106.555,231.599,113.277,0.0,0.0,130.978,5053.326,207.5,130.978,0.0259191669011656,4922.348,2775.202,True,True,True,2,1083.4125,154.5895,152.3785,4.036,0.0,-2.3835,441.792,3725.88,5012.075,160.005,139.2,0.705,0.3,113.395,529.97,513.1595,2.777725863741408,0.0059857457844688,4611.7955,6095.487499999999,314.5945,291.5785,4.741,0.3,113.395,-226.865,4.784011637839699,0.0049218993099185,0.0,0.0,29.51,139.5,160.71,20.805000000000007,0.4049999999999999,21.210000000000008,1043.1295
2026-01-17 19:30:00,1772.102,0.0,422.027,108.165,235.33,114.062,0.0,0.0,146.619,4952.57,207.5,146.619,0.0296046295155848,4805.951,2798.305,True,True,True,2,1040.448,140.3055,141.914,4.036,0.0,-6.0125,441.8055,3689.21,4920.25,169.23,149.61,0.725,0.3349999999999999,113.92,529.965,513.198,3.0409552435874487,0.0068100282591627,4482.984,5960.698,309.5355,291.524,4.760999999999999,0.3349999999999999,113.92,-173.485,4.890760565541348,0.0056215537287016,0.0,0.0,29.110000000000003,149.94500000000002,169.95499999999998,19.619999999999976,0.39,20.009999999999977,1043.163
2026-01-17 20:00:00,1809.169,0.0,441.149,109.904,73.966,113.646,0.0,0.0,157.886,4878.184,192.38,157.886,0.0323657328218861,4720.298,2705.7200000000003,True,True,True,2,1005.066,141.45100000000002,140.847,4.036,0.0,-2.5355,441.806,3532.48,4822.715,179.535,158.75,0.745,0.305,113.95,529.97,513.164,3.292161118285676,0.0063238598158984,4340.6235,5827.781000000001,320.986,299.597,4.781,0.305,113.95,-226.6,5.141312359058111,0.0052332215347685,0.0,0.0,30.205,159.055,180.28,20.785,0.44,21.225,1043.134
2026-01-17 20:30:00,1746.887,0.0,465.968,111.588,0.0,114.227,0.0,0.0,167.561,4767.866,192.38,167.561,0.0351438148639244,4600.305,2606.231,True,True,True,2,964.289,159.94,157.743,4.036,0.0,-2.441,441.7565,3443.42,4716.74,171.145,150.055,0.69,0.295,114.07,529.935,513.1904999999999,3.180517847176312,0.0062515197220526,4192.415000000001,5681.029,331.085,307.798,4.725999999999999,0.295,114.07,-209.685,5.418090551780903,0.0051899629642453,0.0,0.0,30.86,150.35,171.835,21.090000000000003,0.3949999999999999,21.485000000000003,1043.1255
2026-01-17 21:00:00,1746.579,0.0,470.324,111.724,0.0,113.934,0.0,0.0,141.615,4662.084,158.0,141.615,0.0303759005629242,4520.469,2584.1760000000004,True,True,True,2,923.066,157.627,153.73399999999998,4.036,0.0,-2.488,441.7775,3355.035,4604.5,166.125,144.2,0.735,0.33,113.76,529.955,513.1635,3.131908634108708,0.0071672373784151,4039.4795,5527.566,323.752,297.934,4.771,0.33,113.76,-186.425,5.389859776016805,0.0059703951667054,0.0,0.0,31.53,144.53,166.86,21.92500000000001,0.4049999999999999,22.330000000000013,1043.1185
2026-01-17 21:30:00,1716.296,0.0,459.266,108.926,0.0,113.301,0.0,0.0,142.191,4544.602,158.0,142.191,0.0312878883563401,4402.411,2539.98,True,True,True,2,888.367,144.076,140.89249999999998,4.036,0.0,-2.536,441.7505,3215.315,4475.1,157.225,131.425,0.7050000000000001,0.31,113.7,529.965,513.171,2.936029257963681,0.0069293584862539,3874.38,5363.467,301.301,272.3175,4.741,0.31,113.7,-196.085,5.075975962317608,0.0057817905072393,0.0,0.0,32.005,131.735,157.93,25.799999999999983,0.3950000000000001,26.194999999999983,1043.136
2026-01-17 22:00:00,1654.026,0.0,452.207,107.114,0.0,113.836,0.0,0.0,114.343,4399.562,133.97,114.343,0.0259896326043365,4285.219,2441.526,True,True,True,2,842.4295,140.17000000000002,137.6365,4.036,0.0,-9.931,441.7315,3051.825,4338.65,151.37,121.47,0.725,0.275,113.65,529.985,513.2005,2.800602042256738,0.0063397379824193,3698.6025,5181.0795,291.54,259.1065,4.760999999999999,0.275,113.65,-222.72,5.00172085425248,0.0053090953296583,0.0,0.0,32.84,121.745,152.095,29.90000000000001,0.4499999999999999,30.350000000000005,1043.1855
2026-01-17 22:30:00,1608.67,0.0,386.128,106.136,0.0,113.36,0.0,0.0,120.063,4262.089,133.97,120.063,0.0281699889420422,4142.026,2334.3570000000004,True,True,True,2,796.4870000000001,148.488,145.56799999999998,4.036,0.0,-2.491,441.7225,2846.94,4201.155,144.79000000000002,118.02,0.715,0.32,113.675,529.94,513.202,2.809713140372736,0.0076173402187233,3507.6665,4997.642,293.278,263.588,4.751,0.32,113.675,-290.495,5.275482267303773,0.0064034708002627,0.0,0.0,34.185,118.34,145.50500000000002,26.77000000000001,0.3949999999999999,27.16500000000001,1043.142
2026-01-17 23:00:00,1627.916,0.0,239.85,102.432,0.0,113.225,0.0,0.0,126.252,4148.388,128.405,126.252,0.0304339902632058,4022.136,2209.675,True,True,True,2,751.8485000000001,170.25549999999998,164.68349999999998,4.036,0.0,-2.53,441.7265,2883.675,4253.6,167.83499999999998,144.58499999999998,0.715,0.28,101.57,456.515,513.1635,3.3992741715881363,0.0065826847002995,3588.099,5005.4485,338.0905,309.2685,4.751,0.28,101.57,-379.0,6.179569076786497,0.0055939734399985,0.0,0.0,33.7,144.86499999999998,168.54999999999998,23.25,0.4349999999999999,23.685,969.6785
2026-01-17 23:30:00,1776.21,0.0,391.489,106.555,0.0,100.233,0.0,0.0,145.983,4217.745,128.405,145.983,0.034611623035532,4071.762,2520.4700000000003,True,True,True,2,712.7139999999999,188.2445,183.0725,4.036,0.0,-2.4895,371.053,2951.76,4173.06,168.445,146.525,0.7050000000000001,0.31,94.955,306.52,513.2094999999999,3.511368243772263,0.0074260757542755,3689.6105,4885.773999999999,356.6895,329.5975,4.741,0.31,94.955,-381.39,6.747303815359343,0.0063423826109637,0.0,0.0,30.56,146.835,169.15,21.919999999999987,0.3950000000000001,22.314999999999987,819.7294999999999
2026-01-18 00:00:00,1831.918,0.0,436.771,106.414,0.0,87.518,0.0,0.0,148.725,4124.17,128.255,148.725,0.0360618015261252,3975.445,2611.346,True,True,True,2,681.204,207.1635,198.309,4.036,0.0,-2.518,254.597,3076.3900000000003,4105.675,178.39,154.98,0.72,0.29,83.8,160.035,513.2384999999999,3.77564286586785,0.0070652567208618,3863.8,4786.879000000001,385.5535,353.289,4.756,0.29,83.8,-345.145,7.3826110146050175,0.0060600701063287,0.0,0.0,26.285000000000004,155.26999999999998,179.11,23.41,0.4299999999999999,23.84,673.2734999999999
2026-01-18 00:30:00,1804.855,0.0,425.713,103.624,88.33,75.89,0.0,0.0,159.687,4050.552,128.255,159.687,0.0394235156097243,3890.865,2658.099,True,True,True,2,650.7425000000001,211.228,205.042,4.036,0.0,-2.5275,245.315,2982.825,4000.23,175.88,150.035,0.725,0.28,75.66,202.435,505.2035,3.75021403795674,0.0069998806329555,3721.7485,4650.9725,387.108,355.077,4.760999999999999,0.28,75.66,-318.09000000000003,7.632267285176344,0.0060205253069322,0.0,0.0,27.42,150.315,176.605,25.845,0.4449999999999999,26.29,707.6385
2026-01-18 01:00:00,1797.704,0.0,425.713,98.454,0.0,75.791,0.0,0.0,146.72,3954.284,122.325,146.72,0.0371040623283507,3807.564,2544.382,True,True,True,2,664.347,195.051,191.531,4.036,0.0,-2.49,245.3085,2953.3450000000003,3929.18,189.68,164.46499999999995,0.705,0.265,75.715,342.57,513.174,4.187220976101045,0.0067423104653205,3679.1565,4593.527,384.731,355.996,4.741,0.265,75.715,-291.52,7.75166380712419,0.0057675665839784,0.0,0.0,29.82,164.72999999999996,190.385,25.215000000000032,0.4399999999999999,25.655000000000037,855.7439999999999
2026-01-18 01:30:00,1792.159,0.0,435.095,98.104,0.0,75.836,0.0,0.0,164.353,3870.923,122.325,164.353,0.0424583490810848,3706.57,2565.547,True,True,True,2,653.4745,191.633,189.9995,4.036,0.0,-2.54,245.32100000000003,2969.37,3829.16,210.195,186.73,0.705,0.28,75.695,328.71500000000003,513.1980000000001,4.878200191546696,0.0073124341520779,3696.797,4482.6345,401.828,376.7295,4.741,0.28,75.695,-304.165,8.40523443677029,0.0062464474700542,0.0,0.0,29.955,187.01,210.9,23.46499999999997,0.4249999999999999,23.889999999999976,841.9130000000001
2026-01-18 02:00:00,1807.925,0.0,439.809,98.873,0.0,75.862,0.0,0.0,196.989,3810.354,117.005,196.989,0.0516983461379179,3613.365,2619.458,True,True,True,2,645.6375,209.263,210.5245,4.036,0.0,-2.4785,245.329,2981.575,3885.72,212.725,189.185,0.7,0.28,75.775,431.11,513.184,4.868689181442855,0.0072062991624547,3731.9925,4531.3575,421.988,399.7095,4.735999999999999,0.28,75.775,-334.895,8.821374173969884,0.0061797303900123,0.0,0.0,31.615,189.465,213.425,23.539999999999992,0.4199999999999999,23.959999999999997,944.294
2026-01-18 02:30:00,1788.45,0.0,434.09,98.24,0.0,75.286,0.0,0.0,191.573,3865.726,117.005,191.573,0.0495567973519075,3674.153,2587.639,True,True,True,2,631.891,250.583,250.945,4.036,0.0,-6.1295,245.328,2936.78,3832.955,234.215,206.935,0.725,0.265,75.59,417.995,513.183,5.3998337030972055,0.0069143637446399,3690.9785,4464.846,484.798,457.88,4.760999999999999,0.265,75.59,-351.20500000000004,10.256208202151448,0.0059359033043772,0.0,0.0,32.945,207.2,234.94,27.28,0.4599999999999999,27.74,931.178
2026-01-18 03:00:00,1789.464,0.0,436.1,98.104,0.0,75.715,0.0,0.0,219.575,3799.358,115.005,219.575,0.0577926586544358,3579.7830000000004,2618.958,True,True,True,2,617.0450000000001,229.237,228.4525,4.036,0.0,-4.6125,245.318,2976.62,3783.3,272.835,246.145,0.69,0.295,75.6,421.4500000000001,513.207,6.507314231365802,0.0077969563382701,3644.8945,4400.344999999999,502.072,474.5975,4.725999999999999,0.295,75.6,-281.835,10.786826822284382,0.0067036043556858,0.0,0.0,33.655,246.44,273.525,26.69,0.3949999999999999,27.085,934.657
2026-01-18 03:30:00,1792.784,0.0,435.765,98.313,0.0,75.574,0.0,0.0,270.626,3745.102,115.005,270.626,0.0722613162471943,3474.476,2673.062,True,True,True,2,603.627,233.737,233.772,4.036,0.0,-5.861000000000001,245.31,2997.67,3719.92,302.1,273.3,0.71,0.26,75.71000000000001,274.54,513.1990000000001,7.347114091983197,0.0069943292357443,3668.954,4323.5470000000005,535.837,507.072,4.746,0.26,75.71000000000001,-296.995,11.72880184717304,0.0060179338543701,0.0,0.0,32.22,273.56,302.81,28.80000000000001,0.4499999999999999,29.25000000000001,787.739
2026-01-18 04:00:00,1791.468,0.0,435.43,98.381,0.0,75.614,0.0,0.0,280.465,3682.787,113.92,280.465,0.0761556397369709,3402.322,2681.358,True,True,True,2,597.315,241.3225,244.384,4.036,0.0,-15.14,245.311,3071.175,3666.885,333.42,312.22,0.715,0.2299999999999999,75.68,149.01999999999998,513.194,8.515648701771845,0.0062731303515927,3772.831,4264.2,574.7425000000001,556.604,4.751,0.2299999999999999,75.68,-324.625,13.053883600589666,0.0053943517618201,0.0,0.0,30.8,312.45000000000005,334.13499999999993,21.19999999999993,0.485,21.68499999999993,662.2139999999999
2026-01-18 04:30:00,1792.255,0.0,434.76,98.031,0.0,75.623,0.0,0.0,344.908,3647.796,113.92,344.908,0.0945524365945902,3302.888,2745.577,True,True,True,2,590.4435,244.9135,246.2265,4.036,0.0,-15.1195,245.3205,3086.255,3621.915,401.19,369.7000000000001,0.6799999999999999,0.265,75.53999999999999,60.565,513.191,10.208565265257189,0.0073161600758699,3788.2665,4212.3585,646.1034999999999,615.9265,4.715999999999999,0.265,75.53999999999999,-331.29,14.623006401676244,0.0062906812461048,0.0,0.0,30.680000000000003,369.965,401.87,31.489999999999952,0.4149999999999999,31.90499999999995,573.7560000000001
2026-01-18 05:00:00,1769.108,0.0,435.43,98.381,0.0,75.663,0.0,0.0,403.777,3588.411,107.9,403.777,0.1125225064798876,3184.634,2782.359,True,True,True,2,593.3065,233.1275,233.7835,4.036,0.0,-77.995,245.323,3161.285,3600.7250000000004,481.975,461.57,0.71,0.27,75.96000000000001,41.565,513.201,12.818746398664866,0.0074984899562918,3863.1075,4194.0315,715.1025,695.3534999999999,4.746,0.27,75.96000000000001,-264.685,16.579595250022415,0.0064377198884271,0.0,0.0,31.59,461.84,482.685,20.40500000000003,0.4399999999999999,20.84500000000003,554.7660000000001
2026-01-18 05:30:00,1806.432,0.0,447.516,101.043,0.0,76.259,0.0,0.0,481.105,3596.364,107.9,481.105,0.1337753909226096,3115.259,2912.355,True,True,True,2,598.691,215.618,217.956,4.036,0.0,-25.058,243.344,3168.75,3598.09,495.835,481.83,0.685,0.295,76.26499999999999,0.03,504.1895,13.391293193493611,0.0081989178873934,3856.704,4196.781000000001,711.453,699.786,4.721,0.295,76.26499999999999,-297.67,16.674397427275714,0.0070290751758148,0.0,0.0,31.11,482.125,496.52,14.005000000000052,0.39,14.395000000000053,504.2195
2026-01-18 06:00:00,1815.051,0.0,448.186,101.594,0.0,76.277,0.0,0.0,494.935,3595.975,109.1,494.935,0.1376358289476428,3101.04,2936.043,True,True,True,2,624.2425000000001,198.573,200.803,4.036,0.0,-23.1095,256.3935,3131.255,3626.52,517.2049999999999,499.105,0.71,0.28,75.965,0.02,513.1795,13.762233371218594,0.007721417844373,3801.6725,4250.7625,715.778,699.908,4.746,0.28,75.965,-268.265,16.465074550565056,0.0065877128275478,0.0,0.0,31.805,499.385,517.915,18.09999999999991,0.4299999999999999,18.52999999999991,513.1995
2026-01-18 06:30:00,1664.797,0.0,421.692,97.762,0.0,75.588,0.0,0.0,519.053,3638.915,109.1,519.053,0.1426394955639249,3119.862,2778.8920000000003,True,True,True,2,644.2985,209.259,209.151,4.036,0.0,-3.3840000000000003,255.4085,3024.8,3665.96,573.835,551.66,0.685,0.275,75.83500000000001,6.0,491.0655,15.047359233727295,0.007501208548188,3708.246,4310.2585,783.094,760.8109999999999,4.720999999999999,0.275,75.83500000000001,-280.765,17.64979734788567,0.0063798336049635,0.0,0.0,33.48500000000001,551.935,574.52,22.175000000000068,0.41,22.58500000000007,497.0655
2026-01-18 07:00:00,1672.845,0.0,411.952,103.064,0.0,76.133,0.0,0.0,564.831,3684.172,112.57,564.831,0.1533128746432034,3119.341,2828.825,True,True,True,2,680.5685000000001,213.006,213.35,4.036,0.0,-2.355,106.447,3238.375,3752.375,638.1700000000001,622.495,0.695,0.305,76.82,0.03,376.4055,16.586456651816828,0.008127705980638,3984.2675,4432.943499999999,851.176,835.845,4.731,0.305,76.82,-155.085,18.85322751394645,0.0068798804429311,0.0,0.0,29.33,622.8,638.8650000000001,15.675000000000068,0.3899999999999999,16.06500000000007,376.4355
2026-01-18 07:30:00,1668.52,0.0,458.931,98.313,5.633,79.092,0.0,0.0,659.749,3792.863,112.57,659.749,0.173944853795141,3133.114,2970.2380000000003,True,True,True,2,707.2,246.201,246.4775,4.036,0.0,-2.004,1.5695,3303.33,3833.585,729.71,688.2550000000001,0.685,0.28,82.70500000000001,0.03,458.986,17.952631206318436,0.0073016870819122,4079.578,4540.785,975.911,934.7325,4.721,0.28,82.70500000000001,-50.57,20.58447668287172,0.006164112144449,0.0,0.0,30.55,688.5350000000001,730.395,41.45499999999993,0.405,41.85999999999993,459.016
2026-01-18 08:00:00,1612.068,0.0,451.872,96.779,5.633,87.593,0.0,0.0,692.595,3837.028,114.295,692.595,0.1805029830379137,3144.433,2946.54,True,True,True,2,750.492,253.258,253.776,4.036,0.0,-2.149,92.684,3256.175,3874.645,762.365,732.705,0.73,0.125,89.755,0.025,481.7965,18.90824856888411,0.0032335130480935,4047.2375,4625.137000000001,1015.623,986.481,4.766,0.125,89.755,-114.98,21.32635601273421,0.0027119480387765,0.0,0.0,33.53,732.83,763.095,29.659999999999968,0.605,30.26499999999997,481.8215
2026-01-18 08:30:00,1619.592,0.0,374.377,102.154,0.0,90.038,0.0,0.0,769.796,3898.89,114.295,769.796,0.1974397841436922,3129.094,2955.9570000000003,True,True,True,2,794.7090000000001,263.986,262.00300000000004,4.22,0.3125,-2.4525,243.6845,3309.615,3960.635,779.025,767.45,7.710000000000001,6.654999999999999,90.59,0.02,387.4595000000001,19.378789215594647,0.1670893893077857,4119.703,4755.344,1043.011,1029.453,11.93,6.967499999999999,90.59,-241.64,21.651880460672704,0.145572483102047,0.0,0.0,34.93,774.105,786.735,11.574999999999932,1.0550000000000015,12.629999999999932,387.4795
2026-01-18 09:00:00,1625.187,0.0,383.782,98.313,0.0,90.718,0.0,0.0,782.448,4042.506,118.69,782.448,0.193555185817906,3260.058,2980.4479999999994,True,True,True,2,856.566,248.266,246.946,5.871,2.9185,-2.529,390.001,3305.79,4128.17,883.135,864.5550000000001,49.095,43.6,90.705,0.02,491.467,20.93737496841178,1.0528427136217209,4096.735,4984.736000000001,1131.4009999999998,1111.5010000000002,54.96600000000001,46.5185,90.705,-309.295,22.29430116263595,0.9298161165103994,0.0,0.0,40.875,908.155,932.23,18.579999999999927,5.494999999999997,24.074999999999925,491.487
2026-01-18 09:30:00,1587.974,0.0,283.457,101.112,0.0,90.709,0.0,0.0,925.343,4190.889,118.69,925.343,0.220798737451648,3265.5460000000003,2988.595,True,True,True,2,902.166,245.8195,246.479,13.235,8.531,-2.3495,441.94,3376.2200000000003,4237.835,964.64,954.135,70.58500000000001,65.47,90.735,0.02,513.175,22.512868620111977,1.5453684946169284,4178.744000000001,5140.001,1210.4595,1200.614,83.82,74.001,90.735,-326.9,23.35630022100174,1.4399804743656983,0.0,0.0,43.505,1019.605,1035.225,10.504999999999995,5.115000000000009,15.620000000000005,513.1949999999999
2026-01-18 10:00:00,1607.74,0.0,277.76,99.501,0.0,90.724,0.0,0.0,971.514,4268.394,124.79,971.514,0.2276064487017833,3296.88,3047.239,True,True,True,2,936.9515,275.2025,276.4705,16.3065,11.6595,-2.372,426.2975,3472.795,4313.0,972.645,950.59,104.35,83.805,99.28,0.14,513.183,22.04049950078001,1.9429477563895012,4303.883,5249.9515,1247.8475,1227.0605,120.6565,95.4645,99.28,-305.315,23.372584832976568,1.8182435975880933,0.0,0.0,43.445,1034.395,1076.995,22.055000000000064,20.544999999999987,42.60000000000005,513.323
2026-01-18 10:30:00,1596.452,0.0,301.909,99.082,0.0,102.6,0.0,0.0,951.914,4328.65,124.79,951.914,0.2199101336444388,3376.736,3051.9570000000003,True,True,True,2,954.2155,305.7585,305.24850000000004,23.674,17.860999999999997,-2.359,434.1555,3481.49,4356.235000000001,979.525,962.99,161.5,148.455,109.14,6.2,513.2,22.10633215314648,3.40638121781149,4349.4995,5310.450500000001,1285.2835,1268.2385,185.174,166.316,109.14,-333.79999999999995,23.88198743139886,3.130562703551852,0.0,0.0,45.585,1111.445,1141.025,16.534999999999968,13.044999999999987,29.57999999999996,519.4000000000001
2026-01-18 11:00:00,1611.083,0.0,260.648,95.66,0.0,113.98,0.0,0.0,962.709,4378.022,127.19,962.709,0.2198958799202014,3415.313,3044.08,True,True,True,2,960.8385,332.9245,330.6195,31.6275,23.4665,-2.37,337.1175,3598.895,4395.27,964.075,951.265,252.19,234.52,114.41,9.325,513.171,21.64308556194518,5.335664992059829,4501.973,5356.1085,1296.9995,1281.8845,283.8175,257.9865,114.41,-264.245,23.93307999636557,4.816604639666893,0.0,0.0,45.81,1185.785,1216.265,12.81000000000006,17.669999999999987,30.480000000000047,522.4960000000001
2026-01-18 11:30:00,1638.507,0.0,278.095,100.411,0.0,114.607,0.0,0.0,915.635,4388.048,127.19,915.635,0.2086656754894203,3472.413,3047.255,True,True,True,2,966.843,384.9585,378.3865,28.6715,22.553,-2.356,264.926,3605.865,4377.47,940.47,918.595,305.375,267.555,114.405,9.4,513.2095,20.98468306222055,6.112121510557214,4550.9855,5344.313,1325.4285,1296.9815,334.04650000000004,290.108,114.405,-227.865,24.26837863304398,5.428353125610078,0.0,0.0,45.805,1186.15,1245.845,21.875,37.81999999999999,59.69499999999999,522.6095
2026-01-18 12:00:00,1636.121,0.0,237.505,99.783,0.0,114.83,0.0,0.0,934.624,4384.947,127.63,934.624,0.2131437392515804,3450.3230000000003,3022.8630000000003,True,True,True,2,990.1035,397.345,393.1555,24.964,22.9955,-2.3565,277.7885,3645.47,4426.635,991.46,975.36,272.78,255.365,114.515,9.49,513.159,22.032846638368344,5.770069615804097,4609.9665,5416.7385,1388.805,1368.5155,297.744,278.3605,114.515,-236.44,25.26347583383052,5.140076730187851,0.0,0.0,46.345000000000006,1230.725,1264.24,16.100000000000023,17.414999999999964,33.514999999999986,522.649
2026-01-18 12:30:00,1637.831,0.0,246.552,100.06,0.0,114.494,0.0,0.0,1002.187,4453.495,127.63,1002.187,0.2250338217512313,3451.308,3101.124,True,True,True,2,1009.8685,410.131,410.6895,23.2475,20.2925,-2.3655,300.497,3667.665,4465.74,1010.58,991.54,266.525,238.985,114.83,9.47,513.19,22.20369063069673,5.351775327236402,4644.9980000000005,5475.6085,1420.711,1402.2295,289.77250000000004,259.27750000000003,114.83,-252.505,25.609073105176822,4.73543155103603,0.0,0.0,46.48,1230.525,1277.105,19.04000000000008,27.539999999999964,46.58000000000004,522.6600000000001
2026-01-18 13:00:00,1637.377,0.0,309.303,100.624,0.0,114.724,0.0,0.0,985.99,4499.0,129.485,985.99,0.2191575905756835,3513.01,3148.018,True,True,True,2,1014.113,407.218,409.758,22.456000000000003,21.388,-2.348,301.411,3753.79,4492.280000000001,1017.53,996.06,216.935,189.64,114.645,9.45,455.8485,22.17280738943517,4.221341010581284,4731.824500000001,5506.393,1424.748,1405.818,239.391,211.028,114.645,-250.165,25.53100329994791,3.8321105540399096,0.0,0.0,44.24,1185.6999999999998,1234.465,21.470000000000027,27.295000000000016,48.76500000000004,465.2985
2026-01-18 13:30:00,1652.622,0.0,355.255,98.804,0.0,114.868,0.0,0.0,1057.501,4489.11,129.485,1057.501,0.2355703023539187,3431.6089999999995,3279.05,True,True,True,2,995.7625,424.687,421.0445,13.587,11.4625,-1.7515,236.235,3777.99,4481.405000000001,1070.69,1034.48,184.485,148.2,114.5,3.775,476.0785,23.083612687765843,3.3068554610808056,4752.882,5477.1675000000005,1495.377,1455.5245,198.072,159.66249999999997,114.5,-201.04,26.57454592590507,2.914818462818431,0.0,0.0,43.365,1182.68,1255.1750000000002,36.21000000000004,36.285000000000025,72.49500000000006,479.8535
2026-01-18 14:00:00,1665.636,0.0,361.979,100.761,0.0,113.873,0.0,0.0,1032.726,4459.925,125.0,1032.726,0.2315568086907291,3427.199,3274.9750000000004,True,True,True,2,986.9125,430.8440000000001,423.453,15.2705,12.776,-1.5245,227.0735,3825.935,4465.555,1045.36,1027.335,149.14,133.955,114.59,9.63,397.736,23.00528885774937,3.00021974167577,4809.7745,5452.467500000001,1476.204,1450.788,164.4105,146.731,114.59,-209.005,26.607104682268545,2.69149121749193,0.0,0.0,41.620000000000005,1161.29,1194.5,18.024999999999864,15.184999999999974,33.20999999999984,407.366
2026-01-18 14:30:00,1682.961,0.0,430.069,102.855,0.0,114.625,0.0,0.0,1005.593,4453.831,125.0,1005.593,0.2257815799476899,3448.2380000000003,3336.103,True,True,True,2,980.1825,398.649,397.671,8.4435,6.798,-1.5625,199.8835,3892.21,4481.38,1058.965,1030.145,147.10500000000002,121.685,114.425,9.355,403.143,22.98664834695132,2.7158734361707944,4842.013499999999,5461.5625,1457.614,1427.8159999999998,155.5485,128.483,114.425,-153.905,26.14282979670364,2.3529018315720247,0.0,0.0,40.3,1151.83,1206.07,28.819999999999936,25.420000000000016,54.23999999999995,412.4980000000001
2026-01-18 15:00:00,1660.184,0.0,461.277,99.15,10.832,114.239,0.0,0.0,1065.509,4517.166,133.865,1065.509,0.2358799743024719,3451.657,3411.191,True,True,True,2,993.1245,395.2645,394.4215,6.525499999999999,3.6345,-1.5345,149.4185,3887.305,4538.535,1096.755,1078.91,85.16,78.64,114.395,1.84,505.2705,23.77209550237573,1.733741502646978,4868.8505000000005,5531.6595,1492.0195,1473.3315000000002,91.6855,82.27449999999999,114.395,-121.34,26.63432746416154,1.488377082471653,0.0,0.0,40.285,1157.5500000000002,1181.9150000000002,17.845000000000027,6.519999999999996,24.365000000000023,507.1105
2026-01-18 15:30:00,1705.211,0.0,432.079,100.342,11.343,114.916,0.0,0.0,1091.21,4562.71,133.865,1091.21,0.239158307234078,3471.5,3455.101,True,True,True,2,1018.755,408.1555,405.2455,5.358499999999999,1.6084999999999998,-1.5185,180.7355,3883.45,4601.8,1164.58,1135.815,38.29,34.545,114.395,0.0,513.198,24.67948023271364,0.7511403081312177,4920.534,5620.555,1572.7355,1541.0605,43.6485,36.1535,114.395,-182.895,27.41619481401581,0.6437461333633648,0.0,0.0,40.48,1170.36,1202.87,28.764999999999876,3.744999999999997,32.50999999999987,513.198
2026-01-18 16:00:00,1704.292,0.0,428.728,99.992,11.267,113.552,0.0,0.0,1237.813,4660.155,148.04,1237.813,0.2656162724201234,3422.342,3595.644,True,True,True,2,1063.322,377.2755,374.309,4.486,0.2935,-1.522,56.1275,4168.98,4728.51,1264.93,1246.805,18.655,14.78,114.5,-0.005,513.2125,26.36959447708095,0.3133650294646558,5219.3235,5791.832,1642.2055,1621.114,23.141,15.0735,114.5,-23.955,27.9943362490511,0.2609908577840214,0.0,0.0,38.465,1261.585,1283.585,18.125,3.875,22.0,513.2075
2026-01-18 16:30:00,1826.668,0.0,433.42,117.031,181.786,114.343,0.0,0.0,1205.759,4790.258,148.04,1205.759,0.2517106594258597,3584.499,3879.007,True,True,True,2,1125.7435,332.117,332.369,4.198,0.0,-0.2364999999999999,49.9005,4360.08,4858.450000000001,1275.13,1232.22,5.98,1.855,114.6,0.025,511.995,25.35620384070001,0.0383945531517301,5418.468500000001,5984.1935,1607.2469999999998,1564.589,10.178,1.855,114.6,37.035,26.14019018825385,0.0312047797993149,0.0,0.0,35.895,1234.075,1281.11,42.91000000000008,4.125,47.03500000000008,512.02
2026-01-18 17:00:00,1820.999,0.0,424.707,109.558,240.824,114.75,0.0,0.0,1322.137,4938.26,159.86,1322.137,0.2677333716734234,3616.123000000001,4032.975,True,True,True,2,1192.783,338.303,341.6125,4.172,0.0,36.861,-3.9095,4765.08,5036.425,1461.62,1418.135,2.125,0.0,114.58,0.03,423.2205,28.15277860103403,0.0,5777.7465,6229.2080000000005,1799.923,1759.7475,6.297,0.0,114.58,169.67000000000002,28.24536929243443,0.0,0.0,0.0,36.515,1418.135,1463.745,43.4849999999999,2.125,45.6099999999999,423.2505
2026-01-18 17:30:00,1799.37,0.0,452.542,106.837,232.767,114.621,0.0,0.0,1522.799,5084.547,159.86,1522.799,0.2994955106128432,3561.748,4228.936,True,True,True,2,1196.806,358.24350000000004,363.948,4.172,0.0,36.6155,-4.0145,4874.065,5111.55,1722.975,1676.22,0.66,0.345,114.71,0.0,375.5435,32.788833473085646,0.0067514469937888,5896.976499999999,6308.356,2081.2185,2040.168,4.831999999999999,0.345,114.71,162.01999999999998,32.338641613477456,0.0054699541133008,0.0,0.0,39.81,1676.565,1723.635,46.75499999999988,0.315,47.06999999999988,375.5435
2026-01-18 18:00:00,1703.31,0.0,458.596,113.327,236.65,114.602,0.0,0.0,1785.511,5147.493,152.84,1785.511,0.3468700200272249,3361.9820000000004,4411.996,True,True,True,2,1161.812,368.743,374.483,4.172,0.0,-1.9195,-4.031499999999999,4911.19,5125.925,1829.19,1802.14,0.665,0.32,114.27,0.0,332.265,35.1582620347046,0.0062428245179934,5958.8655,6287.737,2197.933,2176.623,4.837,0.32,114.27,141.17000000000002,34.618698283918434,0.0050893657098883,0.0,0.0,40.785,1802.46,1829.855,27.050000000000185,0.345,27.39500000000018,332.265
2026-01-18 18:30:00,1669.964,0.0,457.256,88.119,226.61,114.101,0.0,0.0,1860.709,5099.163,152.84,1860.709,0.3649047892762008,3238.454,4416.759,True,True,True,2,1115.9845,395.939,400.9745,4.172,0.0,-2.5585,-3.379,4869.185,5040.185,1975.69,1942.36,0.6799999999999999,0.345,107.68,0.0,223.2445,38.54282337160089,0.0068459195470205,5935.6075,6156.1695,2371.629,2343.3345,4.852,0.345,107.68,75.495,38.07098491618223,0.0056050164149376,0.0,0.0,42.02,1942.705,1976.37,33.32999999999993,0.3349999999999999,33.66499999999993,223.2445
2026-01-18 19:00:00,1625.923,0.0,454.888,87.286,58.074,107.319,0.0,0.0,2090.673,5001.518,135.41,2090.673,0.4180076928644463,2910.8450000000003,4424.163,True,True,True,2,1079.99,415.97850000000005,422.9235,4.172,0.0,-2.4245,71.4385,4805.695,4958.085,2206.135,2156.815,0.655,0.325,106.875,0.0,73.966,43.50382782451473,0.0065553617047982,5888.448,6038.075000000001,2622.1135,2579.7384999999995,4.827,0.325,106.875,-55.650000000000006,42.728161487877,0.0053829211410906,0.0,0.0,45.085,2157.1399999999994,2206.7900000000004,49.32000000000062,0.33,49.65000000000062,73.966
2026-01-18 19:30:00,1582.377,0.0,448.521,66.611,20.651,106.891,0.0,0.0,2205.737,4911.687,135.41,2205.737,0.4490793081888158,2705.95,4430.7880000000005,True,True,True,2,1046.561,438.2615,451.554,4.172,0.0,-2.4055,65.296,4821.85,4875.655,2351.145,2279.21,0.69,0.33,106.665,0.0,-72.3355,46.75263675182824,0.0067684796290003,5923.876,5922.216,2789.4065,2730.764,4.862,0.33,106.665,-103.68,46.11670247500464,0.0055724092855678,0.0,0.0,46.6,2279.54,2351.835,71.93499999999995,0.3599999999999999,72.29499999999994,-72.3355
2026-01-18 20:00:00,1608.526,0.0,380.766,68.29,10.692,107.368,0.0,0.0,2397.471,4828.206,121.835,2397.471,0.4965552422576832,2430.735,4573.113,True,True,True,2,1010.046,431.9745,441.2855,4.172,0.0,-2.4000000000000004,-42.664,4894.12,4769.485000000001,2503.88,2442.25,0.685,0.31,106.995,0.0,-172.481,51.21126594218006,0.0065013887931517,5990.6085,5779.531000000001,2935.8545,2883.5355,4.856999999999999,0.31,106.995,-25.315,49.898020893488784,0.0053652554141798,0.0,0.0,48.03999999999999,2442.56,2504.565,61.63000000000011,0.375,62.00500000000011,-172.481
2026-01-18 20:30:00,1605.206,0.0,250.931,43.642,10.249,106.274,0.0,0.0,2464.916,4687.586,121.835,2464.916,0.525839099271992,2222.67,4481.218,True,True,True,2,972.8435,451.1065,460.836,4.172,0.0,-2.395,-84.27250000000001,4761.105,4643.41,2544.87,2506.575,0.675,0.305,107.21,0.0,-196.932,53.98714581808266,0.0065680425706493,5892.667,5616.2535,2995.9765,2967.411,4.847,0.305,107.21,-56.915,52.84213646980225,0.0054303185623639,0.0,0.0,50.25999999999999,2506.88,2545.545,38.29500000000007,0.37,38.66500000000007,-196.932
2026-01-18 21:00:00,1588.907,0.0,178.462,43.291,16.475,107.179,0.0,0.0,2535.813,4587.796,111.925,2535.813,0.552730112672839,2051.983,4470.127,True,True,True,2,927.152,441.501,456.8885,4.172,0.0,-2.404,-145.4205,4659.02,4514.985000000001,2620.54,2569.15,0.69,0.3,106.975,0.0,-199.6865,56.9114675590948,0.0066471160680544,5783.662,5442.137000000001,3062.041,3026.0385,4.862,0.3,106.975,-33.17,55.614359807773496,0.0055149844126173,0.0,0.0,52.205,2569.4500000000003,2621.23,51.38999999999987,0.3899999999999999,51.77999999999987,-199.6865
2026-01-18 21:30:00,1459.19,0.0,164.031,43.223,0.0,106.435,0.0,0.0,2575.907,4414.909,111.925,2575.907,0.5834564200530521,1839.0019999999995,4348.786,True,True,True,2,869.8455,431.9005,450.431,4.172,0.0,-2.5905,-183.076,4533.91,4335.26,2670.655,2594.17,0.665,0.305,106.93,0.0,-199.9415,59.84724481342869,0.0070369193906973,5607.577499999999,5205.105500000001,3102.5555,3044.601,4.837,0.305,106.93,-2.66,58.50050027896183,0.0058611861200369,0.0,0.0,54.14,2594.475,2671.32,76.48499999999967,0.36,76.84499999999967,-199.9415
2026-01-18 22:00:00,1405.323,0.0,173.101,41.27,0.0,107.263,0.0,0.0,2649.107,4255.241,105.095,2649.107,0.6225515781597329,1606.134,4376.064,True,True,True,2,811.4555,449.2805,466.6605,4.172,0.0,-2.6255,-116.7325,4428.219999999999,4171.855,2611.455,2548.205,0.71,0.3,107.37,0.0,-199.926,61.07732692015675,0.0071918748783806,5350.845,4983.3105,3060.7355,3014.8655,4.882,0.3,107.37,22.44,60.49919973818556,0.0060209133066295,0.0,0.0,56.165,2548.505,2612.165,63.25,0.41,63.66,-199.926
2026-01-18 22:30:00,1301.908,0.0,163.696,41.27,0.0,107.56,0.0,0.0,2475.083,4077.788,105.095,2475.083,0.6069670615539602,1602.705,4089.517,True,True,True,2,756.293,427.8465,441.013,4.172,0.0,-7.246499999999999,-18.518,4176.805,4006.14,2473.445,2402.1800000000003,0.665,0.295,107.125,0.0,-199.96,59.95620974607901,0.0073605924141718,5053.0755,4762.433,2901.2915000000003,2843.193,4.837,0.295,107.125,-82.53999999999999,59.69571331504149,0.0061915013448949,0.0,0.0,56.02,2402.4750000000004,2474.11,71.26499999999942,0.37,71.63499999999942,-199.96
2026-01-18 23:00:00,1247.873,0.0,164.031,42.381,0.0,96.503,0.0,0.0,2314.604,3934.114,104.12,2314.604,0.5883418731638178,1619.5100000000002,3865.392,True,True,True,2,705.3330000000001,426.985,437.131,4.172,0.0,-11.9915,-3.6655,4048.475,4023.015,2302.5,2266.4700000000003,0.65,0.295,94.825,57.805,-199.924,56.33633270558613,0.007332429962636,4935.821,4728.348,2729.485,2703.601,4.821999999999999,0.295,94.825,-155.27,57.1768695243851,0.0062385665802978,0.0,0.0,54.965,2266.7650000000003,2303.15,36.02999999999975,0.355,36.38499999999974,-142.119
2026-01-18 23:30:00,1300.545,0.0,174.776,42.099,0.0,84.394,0.0,0.0,2172.481,3959.887,104.12,2172.481,0.5486219682531345,1787.406,3774.295,True,True,True,2,658.7529999999999,418.685,430.4215,4.172,0.0,-13.642,-3.656,3892.38,3886.95,2100.67,2072.515,0.6799999999999999,0.28,83.13499999999999,8.855,-199.9535,53.30732708474997,0.0071991831285272,4804.029,4545.703,2519.355,2502.9365,4.852,0.28,83.13499999999999,-223.875,55.05376483332047,0.0061557196283821,0.0,0.0,51.94499999999999,2072.795,2101.35,28.1550000000002,0.3999999999999999,28.5550000000002,-191.09850000000003
2026-01-19 00:00:00,1368.188,0.0,173.771,42.24,0.0,82.993,0.0,0.0,1908.472,3800.619,105.02,1908.472,0.502147676470596,1892.147,3575.664,True,True,True,2,629.518,432.2375,441.516,4.172,0.0,-38.219,-3.645,3789.985,3808.975,1858.535,1816.285,0.65,0.29,83.155,0.02,-131.207,47.68057752606583,0.0076110876680844,4731.874,4438.493,2290.7725,2257.801,4.821999999999999,0.29,83.155,-258.63,50.86459639991756,0.0065313170587703,0.0,0.0,47.61,1816.575,1859.185,42.25,0.36,42.61,-131.18699999999998
2026-01-19 00:30:00,1551.454,0.0,163.026,42.099,0.0,83.311,0.0,0.0,1723.214,3756.264,105.02,1723.214,0.458757424930729,2033.05,3563.104,True,True,True,2,604.5364999999999,449.5425,455.9415,4.172,0.0,-39.153,-3.652,3658.8,3707.35,1677.345,1627.475,0.66,0.285,83.485,0.02,16.357,43.88754694630631,0.0076889965843294,4603.3015,4311.8865000000005,2126.8875,2083.4165000000003,4.832,0.285,83.485,-285.955,48.31125194350998,0.0066110553461025,0.0,0.0,45.49,1627.76,1678.005,49.87000000000012,0.375,50.24500000000012,16.377
2026-01-19 01:00:00,1527.561,0.0,164.366,42.099,0.0,83.126,0.0,0.0,1484.214,3655.386,105.03,1484.214,0.4060348209464062,2171.172,3301.366,True,True,True,2,626.331,495.926,503.42,4.172,0.0,-4.829,-3.643,3375.84,3616.305,1432.835,1390.485,0.665,0.275,83.58,0.02,164.721,38.44447509872296,0.0076076042485805,4355.5095,4242.636,1928.761,1893.905,4.837,0.275,83.58,-333.96500000000003,44.63722901150957,0.0064838031196471,0.0,0.0,45.48,1390.7600000000002,1433.5,42.34999999999991,0.39,42.73999999999991,164.741
2026-01-19 01:30:00,1494.397,0.0,163.696,42.24,0.0,83.297,0.0,0.0,1321.569,3575.722,105.03,1321.569,0.3695950076655847,2254.153,3105.199,True,True,True,2,622.264,526.8720000000001,536.0675,4.172,0.0,-4.1435,-3.6505,3161.285,3551.285,1251.125,1217.375,0.645,0.285,83.53999999999999,0.02,314.25300000000004,34.27621410404571,0.0080238845128121,4098.67,4173.549,1777.997,1753.4425,4.817,0.285,83.53999999999999,-297.55,42.01052117686702,0.0068275752932788,0.0,0.0,46.745000000000005,1217.66,1251.77,33.75,0.36,34.11,314.273
2026-01-19 02:00:00,1426.125,0.0,164.366,41.339,0.0,83.232,0.0,0.0,1135.636,3539.578,107.54,1135.636,0.3208393768974719,2403.942,2850.698,True,True,True,2,622.312,537.1605,515.189,4.172,0.0,-4.2285,-3.653,3123.3050000000003,3648.355,1168.06,1149.375,0.665,0.28,83.63499999999999,0.015,439.9905,31.504924761805285,0.0076739787675789,4058.2775,4270.667,1705.2205,1664.564,4.837,0.28,83.63499999999999,-294.52,38.97795462168012,0.0065559132712568,0.0,0.0,46.635,1149.655,1168.725,18.684999999999945,0.385,19.069999999999947,440.0055
2026-01-19 02:30:00,1527.658,0.0,175.447,50.482,0.0,83.826,0.0,0.0,1128.353,3655.067,107.54,1128.353,0.3087092521149407,2526.714,2965.766,True,True,True,2,603.7505,515.626,483.917,4.172,0.0,-4.4955,-3.6885,3139.825,3625.48,1139.3249999999998,1117.065,0.635,0.285,83.11500000000001,0.02,387.3775,30.81178519008565,0.0078673371460758,4037.7485,4229.2305,1654.9509999999998,1600.982,4.807,0.285,83.11500000000001,-275.95500000000004,37.855070110948816,0.0067446257598959,0.0,0.0,44.8,1117.35,1139.9599999999998,22.259999999999764,0.35,22.609999999999765,387.3975
2026-01-19 03:00:00,1459.883,0.0,165.036,72.413,0.0,83.71,0.0,0.0,1086.064,3583.7,107.57,1086.064,0.3030566174623992,2497.6359999999995,2867.106,True,True,True,2,595.681,466.1735,472.654,4.172,0.0,-4.4925,-3.695,3014.1400000000003,3587.705,1181.74,1128.23,0.645,0.26,83.105,0.02,484.6775,31.44895367438608,0.0072460450304576,3886.4265,4183.386,1647.9135,1600.884,4.817,0.26,83.105,-259.045,38.26953645769212,0.0062140710337186,0.0,0.0,47.43,1128.49,1182.385,53.50999999999999,0.385,53.89499999999999,484.6975
2026-01-19 03:30:00,1116.829,0.0,164.701,78.552,0.0,83.402,0.0,0.0,1192.659,3570.95,107.57,1192.659,0.3339892745627915,2378.291,2636.143,True,True,True,2,590.213,461.439,469.6655,4.172,0.0,-2.5535,-3.7035,2942.265,3560.25,1267.005,1233.65,0.645,0.275,83.005,0.02,490.534,34.652271070741435,0.0077238307328016,3813.712,4150.463,1728.444,1703.3155,4.817,0.275,83.005,-265.42,41.04057239136597,0.0066254901990527,0.0,0.0,50.665000000000006,1233.9250000000002,1267.65,33.35500000000002,0.37,33.725000000000016,490.554
2026-01-19 04:00:00,1073.963,0.0,164.031,79.185,0.0,83.354,0.0,0.0,1267.904,3545.058,108.565,1267.904,0.3576539509367689,2277.154,2668.437,True,True,True,2,591.0995,444.854,451.187,4.172,0.0,-2.4965,-3.684,3052.25,3546.6800000000003,1350.01,1329.905,0.65,0.28,83.10499999999999,14.3,354.4735,37.49784158765768,0.007894714719789,3911.3145,4137.779500000001,1794.864,1781.092,4.821999999999999,0.28,83.10499999999999,-251.98,43.0451649522062,0.0067669252855026,0.0,0.0,49.98,1330.185,1350.66,20.105000000000015,0.37,20.47500000000002,368.7735
2026-01-19 04:30:00,1082.295,0.0,166.377,80.714,0.0,83.779,0.0,0.0,1351.185,3542.725,108.565,1351.185,0.3813970883994665,2191.54,2764.35,True,True,True,2,588.717,460.843,466.85,4.172,0.0,-2.439,-3.622,3066.755,3521.385,1369.28,1341.4,0.64,0.29,82.955,100.975,202.8085,38.09238145872339,0.0082365112581569,3945.468,4110.102,1830.123,1808.25,4.811999999999999,0.29,82.955,-274.15,43.99533710285659,0.0070565219647845,0.0,0.0,49.405,1341.69,1369.92,27.87999999999988,0.35,28.229999999999883,303.7835
2026-01-19 05:00:00,1154.134,0.0,179.132,83.235,0.0,82.97,0.0,0.0,1305.834,3518.424,115.47,1305.834,0.3711417384601742,2212.59,2805.3050000000003,True,True,True,2,610.482,502.3175,503.3135,4.172,0.0,-2.4605,-3.5715000000000003,3281.04,3562.465,1284.6350000000002,1263.595,0.635,0.275,83.36000000000001,12.635,75.076,35.474084022829786,0.0077201068209652,4215.9435,4172.947,1786.9525,1766.9085,4.807,0.275,83.36000000000001,-308.775,42.34662863569749,0.0065908023848321,0.0,0.0,43.04,1263.87,1285.2700000000002,21.04000000000019,0.36,21.40000000000019,87.711
2026-01-19 05:30:00,1462.093,0.0,163.696,89.17,0.0,83.26,0.0,0.0,1186.679,3584.824,115.47,1186.679,0.3310285246918677,2398.145,2984.898,True,True,True,2,641.7015,486.2735,490.4145,4.172,0.0,-2.4355,-3.558,3386.9750000000004,3654.495,1212.9450000000002,1188.51,0.64,0.295,83.43,0.02,129.4745,32.52336092972358,0.0080760954605366,4299.481,4296.1965,1699.2185,1678.9245,4.811999999999999,0.295,83.43,-254.67,39.08226829130359,0.0068703301877928,0.0,0.0,40.79,1188.805,1213.5850000000005,24.435000000000173,0.345,24.78000000000017,129.49450000000002
2026-01-19 06:00:00,1504.283,0.0,179.132,100.97,0.0,83.403,0.0,0.0,1177.248,3727.153,131.29,1177.248,0.3158571703388619,2549.905,3045.036,True,True,True,2,729.1995,468.918,470.5625,4.172,0.0,-2.4275,-41.4135,3737.155,3862.045,1082.255,1060.84,0.6799999999999999,0.255,93.36,-57.795,43.3875,27.493248586351715,0.0066057238035995,4707.978999999999,4591.244500000001,1551.173,1531.4025,4.851999999999999,0.255,93.36,-184.58,33.38487641118444,0.0055572299961102,0.0,0.0,33.32,1061.0950000000005,1082.9350000000002,21.414999999999964,0.4249999999999999,21.839999999999964,-14.4075
2026-01-19 06:30:00,1732.976,0.0,239.85,97.903,0.0,106.032,0.0,0.0,969.486,3961.214,131.29,969.486,0.2447446666602713,2991.728,3146.2470000000003,True,True,True,2,818.058,438.928,434.5235,4.172,0.0,-2.3165,65.40050000000001,3771.035,4100.1,948.435,919.66,0.66,0.29,106.95,-8.87,147.006,22.44832385702828,0.0070788949058252,4736.692999999999,4918.158,1387.3629999999998,1354.1835,4.832,0.29,106.95,-195.735,27.561616103498054,0.005902297408447,0.0,0.0,31.7,919.95,949.095,28.774999999999864,0.37,29.144999999999865,138.136
2026-01-19 07:00:00,1786.674,0.0,262.659,103.692,0.0,107.172,0.0,0.0,855.133,4262.811,169.105,855.133,0.2006030762330302,3407.678,3115.33,True,True,True,2,947.946,384.773,383.3105000000001,4.172,0.0,-2.281,56.111,4090.005,4506.87,848.845,832.61,0.665,0.3,110.885,-0.015,296.506,18.485129607075503,0.0066634383910438,5097.008,5454.816,1233.618,1215.9205,4.837,0.3,110.885,-94.59,22.308110944896654,0.0055063828162297,0.0,0.0,28.79,832.91,849.51,16.235000000000014,0.365,16.600000000000012,296.491
2026-01-19 07:30:00,1817.423,0.0,456.228,109.486,90.161,114.002,0.0,0.0,815.789,4677.07,169.105,815.789,0.174423089669387,3861.281,3403.089,True,True,True,2,1054.663,339.8245,339.82500000000005,4.172,0.0,-2.3095,108.197,4284.21,4790.625,802.5,783.8499999999999,0.67,0.285,114.06,-0.02,445.7215,16.366333096434122,0.0059463897888269,5288.3545,5845.2880000000005,1142.3245000000002,1123.675,4.842,0.285,114.06,-35.56,19.230882286792887,0.0048731864173573,0.0,0.0,28.575,784.1349999999999,803.17,18.65000000000009,0.385,19.035000000000093,445.7015
2026-01-19 08:00:00,1816.548,0.0,451.537,109.486,95.863,113.955,0.0,0.0,787.577,4848.18,169.32,787.577,0.1624479701661242,4060.603,3374.9660000000003,True,True,True,2,1122.864,309.80150000000003,308.7475,4.172,0.0,-2.61,140.0865,4373.7,4920.24,822.895,796.47,1.53,0.255,122.995,23.185,498.896,16.188350146869713,0.0051848362382585,5380.978999999999,6043.104,1132.6965,1105.2175000000002,5.702,0.255,122.995,-0.6600000000000001,18.29066498120349,0.0042216465763264,0.0,0.0,28.995000000000005,796.725,824.425,26.424999999999955,1.275,27.699999999999957,522.0809999999999
2026-01-19 08:30:00,1799.506,0.0,449.526,108.507,20.498,124.88,0.0,0.0,775.374,4943.61,169.32,775.374,0.1568436830575227,4168.236,3278.291,True,True,True,2,1152.7745,242.587,240.7715,4.298500000000001,0.0585,-2.606,283.0125,4218.52,4962.845,784.315,755.3499999999999,10.04,6.835,129.46,158.415,404.6125,15.22058745106873,0.1375205074733477,5265.574500000001,6115.619500000001,1026.902,996.1215,14.338500000000002,6.8935,129.46,-157.105,16.28978782823998,0.1124849003654137,0.0,0.0,29.915,762.185,794.355,28.965000000000146,3.204999999999999,32.170000000000144,563.0274999999999
2026-01-19 09:00:00,1722.848,0.0,440.814,106.973,10.539,134.681,0.0,0.0,753.802,5008.026,194.5,753.802,0.150518787242718,4254.224,3169.657,True,True,True,2,1195.29,207.7015,204.431,4.8435,1.148,-2.347,417.6615000000001,4077.67,5069.55,779.48,736.0799999999999,27.42,22.675,135.5,308.41,493.679,14.521337742856527,0.4471131952172416,5041.198,6264.84,987.1815,940.511,32.2635,23.823,135.5,-167.095,15.014530980979895,0.3800923466806215,0.0,0.0,34.46,758.7549999999999,806.9,43.40000000000009,4.7450000000000045,48.145000000000095,802.0889999999999
2026-01-19 09:30:00,1710.541,0.0,448.856,108.576,5.412,135.664,0.0,0.0,724.955,5107.326,194.5,724.955,0.1419441406324953,4382.371,3134.004,True,True,True,2,1213.833,182.5885,180.5815,6.5355,3.675,-2.361,441.967,4050.36,5121.405000000001,723.615,699.795,33.83,31.16,137.0,458.38,513.1555000000001,13.66393984299007,0.6084478376025951,4920.789,6335.238,906.2035,880.3765,40.3655,34.835,137.0,-77.955,13.89649487987249,0.5498617172025986,0.0,0.0,36.29,730.9549999999999,757.445,23.82000000000005,2.669999999999998,26.490000000000048,971.5355
2026-01-19 10:00:00,1710.588,0.0,429.399,110.396,0.0,151.971,0.0,0.0,652.935,5115.104,205.5,652.935,0.1276484309996434,4462.169,3055.289,True,True,True,2,1212.407,161.059,157.06,7.6485,5.612,-2.338,441.9365,3991.085,5124.365,633.48,613.865,44.135,42.11,154.64,529.985,513.145,11.979567165584236,0.8217237717223335,4849.451999999999,6336.772000000001,794.539,770.925,51.7835,47.722,154.64,-66.94,12.16612174916091,0.7530610061931219,0.0,0.0,35.935,655.975,677.615,19.61500000000001,2.0249999999999986,21.640000000000008,1043.13
2026-01-19 10:30:00,1732.787,0.0,444.835,113.818,0.0,154.983,0.0,0.0,590.375,5134.612,205.5,590.375,0.1149794765407785,4544.237,3036.798,True,True,True,2,1217.6105,141.0885,136.62349999999998,10.3525,9.6955,-2.3605,441.943,4002.695,5151.43,601.09,582.665,52.095,50.35,153.58999999999995,529.98,513.174,11.31084431067952,0.9773760601709228,4881.183,6369.040500000001,742.1785,719.2885,62.447500000000005,60.0455,153.58999999999995,-82.36500000000001,11.293745358530414,0.9427238221584436,0.0,0.0,35.220000000000006,633.015,653.1850000000001,18.425000000000068,1.7449999999999974,20.170000000000066,1043.154
2026-01-19 11:00:00,1746.333,0.0,442.154,112.626,0.0,154.276,0.0,0.0,570.236,5172.702,210.05,570.236,0.1102394841226113,4602.466,3025.625,True,True,True,2,1225.917,126.1,122.896,11.1025,10.794,-2.1710000000000003,441.9735,3975.15,5194.775,550.3599999999999,529.53,55.32,53.94,153.455,529.98,513.152,10.193678392148204,1.0383211859598458,4930.965,6420.692,676.4599999999999,652.4259999999999,66.4225,64.73400000000001,153.455,-152.79500000000002,10.161549988729778,1.0081862889105275,0.0,0.0,33.989999999999995,583.47,605.68,20.829999999999927,1.3800000000000026,22.20999999999993,1043.132
2026-01-19 11:30:00,1767.776,0.0,437.106,110.814,0.0,152.83,0.0,0.0,501.078,5193.296,210.05,501.078,0.0964855459808183,4692.218000000001,2969.604,True,True,True,2,1235.33,118.0925,114.332,11.923,11.985,-2.148,441.814,3929.685,5191.945,466.3,445.49,70.16499999999999,68.255,158.565,529.975,513.1745000000001,8.580013847160055,1.3146815187352556,4936.3655,6427.275,584.3925,559.822,82.088,80.24000000000001,158.565,-194.97,8.709946897420792,1.2484534479356324,0.0,0.0,32.82000000000001,513.745,536.465,20.81,1.9099999999999968,22.72,1043.1495
2026-01-19 12:00:00,1796.626,0.0,438.133,111.938,0.0,161.113,0.0,0.0,383.388,5179.687,217.95,383.388,0.074017599905168,4796.299,2891.198,True,True,True,2,1238.7134999999998,106.9645,102.707,12.3295,11.529,-2.355,441.806,3920.44,5193.205,406.495,384.18,75.13,71.31,161.14,529.98,513.1800000000001,7.397747138123821,1.3731421955773184,4940.669,6431.9185,513.4595,486.887,87.45949999999999,82.839,161.14,-205.3,7.569885437743343,1.2879492364117353,0.0,0.0,31.725,455.49,481.625,22.31500000000005,3.819999999999993,26.135000000000048,1043.16
2026-01-19 12:30:00,1795.192,0.0,438.133,111.938,0.0,160.499,0.0,0.0,381.056,5189.223,217.95,381.056,0.0734321882100653,4808.167,2886.818,True,True,True,2,1240.866,93.5865,90.129,11.67,10.631,-2.317,441.8235,3927.69,5194.41,370.58,348.315,80.53,77.53999999999999,161.27,529.98,513.153,6.705457572600798,1.4928008200015472,4944.7865,6435.276,464.1665,438.444,92.2,88.17099999999999,161.27,-199.715,6.81299210222779,1.3701603954079429,0.0,0.0,31.07,425.855,451.11,22.265000000000043,2.990000000000009,25.25500000000005,1043.133
2026-01-19 13:00:00,1792.17,0.0,436.771,111.656,0.0,161.605,0.0,0.0,324.676,5182.284,226.67,324.676,0.0626511399220884,4857.607999999999,2826.878,True,True,True,2,1222.2925,88.507,84.239,11.0925,9.487,-2.311,441.786,3891.16,5154.195,320.38,303.20000000000005,77.045,75.045,161.14,529.98,513.1735,5.881511463308054,1.4560724629876287,4886.9635,6376.4875,408.887,387.439,88.1375,84.53200000000001,161.14,-196.46,6.075049605058527,1.3257052392070958,0.0,0.0,30.45,378.24500000000006,397.425,17.17999999999995,2.0,19.17999999999995,1043.1535
2026-01-19 13:30:00,1772.715,0.0,427.388,109.135,0.0,160.981,0.0,0.0,279.04,5109.963,226.67,279.04,0.0546070490138578,4830.923,2749.259,True,True,True,2,1201.7885,81.6195,77.81299999999999,10.625,9.291,-1.9255,441.781,3816.71,5098.625,280.37,263.285,75.215,75.67,147.83999999999995,529.975,513.164,5.163681308651305,1.4840187226267871,4809.563,6300.413500000001,361.9895,341.098,85.84,84.961,147.83999999999995,-215.125,5.413597659187476,1.348436030633757,0.0,0.0,30.079999999999995,338.955,355.58500000000004,17.085000000000036,0.0,17.085000000000036,1043.139
2026-01-19 14:00:00,1789.147,0.0,434.76,110.468,0.0,143.059,0.0,0.0,258.673,5088.808,235.37,258.673,0.0508317468452337,4830.135,2736.107,True,True,True,2,1200.2289999999998,69.69800000000001,62.8215,11.043,9.2435,-1.9035,441.7965,3830.275,5107.205,284.03,265.13,59.77,60.765,142.785,529.98,513.1745,5.191274674475945,1.189786344894037,4816.362,6307.434,353.728,327.9515,70.813,70.0085,142.785,-209.72,5.199396406339155,1.1099170059321424,0.0,0.0,29.56,325.895,343.79999999999995,18.899999999999977,0.0,18.899999999999977,1043.1545
2026-01-19 14:30:00,1777.148,0.0,429.064,109.627,0.0,142.731,0.0,0.0,257.971,5104.559,235.37,257.971,0.0505373725722437,4846.588,2716.541,True,True,True,2,1194.9969999999998,78.152,71.9,8.1235,5.642,-1.929,441.7915,3836.67,5114.935,272.175,252.19,53.09,53.945,142.825,529.975,513.1690000000001,4.930690639700168,1.0547153624986108,4818.896,6309.932000000001,350.327,324.09000000000003,61.2135,59.587,142.825,-211.035,5.136216302953237,0.944374323859706,0.0,0.0,29.94,306.135,325.265,19.985000000000014,0.0,19.985000000000014,1043.1440000000002
2026-01-19 15:00:00,1782.068,0.0,432.75,110.814,0.0,143.914,0.0,0.0,237.719,5146.08,242.605,237.719,0.0461941905294904,4908.361,2707.2650000000003,True,True,True,2,1202.534,88.71199999999999,83.646,6.635,3.5815,-1.913,441.7785,3884.975,5188.135,248.295,229.645,41.85,42.23,144.275,529.975,513.1705,4.426706950918226,0.8141667816668327,4898.9155,6390.669,337.00699999999995,313.291,48.485,45.8115,144.275,-235.525,4.902429633696001,0.7170596084367119,0.0,0.0,29.64,271.875,290.145,18.649999999999977,0.0,18.649999999999977,1043.1455
2026-01-19 15:30:00,1811.334,0.0,445.17,112.699,26.869,147.441,0.0,0.0,213.588,5197.272,242.605,213.588,0.0410961750703061,4983.684,2757.101,True,True,True,2,1228.036,113.5275,109.3305,5.2745,1.2005,-1.9035,441.7975,3923.69,5231.285,201.335,184.475,28.93,28.5,147.835,529.985,513.1524999999999,3.526825260274065,0.5449073902229118,4967.527,6459.321,314.8625,293.8055,34.2045,29.7005,147.835,-240.365,4.5487520139879685,0.4599354423649296,0.0,0.0,28.000000000000004,212.975,230.265,16.860000000000014,0.4299999999999997,17.290000000000013,1043.1374999999998
2026-01-19 16:00:00,1795.965,0.0,426.048,107.883,59.386,148.321,10.679,0.0,159.945,5270.402,249.7,159.945,0.03034777992267,5110.457,2708.227,True,True,True,2,1260.654,150.076,146.659,4.646,0.1385,-1.9405,441.813,4030.37,5323.485000000001,175.615,152.405,17.759999999999998,15.7,148.87,519.02,513.1785,2.863545630667229,0.2952723020216241,5103.6325,6584.139,325.69100000000003,299.064,22.406,15.8385,148.87,-236.295,4.542161885779108,0.2408790170191233,0.0,0.0,29.610000000000003,168.105,193.375,23.210000000000008,2.0599999999999987,25.270000000000007,1032.1985
2026-01-19 16:30:00,1800.774,0.0,428.393,108.375,138.13,160.359,10.846,0.0,153.069,5386.151,249.7,153.069,0.0284189953085236,5233.081999999999,2799.946,True,True,True,2,1323.2130000000002,180.525,179.8125,4.3855,0.0,-0.4995,441.7885,4168.415,5464.26,176.78,149.175,5.375,4.02,163.44,529.975,513.182,2.7304143599884942,0.0739577875171538,5295.084,6787.473,357.305,328.98749999999995,9.7605,4.02,163.44,-227.63,4.84662578102055,0.0596125830361619,0.0,0.0,29.865,153.19500000000002,182.155,27.60499999999999,1.3550000000000004,28.95999999999999,1043.1570000000002
2026-01-19 17:00:00,1821.608,0.0,436.436,110.118,264.994,163.301,11.892,0.0,139.326,5531.458,260.915,139.326,0.0251879341757634,5392.132,2947.675,True,True,True,2,1366.928,214.445,210.2975,4.333,0.0,70.1585,441.7805,4265.495,5610.25,173.31,144.41000000000005,0.76,0.1,163.525,529.98,513.146,2.575060380239736,0.0017709521347057,5411.3405,6977.178,387.755,354.7075,5.093,0.1,163.525,-274.66,5.0844145816641495,0.001425120397734,0.0,0.0,31.235000000000003,144.51000000000002,174.07,28.899999999999977,0.66,29.559999999999977,1043.126
2026-01-19 17:30:00,1798.656,0.0,413.962,108.375,274.447,163.49,11.056,0.0,123.354,5677.367,260.915,123.354,0.021727325360506,5554.013,2893.34,True,True,True,2,1342.5994999999998,240.716,236.725,4.333,0.0,49.915,441.7685,4313.785,5688.465,154.045,128.19,0.75,0.3,158.48000000000002,529.98,513.18,2.253539744799355,0.0052740377268184,5485.603,7031.0645,394.761,364.915,5.083,0.3,158.48000000000002,-304.46000000000004,5.190052608657477,0.0042666760618173,0.0,0.0,30.335,128.49,154.795,25.85499999999999,0.45,26.30499999999999,1043.16
2026-01-19 18:00:00,1822.198,0.0,430.739,112.139,280.894,156.121,12.353,0.0,134.133,5676.177,236.8,134.133,0.0236308698618806,5542.044,2948.577,True,True,True,2,1290.486,251.5955,250.251,4.333,0.0,18.483,441.771,4240.095,5640.4400000000005,170.19,141.615,0.725,0.33,147.52,529.98,513.162,2.511151265601742,0.0058506617408168,5419.5255,6930.926,421.7855,391.866,5.058,0.33,147.52,-332.35,5.655255914223263,0.0047613727299131,0.0,0.0,29.375,141.94500000000002,170.915,28.57499999999999,0.3949999999999999,28.969999999999988,1043.142
2026-01-19 18:30:00,1774.326,0.0,407.931,106.204,270.487,143.686,49.844,0.0,170.965,5605.332,236.8,170.965,0.0305004235253148,5434.367,2923.443,True,True,True,2,1230.79,317.8035,313.375,4.333,0.0,1.778,441.796,4087.835,5551.73,239.115,206.06,0.72,0.3249999999999999,137.79500000000002,529.985,513.1685,3.712834176641264,0.0058560187376793,5286.7935,6782.52,556.9185,519.435,5.053000000000001,0.3249999999999999,137.79500000000002,-395.96,7.660572505631853,0.0047938885811453,0.0,0.0,30.85,206.385,239.835,33.05500000000001,0.395,33.45000000000001,1043.1535
2026-01-19 19:00:00,1786.693,0.0,382.442,107.533,253.42,134.158,10.804,0.0,236.096,5502.388,202.35,236.096,0.0429079156177281,5266.292,2911.146,True,True,True,2,1190.215,312.738,300.1935,4.333,0.0,-2.182,441.7955,4009.66,5476.030000000001,301.44,273.95,0.755,0.345,128.89499999999998,529.99,513.181,5.004070070753393,0.006300552587139,5176.4925,6666.245000000001,614.178,574.1434999999999,5.088,0.345,128.89499999999998,-401.19,8.613577083677379,0.0051756933579215,0.0,0.0,30.69,274.295,302.195,27.49000000000001,0.41,27.90000000000001,1043.171
2026-01-19 19:30:00,1809.627,0.0,393.164,110.605,185.014,103.94,0.0,0.0,323.257,5431.702,202.35,323.257,0.0595130218852212,5108.445000000001,2925.607,True,True,True,2,1150.1515,292.481,282.735,4.333,0.0,-2.4515,441.031,3959.585,5378.865,413.22,385.065,0.745,0.35,97.285,499.615,513.156,7.162548698931653,0.0065080876716164,5096.129000000001,6529.0165,705.701,667.8000000000001,5.078,0.35,97.285,-409.1,10.231846377831223,0.0053617697865384,0.0,0.0,31.92,385.415,413.965,28.15500000000003,0.395,28.55000000000003,1012.771
2026-01-19 20:00:00,1806.304,0.0,392.829,110.468,69.282,91.769,0.0,0.0,470.133,5309.338,147.27,470.133,0.0885483274939361,4839.205,2940.785,True,True,True,2,1107.266,281.4585,272.08500000000004,4.333,0.0,-2.403,378.8625,4041.295,5260.620000000001,593.405,570.36,0.755,0.38,83.32,359.545,513.179,10.848192751226504,0.0072246335708425,5115.942,6367.886,874.8634999999999,842.4449999999999,5.088,0.38,83.32,-327.59000000000003,13.23552837393012,0.0059686007065787,0.0,0.0,32.45,570.74,594.16,23.04499999999996,0.375,23.41999999999996,872.7239999999999
2026-01-19 20:30:00,1795.833,0.0,385.458,108.785,11.198,79.735,0.0,0.0,686.604,5203.119,147.27,686.604,0.1319600800981104,4516.514999999999,3067.6130000000003,True,True,True,2,1067.5695,288.0195,275.959,4.333,0.0,-2.356,430.192,4042.405,5137.195,814.845,772.11,0.735,0.37,79.8,239.445,513.2545,15.03512543732911,0.0072025673832832,5016.654,6204.7645,1102.8645,1048.069,5.0680000000000005,0.37,79.8,-320.15,16.89698376811051,0.0059633784205465,0.0,0.0,35.529999999999994,772.48,815.58,42.735000000000014,0.365,43.100000000000016,752.6995
2026-01-19 21:00:00,1747.865,0.0,377.728,106.764,0.0,79.815,0.0,0.0,880.867,5093.474,131.795,880.867,0.1729403153918131,4212.607,3193.039,True,True,True,2,1015.666,315.8045,302.3045,4.333,0.0,-2.368,427.513,3901.345,4973.639999999999,1041.69,974.52,0.755,0.39,79.85,297.03,513.1645,19.607796455821664,0.0078400555687075,4745.698,5989.3060000000005,1357.4944999999998,1276.8245,5.088,0.39,79.85,-239.925,21.33202569904858,0.0065105386536783,0.0,0.0,41.52,974.91,1042.4450000000002,67.17000000000007,0.365,67.53500000000007,810.1945
2026-01-19 21:30:00,1620.469,0.0,382.442,107.533,0.0,80.151,0.0,0.0,1067.979,4866.55,131.795,1067.979,0.2194530005856304,3798.571,3258.574,True,True,True,2,954.0765,303.323,285.9035,4.333,0.0,-3.8305,335.2955,3890.69,4785.09,1256.165,1209.215,0.7250000000000001,0.365,79.85499999999999,178.45,513.12,25.28761565982758,0.0076234965194682,4707.469,5739.1665,1559.488,1495.1185,5.058,0.365,79.85499999999999,-179.39,26.06641561817356,0.0063557886821708,0.0,0.0,43.525000000000006,1209.5800000000002,1256.89,46.94999999999982,0.3600000000000001,47.30999999999982,691.5699999999999
2026-01-19 22:00:00,1515.225,0.0,266.702,107.883,0.0,79.678,0.0,0.0,1375.569,4675.699,113.45,1375.569,0.2941953705745387,3300.13,3345.057,True,True,True,2,888.5535,281.7365,266.9285,4.333,0.0,-12.375,402.6305,3662.99,4593.33,1559.7199999999998,1521.82,0.69,0.39,79.785,105.365,513.1475,33.143315195392354,0.0084910206112935,4465.3635,5481.8835,1841.4565,1788.7485,5.023,0.39,79.785,-289.93,32.64288237711723,0.0071148770432394,0.0,0.0,50.7,1522.21,1560.41,37.89999999999986,0.2999999999999999,38.19999999999986,618.5125
2026-01-19 22:30:00,1470.602,0.0,164.366,108.024,0.0,79.499,0.0,0.0,1622.905,4510.713,113.45,1622.905,0.359789017833766,2887.808,3445.396,True,True,True,2,822.5184999999999,281.5195,273.8315,4.333,0.0,-12.3655,291.4405,3647.74,4426.68,1793.21,1751.81,0.745,0.385,79.53999999999999,4.96,502.511,39.5926279816406,0.0086970976797951,4455.3415,5249.1985,2074.7295000000004,2025.6415,5.078,0.385,79.53999999999999,-250.26,38.60898040834204,0.0073344375616567,0.0,0.0,53.29999999999999,1752.195,1793.955,41.40000000000009,0.36,41.76000000000009,507.471
2026-01-19 23:00:00,1216.701,0.0,167.717,80.787,0.0,80.114,0.0,0.0,1866.942,4335.708,111.42,1866.942,0.4305968021831728,2468.766,3412.261,True,True,True,2,768.52,299.642,294.5615,4.333,0.0,-2.7365,289.482,3568.175,4396.475,1943.625,1887.87,0.715,0.375,79.755,0.02,493.9315,42.94707555614796,0.0085309657295944,4384.4310000000005,5164.995,2243.267,2182.4315,5.048,0.375,79.755,-320.61,42.26272943474368,0.0072617934974364,0.0,0.0,56.985,1888.245,1944.34,55.75500000000011,0.3399999999999999,56.09500000000011,493.9515
2026-01-19 23:30:00,1027.735,0.0,164.031,41.27,0.0,79.077,0.0,0.0,2008.108,4307.23,111.42,2008.108,0.4662179637493238,2299.1219999999994,3320.2209999999995,True,True,True,2,720.2280000000001,316.1875,317.1265,4.333,0.0,-9.916,286.112,3515.9,4248.84,2231.76,2172.965,0.715,0.35,79.54499999999999,0.01,397.8095,51.15173033970664,0.0082363340528065,4289.6775,4969.068,2547.9475,2490.0915000000005,5.048,0.35,79.54499999999999,-319.23,50.12258596297761,0.0070424588073231,0.0,0.0,63.335,2173.315,2232.4750000000004,58.79500000000007,0.365,59.16000000000008,397.8195
2026-01-20 00:00:00,821.948,0.0,164.031,0.0,0.0,80.046,0.0,0.0,2326.275,4192.608,106.035,2326.275,0.5548515387081263,1866.333,3392.3,True,True,True,2,682.2270000000001,299.36749999999995,302.07950000000005,4.333,0.0,-28.9505,138.171,3678.455,4173.42,2489.395,2416.29,0.745,0.375,79.78,0.02,490.92550000000006,57.90372160279078,0.008985037733211,4433.2255000000005,4855.647,2788.7625,2718.3695,5.078,0.375,79.78,-170.57,55.99011287778645,0.0077226250127851,0.0,0.0,65.635,2416.665,2490.14,73.10500000000002,0.37,73.47500000000002,490.9455
2026-01-20 00:30:00,855.726,0.0,171.068,0.0,0.0,79.436,0.0,0.0,2501.154,4130.762,106.035,2501.154,0.6054945794504744,1629.6079999999995,3607.384,True,True,True,2,653.4235,296.2115,296.0435,4.333,0.0,-8.7875,76.6375,3707.195,4071.475,2672.395,2587.755,0.75,0.37,79.265,0.02,513.2415000000001,63.57149273151682,0.0090841191891772,4442.896500000001,4724.898499999999,2968.6065,2883.7985,5.083,0.37,79.265,-138.6,61.04494745297944,0.0078278802804305,0.0,0.0,68.53,2588.125,2673.145,84.63999999999987,0.38,85.01999999999987,513.2615000000001
2026-01-20 01:00:00,500.356,0.0,164.366,0.0,0.0,79.706,0.0,0.0,2686.427,3988.887,102.855,2686.427,0.6734778398084478,1302.46,3430.855,True,True,True,2,681.364,258.6785,258.1055,4.333,0.0,-4.905,218.396,3572.99,3965.605,2947.51,2663.285,0.72,0.355,79.845,0.015,513.225,67.15513989039617,0.0089515597393782,4227.216,4646.969,3206.1885,2921.3905,5.053000000000001,0.355,79.845,-176.60500000000002,62.86269188073537,0.0076390905011814,0.0,0.0,73.085,2663.64,2948.23,284.2250000000004,0.365,284.5900000000004,513.24
2026-01-20 01:30:00,482.388,0.0,164.031,0.0,0.0,83.139,0.0,0.0,2615.322,3924.682,102.855,2615.322,0.6663780657897889,1309.3599999999997,3344.88,True,True,True,2,673.9555,267.0835,198.6085,4.333,0.0,-6.1485,242.874,3523.1400000000003,3890.27,3131.815,2601.555,0.66,0.325,89.905,0.015,513.2075,66.87353929982072,0.0083531298947067,4123.279500000001,4564.2255000000005,3398.8985,2800.1635,4.993,0.325,89.905,-152.845,61.35073832378571,0.0071196149157083,0.0,0.0,72.32499999999999,2601.88,3132.475,530.2600000000002,0.335,530.5950000000003,513.2225
2026-01-20 02:00:00,512.339,0.0,172.096,0.0,0.0,102.986,0.0,0.0,2635.424,3901.209,98.275,2635.424,0.6755403260886561,1265.785,3422.8450000000003,True,True,True,2,666.902,269.5875,199.6115,4.333,0.0,-23.1695,133.35,3793.2,3980.76,3234.2250000000004,2778.315,0.645,0.325,104.05,0.02,440.418,69.79711005238123,0.0081634976110751,4426.3765,4647.662,3503.8125,2977.9265,4.978,0.325,104.05,-64.235,64.07683354718796,0.0069921300369888,0.0,0.0,70.555,2778.64,3234.8700000000003,455.9100000000003,0.32,456.2300000000003,440.438
2026-01-20 02:30:00,540.788,0.0,180.808,0.0,0.0,103.886,0.0,0.0,2927.841,3953.978,98.275,2927.841,0.7404798408084212,1026.1370000000002,3753.323,True,True,True,2,655.4615,249.524,196.0515,4.333,0.0,-49.843,41.2015,4014.41,3903.035,3180.44,2971.31,0.645,0.315,114.94,0.02,288.848,76.12941363183188,0.0080765151904861,4645.9005,4558.496499999999,3429.964,3167.3615,4.978,0.315,114.94,47.79,69.48345969096204,0.0069147636415774,0.0,0.0,69.935,2971.625,3181.085,209.1300000000001,0.33,209.4600000000001,288.868
2026-01-20 03:00:00,563.134,0.0,175.112,0.0,0.0,124.57,0.0,0.0,2945.489,3856.873,95.765,2945.489,0.7636987269220428,911.384,3808.305,True,True,True,2,654.697,290.392,214.875,4.333,0.0,-15.0995,153.437,3936.675,3834.01,3088.295,2874.35,0.63,0.345,125.42,0.02,137.2395,74.96851663983475,0.0090003417148043,4578.314,4488.707,3378.687,3089.225,4.963,0.345,125.42,-113.565,68.82132707647375,0.007687320466848,0.0,0.0,69.04,2874.695,3088.925,213.94500000000016,0.285,214.23000000000016,137.2595
2026-01-20 03:30:00,606.321,0.0,177.457,0.0,0.0,125.952,0.0,0.0,2838.849,3803.569,95.765,2838.849,0.7463645328900305,964.7199999999998,3748.579,True,True,True,2,646.9495,334.21000000000004,292.536,4.333,0.0,-15.2375,132.484,3920.77,3750.345,2941.685,2769.74,0.71,0.32,125.56,0.015,-11.3705,73.84826429589407,0.0085310527835957,4653.706,4397.2945,3275.895,3062.276,5.043,0.32,125.56,-192.825,69.64241554945514,0.0072760154278249,0.0,0.0,66.52,2770.06,2942.395,171.94500000000016,0.3899999999999999,172.33500000000015,-11.3555
2026-01-20 04:00:00,732.572,0.0,181.813,0.0,0.0,125.131,0.0,0.0,2691.237,3709.218,95.0,2691.237,0.7255537420556032,1017.9809999999998,3730.753,True,True,True,2,649.8795,364.458,369.2325,4.333,0.0,-4.945,9.3925,3938.69,3680.66,2780.14,2629.145,0.6950000000000001,0.305,131.85,0.02,-155.56900000000002,71.43176105515705,0.0082870468973628,4809.972,4330.5395,3144.598,2998.3775,5.0280000000000005,0.305,131.85,-213.075,69.2392570630876,0.0070433460849867,0.0,0.0,62.17,2629.45,2780.835,150.9949999999999,0.39,151.38499999999988,-155.549
2026-01-20 04:30:00,782.21,0.0,213.356,0.0,0.0,137.949,0.0,0.0,2629.662,3646.599,95.0,2629.662,0.7211272750307889,1016.9370000000004,3763.177,True,True,True,2,647.792,410.729,417.1355,4.333,0.0,-5.957000000000001,-3.982,3950.995,3635.395,2741.91,2651.79,0.705,0.325,137.98000000000002,0.02,-199.921,72.9440253412287,0.0089400278206751,4862.5335,4283.187,3152.639,3068.9255,5.038,0.325,137.98000000000002,-242.15,71.65107871312676,0.0075879287986047,0.0,0.0,62.870000000000005,2652.115,2742.615,90.11999999999988,0.3799999999999999,90.49999999999989,-199.901
2026-01-20 05:00:00,733.487,0.0,190.548,0.0,0.0,143.725,0.0,0.0,2660.541,3636.645,97.88,2660.541,0.7315921680559967,976.1039999999998,3728.301,True,True,True,2,661.877,476.013,482.6345,4.333,0.0,-1.9835,-61.20399999999999,3950.905,3678.915,2867.09,2757.5950000000003,0.675,0.305,143.945,-39.875,-199.9285,74.95470881106927,0.0082892986444051,4894.4025,4340.792,3343.103,3240.2295000000004,5.008,0.305,143.945,-207.675,74.64242093993742,0.0070252673148642,0.0,0.0,65.94,2757.9,2867.7650000000003,109.49499999999988,0.37,109.8649999999999,-239.8035
2026-01-20 05:30:00,562.723,0.0,164.366,0.0,0.0,143.686,0.0,0.0,2840.0,3707.257,97.88,2840.0,0.766065044856615,867.2570000000001,3710.775,True,True,True,2,683.9159999999999,521.3675,529.8395,4.333,0.0,-1.8865,-13.571,3804.31,3747.525,2987.16,2812.27,0.665,0.305,143.2,-0.16,-199.917,75.04626747818759,0.0081396514095827,4731.647,4431.441,3508.5275,3342.1095,4.997999999999999,0.305,143.2,-219.23,75.42031397827101,0.0068836557873558,0.0,0.0,70.31500000000001,2812.575,2987.825,174.88999999999987,0.36,175.2499999999999,-200.077
2026-01-20 06:00:00,495.004,0.0,164.366,0.0,0.0,143.748,0.0,0.0,2842.178,3803.79,113.265,2842.178,0.747196348904645,961.612,3645.296,True,True,True,2,759.223,607.748,617.731,4.333,0.0,-1.9615,-82.5095,4008.71,3951.64,3012.795,2877.145,0.675,0.285,144.49,-0.015,-199.88,72.81838363851631,0.0072212327955992,5043.406999999999,4710.862999999999,3620.543,3494.876,5.008,0.285,144.49,-181.5,74.19222031377285,0.0060590430854746,0.0,0.0,69.065,2877.43,3013.4700000000003,135.6500000000001,0.39,136.04000000000008,-199.895
2026-01-20 06:30:00,741.655,0.0,192.894,0.0,0.0,145.591,0.0,0.0,2859.487,4038.988,113.265,2859.487,0.7079711551507457,1179.5009999999995,3939.627,True,True,True,2,851.5574999999999,696.2315,699.703,4.333,0.0,-2.051,-196.8045,4301.605,4187.55,3002.2200000000003,2848.955,0.645,0.3,143.29500000000002,-0.02,-199.901,68.06003480065212,0.0071621087849423,5441.5265,5039.1075,3698.4515,3548.658,4.978,0.3,143.29500000000002,-77.44,70.4485788528477,0.005951832174646,0.0,0.0,65.09,2849.255,3002.865,153.26500000000033,0.345,153.61000000000033,-199.921
2026-01-20 07:00:00,993.749,0.0,276.755,0.0,9.44,140.963,0.0,0.0,2814.483,4357.855,130.595,2814.483,0.6458413600268941,1543.3719999999994,4235.39,True,True,True,2,973.1105,764.9265,731.8775,4.333,0.0,-2.333,-128.0695,4607.87,4577.995,3047.085,2856.84,0.65,0.295,142.49,-0.02,-163.5885,62.416277349299776,0.0064400753515034,5834.404,5551.1055,3812.0115,3588.7175,4.9830000000000005,0.295,142.49,-108.755,64.66405822271065,0.005310979056207,0.0,0.0,61.535,2857.135,3047.735,190.2449999999999,0.355,190.59999999999988,-163.60850000000002
2026-01-20 07:30:00,1028.982,0.0,306.287,0.0,10.104,143.605,0.0,0.0,2857.716,4713.81,130.595,2857.716,0.606243357284235,1856.0940000000005,4346.694,True,True,True,2,1059.115,826.48,790.816,4.333,0.0,-2.15,-11.8185,4628.84,4814.305,3038.005,2854.245,0.66,0.295,143.81,-0.015,-29.7455,59.29098820505608,0.0061253979770048,5903.6965,5873.42,3864.485,3645.061,4.993,0.295,143.81,-189.26,62.06407203407103,0.005020677044447,0.0,0.0,62.255,2854.54,3038.665,183.76000000000025,0.365,184.12500000000023,-29.7605
2026-01-20 08:00:00,1045.138,0.0,311.314,0.0,10.394,145.706,0.0,0.0,2844.727,4855.143,133.45,2844.727,0.5859203323156496,2010.416,4357.279,True,True,True,2,1103.997,838.1215,797.6395,4.376,0.0,-2.0855,53.875,4595.09,4915.615,2991.3100000000004,2816.79,0.635,0.265,147.97500000000002,-0.015,72.53,57.30532796550898,0.0053923674720493,5881.2955,6019.611999999999,3829.4315,3614.4295,5.010999999999999,0.265,147.97500000000002,-222.37,60.04548547019216,0.0044032365169292,0.0,0.0,62.53500000000001,2817.055,2991.9450000000006,174.52000000000044,0.37,174.89000000000044,72.515
2026-01-20 08:30:00,1036.748,0.0,308.968,0.0,10.326,148.077,0.0,0.0,2756.142,4933.87,133.45,2756.142,0.558616663998038,2177.728,4260.261,True,True,True,2,1107.1635,904.5635,784.1614999999999,4.7155000000000005,0.4845,5.4775,6.2035,4521.610000000001,4965.745,2835.3,2690.855,1.255,0.76,148.175,-0.015,222.5095,54.19100973976052,0.0152768538685621,5826.4175,6072.9085,3739.8635,3475.0165,5.9705,1.2445,148.175,-196.415,57.22368158426592,0.0204588322648211,0.0,0.0,61.35,2691.615,2836.5550000000003,144.44500000000016,0.4949999999999999,144.94000000000017,222.4945
2026-01-20 09:00:00,1049.863,0.0,314.329,0.0,77.786,148.533,0.0,0.0,2647.387,5019.711,123.895,2647.387,0.5273982904593512,2372.324,4237.898,True,True,True,2,1151.947,945.633,845.2955,5.739000000000001,2.1145,-0.012,-3.3555,4542.905,5079.96,2694.8950000000004,2550.8900000000003,5.99,4.91,161.87,-0.02,294.9445,50.22157483923285,0.0964559680623865,5926.986,6231.907,3640.528,3396.1855000000005,11.729,7.024500000000001,161.87,-216.135,54.50215031410304,0.1125137088316804,0.0,0.0,59.99,2555.8,2700.885,144.0050000000001,1.08,145.08500000000012,294.9245
2026-01-20 09:30:00,1182.85,0.0,388.138,0.0,79.83,164.726,0.0,0.0,2479.529,5117.984,123.895,2479.529,0.4844737693591851,2638.4550000000004,4295.073,True,True,True,2,1155.4435,955.1395,824.7194999999999,6.916499999999999,3.754,-2.0780000000000003,-3.3875,4723.345,5111.845,2582.705,2428.315,18.515,17.79,164.665,-0.02,160.7475,47.50342084067709,0.3480436619692122,6099.370000000001,6267.288500000001,3537.8445,3253.0345,25.4315,21.544,164.665,-201.99,51.90466395063669,0.3437858220724755,0.0,0.0,55.535,2446.105,2601.22,154.38999999999987,0.7250000000000014,155.11499999999987,160.7275
2026-01-20 10:00:00,1367.288,0.0,440.814,0.0,13.255,165.443,0.0,0.0,2366.104,5092.506,108.915,2366.104,0.4646246857637476,2726.4020000000005,4352.904,True,True,True,2,1147.264,939.2715,821.921,7.6845,5.133,-2.055,-3.418,4812.72,5080.24,2568.8450000000003,2357.585,28.48,27.975,165.175,-0.02,50.707,46.40693280291452,0.5507103434597361,6170.533,6227.504,3508.1165,3179.5060000000003,36.1645,33.108,165.175,-191.27,51.05587229442197,0.5316822906773019,0.0,0.0,53.735,2385.56,2597.3250000000003,211.26000000000025,0.504999999999999,211.7650000000002,50.68699999999999
2026-01-20 10:30:00,1319.434,0.0,418.318,0.0,4.977,165.112,0.0,0.0,2365.586,5069.992,108.915,2365.586,0.466585746091907,2704.4060000000004,4273.427,True,True,True,2,1157.464,946.9085,826.358,7.982,5.5745000000000005,-2.0615,-3.3955,4943.23,5088.16,2677.635,2445.785,50.85,49.39,164.83999999999995,-0.015,-59.2705,48.06794593644055,0.9706802200009866,6299.8495,6245.624,3624.5435,3272.143,58.832,54.9645,164.83999999999995,-179.805,52.39074279049709,0.8800413208450557,0.0,0.0,54.185,2495.175,2728.485,231.8500000000004,1.4599999999999935,233.31000000000037,-59.2855
2026-01-20 11:00:00,1317.862,0.0,418.318,0.0,0.0,164.551,0.0,0.0,2466.515,5089.862,100.375,2466.515,0.4845936883946951,2623.347,4367.246,True,True,True,2,1160.949,968.228,813.639,8.4725,5.161,-2.116,-3.3825000000000003,5056.83,5102.72,2744.84,2495.0950000000003,70.605,63.575,165.125,-0.02,-127.5865,48.89734915240492,1.2459097602745686,6405.704,6263.669,3713.068,3308.7340000000004,79.0775,68.736,165.125,-169.32,52.824153291870026,1.097343561196506,0.0,0.0,53.395,2558.67,2815.445,249.7449999999999,7.030000000000001,256.77499999999986,-127.6065
2026-01-20 11:30:00,1261.014,0.0,396.515,125.065,10.173,164.236,0.0,0.0,2514.783,5091.051,100.375,2514.783,0.4939614629670769,2576.2680000000005,4471.786,True,True,True,2,1170.9705,1001.0715,843.956,7.593500000000001,4.0895,-2.129,-26.6205,5158.35,5092.64,2940.4750000000004,2628.245,97.25,78.055,164.72500000000002,-0.02,-199.954,51.60904752457323,1.5327215024556249,6514.1785,6263.610500000001,3941.5465,3472.201,104.8435,82.1445,164.72500000000002,-143.615,55.43433805042699,1.311446272551717,0.0,0.0,55.08500000000001,2706.3,3037.7250000000004,312.2300000000005,19.194999999999997,331.42500000000047,-199.974
2026-01-20 12:00:00,1125.19,0.0,399.889,124.667,0.0,164.81,0.0,0.0,2697.829,5074.928,96.76,2697.829,0.5315994630859788,2377.099,4512.385,True,True,True,2,1182.3955,1038.5315,830.7645,6.8165,3.354,-2.154,-3.547,5080.799999999999,5062.6,3039.635,2727.48,124.905,101.715,164.54,-0.025,-170.9735,53.87747412473342,2.009943720183668,6425.6815,6244.995499999999,4078.1665,3558.2445,131.7215,105.069,164.54,-144.29000000000002,56.978916559566905,1.6829038312705702,0.0,0.0,57.555,2829.195,3164.5400000000004,312.1550000000002,23.19,335.3450000000002,-170.9985
2026-01-20 12:30:00,1109.497,0.0,420.016,0.0,0.0,165.224,0.0,0.0,2799.955,5018.627,96.76,2799.955,0.557912552576631,2218.6720000000005,4494.692,True,True,True,2,1187.284,1051.9245,838.6375,7.6055,4.6175,-2.1425,-3.5425,5009.24,5017.27,3182.86,2846.185,190.4,145.13,165.16,-0.005,-154.12650000000002,56.72801471383171,2.892617148176739,6375.628,6204.554,4234.7845,3684.8225,198.0055,149.7475,165.16,-159.72500000000002,59.38921068073017,2.41353340374858,0.0,0.0,60.85499999999999,2991.315,3373.26,336.6749999999997,45.27000000000001,381.9449999999997,-154.13150000000002
2026-01-20 13:00:00,1072.066,0.0,403.91,0.0,0.0,164.987,0.0,0.0,2881.924,5003.922,95.59,2881.924,0.5759330381248948,2121.998,4522.887000000001,True,True,True,2,1164.1705,1046.5485,834.6985,7.958,5.735,-1.9035,-3.5295,4948.705,4965.525,3237.9700000000003,2877.57,238.58,129.765,164.42,-0.02,-102.5155,57.95228272751323,2.6144048655859544,6297.9645,6129.6955,4284.5185,3712.2685,246.538,135.5,164.42,-167.73000000000002,60.564267968592425,2.211525051066753,0.0,0.0,61.92,3007.335,3476.55,360.4000000000001,108.815,469.2150000000001,-102.5355
2026-01-20 13:30:00,1014.651,0.0,400.894,0.0,0.0,164.893,0.0,0.0,2929.831,4918.97,95.59,2929.831,0.5956187982443479,1989.139,4510.269,True,True,True,2,1141.226,1038.6460000000002,818.7539999999999,7.1845,4.907500000000001,-2.0845,-22.602,5003.45,4950.915,3374.625,3049.41,197.415,142.42000000000002,164.415,-0.015,-157.3965,61.59474164537677,2.8767475429590763,6336.601,6092.141,4413.271000000001,3868.164,204.5995,147.3275,164.415,-158.54,63.49535457692882,2.418400070387552,0.0,0.0,64.005,3191.83,3572.04,325.21500000000015,54.995000000000005,380.21000000000015,-157.4115
2026-01-20 14:00:00,918.276,0.0,297.553,0.0,0.0,164.447,0.0,0.0,3142.677,4959.734,94.04,3142.677,0.6336382152752547,1817.057,4522.953,True,True,True,2,1141.218,993.959,778.229,8.466000000000001,6.8735,-1.685,-3.5540000000000003,4999.545,4947.655000000001,3382.115,3144.53,194.595,146.23,164.25,-0.02,-124.298,63.55588139160147,2.95562919556399,6314.938,6088.873,4376.0740000000005,3922.759,203.061,153.1035,164.25,-176.23,64.42507372073123,2.514533614373514,0.0,0.0,65.135,3290.76,3576.71,237.58500000000004,48.36500000000001,285.95000000000005,-124.318
2026-01-20 14:30:00,953.079,0.0,275.08,0.0,0.0,163.161,0.0,0.0,3181.396,4948.463,94.04,3181.396,0.6429058881515332,1767.0669999999996,4572.716,True,True,True,2,1141.218,888.759,710.0395000000001,6.765000000000001,5.1915,-14.3305,-3.592,5014.780000000001,4954.66,3497.84,3259.58,167.945,134.07,163.13,-0.025,-125.9305,65.78715316032842,2.706318622665804,6266.18,6095.878,4386.599,3969.6195,174.71,139.2615,163.13,-111.24,65.11915965894661,2.284780732802793,0.0,0.0,66.015,3393.65,3665.785,238.26000000000025,33.875,272.1350000000002,-125.9555
2026-01-20 15:00:00,956.307,0.0,164.366,0.0,0.0,163.664,0.0,0.0,3287.574,4970.259,99.59,3287.574,0.6614492323237079,1682.685,4571.911,True,True,True,2,1141.218,881.9749999999999,729.0635,3.9405,2.109,-1.7195,-45.4935,4987.7,4998.23,3479.395,3264.485,141.35000000000002,105.145,147.5,-0.02,-129.518,65.3128600276339,2.1037950230443143,6290.9655,6139.448,4361.37,3993.5485,145.2905,107.254,147.5,-122.155,65.04742739055558,1.747069095709338,0.0,0.0,65.58500000000001,3369.63,3620.745,214.90999999999983,36.20500000000003,251.1149999999999,-129.538
2026-01-20 15:30:00,1054.814,0.0,169.393,0.0,0.0,142.802,0.0,0.0,3213.69,4990.435,99.59,3213.69,0.6439699144463358,1776.7450000000003,4580.6990000000005,True,True,True,2,1141.218,811.489,682.2895,3.0645,0.711,-1.8945,-83.8245,4983.605,4998.1900000000005,3423.1800000000003,3171.145,105.85,71.16499999999999,143.29500000000002,-0.02,-23.3765,63.447433457097006,1.4242175828351848,6247.148499999999,6139.407999999999,4234.669,3853.4345,108.9145,71.87599999999999,143.29500000000002,-14.935,62.766990261407926,1.171001564482088,0.0,0.0,63.190000000000005,3242.31,3529.03,252.0350000000003,34.685,286.7200000000003,-23.3965
2026-01-20 16:00:00,1045.382,0.0,289.176,0.0,0.0,142.527,0.0,0.0,3112.377,5032.8,120.955,3112.377,0.6184185741535526,1920.423,4589.462,True,True,True,2,1141.218,762.194,705.5464999999999,2.77,0.3565,-2.1020000000000003,-6.5575,4945.915,5094.24,3423.545,3125.34,67.77,35.995000000000005,143.115,-0.02,70.874,61.34843410679598,0.707486552166049,6219.3665,6235.458,4185.739,3830.8865,70.54,36.3515,143.115,-55.755,61.43552035325227,0.5835968425126966,0.0,0.0,62.815,3161.335,3491.315,298.2049999999999,31.77499999999999,329.9799999999999,70.854
2026-01-20 16:30:00,1013.114,0.0,300.233,0.0,0.0,143.595,0.0,0.0,3174.456,5162.114,120.955,3174.456,0.614952711234196,1987.6579999999997,4631.398,True,True,True,2,1141.218,741.875,688.9365,2.2645,0.0,-2.1055,67.9115,5008.049999999999,5260.81,3464.96,3184.51,43.69,12.93,143.415,-0.015,194.6875,60.54011949512683,0.2464783684701554,6247.5985,6402.028,4206.835,3873.4465,45.9545,12.93,143.415,-35.635,60.5093673531943,0.2024362544425269,0.0,0.0,63.84,3197.44,3508.65,280.4499999999998,30.76,311.2099999999998,194.6725
2026-01-20 17:00:00,1031.164,0.0,393.5,0.0,21.674,143.754,0.0,0.0,3110.853,5344.884,137.01,3110.853,0.5820244181164643,2234.031,4700.945,True,True,True,2,1141.218,737.0305,688.3115,2.163,0.0,-2.1,53.798,5130.9400000000005,5448.575,3306.455,3036.145,33.265,6.575,160.57,-0.02,341.85299999999995,55.73067675494461,0.1207100877846645,6355.6655,6589.793,4043.4855,3724.4565,35.428,6.575,160.57,46.955,56.5233263601569,0.0997993080525484,0.0,0.0,62.040000000000006,3042.72,3339.72,270.30999999999995,26.69,296.99999999999994,341.833
2026-01-20 17:30:00,1059.285,0.0,385.122,0.0,206.544,162.687,0.0,0.0,3016.672,5536.204,137.01,3016.672,0.5448989957739997,2519.532,4830.31,True,True,True,2,1141.218,745.8025,728.811,2.163,0.0,6.4415,2.612,5113.525,5556.055,3293.29,3060.07,32.5,6.58,156.06,-0.025,481.8675,55.07634406661249,0.1184288790893722,6357.8345,6697.272999999999,4039.0925,3788.881,34.663,6.58,156.06,62.94,56.57345071208573,0.0982486098676342,0.0,0.0,63.57999999999999,3066.65,3325.79,233.22000000000023,25.92,259.14000000000027,481.8425
2026-01-20 18:00:00,1016.727,0.0,211.346,0.0,207.498,156.26,0.0,0.0,3021.377,5519.585,136.375,3021.377,0.5473920593667821,2498.208,4613.208,True,True,True,2,1141.218,722.8534999999999,710.6345,2.163,0.0,17.0445,31.59,5012.12,5484.025,3241.355,3043.525,32.504999999999995,6.63,143.79500000000002,-0.02,433.2385,55.4991786080434,0.1208968734432529,6246.845,6625.243,3964.2085,3754.1595,34.66799999999999,6.63,143.79500000000002,-11.61,56.66506163529243,0.1000719016103412,0.0,0.0,64.015,3050.155,3273.86,197.82999999999996,25.875,223.70499999999996,433.2185
2026-01-20 18:30:00,1051.134,0.0,220.058,0.0,160.988,135.938,0.0,0.0,3140.417,5464.918,136.375,3140.417,0.5746503424205084,2324.501,4708.535,True,True,True,2,1141.218,748.954,730.6555000000001,2.163,0.0,16.718,3.3985000000000003,5026.855,5411.65,3243.76,3114.525,32.485,6.665,133.85,-0.02,316.008,57.55251332212945,0.1231627696892424,6272.6335,6552.868,3992.714,3845.1805,34.648,6.665,133.85,-42.045,58.68088974746085,0.1017125719938778,0.0,0.0,63.7,3121.19,3276.2450000000003,129.23500000000013,25.82,155.05500000000012,315.988
2026-01-20 19:00:00,1008.846,0.0,288.505,0.0,126.411,132.269,0.0,0.0,3092.591,5352.902,117.855,3092.591,0.5777410085221063,2260.311,4648.622,True,True,True,2,1141.218,788.4794999999999,762.1945000000001,2.163,0.0,-1.2534999999999998,55.760000000000005,4958.99,5319.37,3227.7650000000003,3098.95,32.445,6.65,124.025,14.965,167.63549999999998,58.2584071263428,0.1250162475633465,6236.3405,6460.588,4016.2445,3861.1445,34.608,6.65,124.025,-150.675,59.7648656491104,0.1029325177110143,0.0,0.0,63.435,3105.6,3260.2100000000005,128.8150000000005,25.795,154.61000000000053,182.6005
2026-01-20 19:30:00,1060.814,0.0,330.101,0.0,138.428,112.5,0.0,0.0,3094.006,5286.56,117.855,3094.006,0.585258845071275,2192.5540000000005,4735.849,True,True,True,2,1141.218,764.7855,730.822,2.163,0.0,-2.626,-20.459,5059.889999999999,5214.01,3117.01,3019.795,32.43,6.675000000000001,111.155,0.03,29.7585,57.91344086424339,0.1280249174833057,6317.8015,6355.227999999999,3881.7955,3750.617,34.593,6.675000000000001,111.155,-98.49,59.01382592327238,0.1050338463275824,0.0,0.0,59.775,3026.4700000000003,3149.44,97.21500000000016,25.755,122.97000000000014,29.788500000000003
2026-01-20 20:00:00,1069.551,0.0,446.51,0.0,132.05,100.395,0.0,0.0,2902.757,5133.996,106.28,2902.757,0.5653991549662291,2231.239,4651.263,True,True,True,2,1141.218,790.693,758.246,2.163,0.0,-2.7515,-8.816,4962.005,5089.375,2965.065,2885.28,32.43,6.69,99.64,0.015,-70.9635,56.69204181899033,0.1314534581495239,6243.3375,6230.593,3755.758,3643.526,34.593,6.69,99.64,-172.22,58.47869064104307,0.1073751146657715,0.0,0.0,58.605,2891.97,2997.495,79.78500000000031,25.74,105.5250000000003,-70.9485
2026-01-20 20:30:00,1102.309,0.0,443.495,0.0,108.398,99.951,0.0,0.0,2861.224,5027.312,106.28,2861.224,0.5691359517770133,2166.088,4615.377,True,True,True,2,1141.218,840.5699999999999,788.417,2.163,0.0,-2.56,-82.961,4978.969999999999,4964.8150000000005,2969.54,2873.165,32.425,6.665,99.58,0.02,-190.0745,57.87273868974808,0.1342466655108026,6275.7715,6106.032999999999,3810.11,3661.582,34.587999999999994,6.665,99.58,-153.335,59.96815251543982,0.1091550241467648,0.0,0.0,58.615,2879.83,3001.965,96.375,25.76,122.135,-190.0545
2026-01-20 21:00:00,1082.248,0.0,436.1,0.0,57.929,100.125,0.0,0.0,2822.255,4913.733,103.27,2822.255,0.5743606744607409,2091.478,4498.657,True,True,True,2,1141.218,871.8315,789.25,2.163,0.0,-2.3985000000000003,-9.775,4717.935,4823.345,2800.965,2720.625,32.42,6.69,86.98,0.02,-199.956,56.406934172830425,0.1387073168393158,6014.9795,5964.563,3672.7965,3509.875,34.583,6.69,86.98,-283.74,58.845869043804754,0.1121658914800311,0.0,0.0,58.62499999999999,2727.315,2833.385,80.34000000000015,25.730000000000004,106.07000000000016,-199.936
2026-01-20 21:30:00,1101.765,0.0,439.809,0.0,14.273,80.493,0.0,0.0,2674.895,4746.834,103.27,2674.895,0.5635113846407943,2071.939,4311.235000000001,True,True,True,2,1141.218,874.2455,781.9549999999999,2.163,0.0,-2.403,-3.518,4563.93,4663.53,2725.36,2665.71,32.44,6.654999999999999,80.715,0.01,-199.984,57.17027238091057,0.1427170462303169,5785.367,5804.748,3599.6055,3447.665,34.602999999999994,6.654999999999999,80.715,-278.80499999999995,59.39982917006259,0.114655139737776,0.0,0.0,59.85,2672.365,2757.8,59.64999999999964,25.785,85.43499999999963,-199.974
2026-01-20 22:00:00,1101.467,0.0,388.138,0.0,0.0,80.706,0.0,0.0,2632.433,4540.438,93.53,2632.433,0.5797751230167663,1908.005,4202.744,True,True,True,2,1141.218,876.616,760.107,2.163,0.0,-2.5945,-3.5515,4382.41,4471.795,2656.675,2587.935,32.445,6.675000000000001,80.41,0.025,-199.9115,57.87485441727591,0.1492811141235688,5564.4855,5613.013,3533.291,3348.042,34.608,6.675000000000001,80.41,-305.9,59.64602714513492,0.1189258120553657,0.0,0.0,60.41,2594.61,2689.1200000000003,68.74000000000024,25.77,94.51000000000025,-199.8865
2026-01-20 22:30:00,1056.941,0.0,373.037,0.0,0.0,80.344,0.0,0.0,2531.23,4364.54,93.53,2531.23,0.5799534429745173,1833.31,4041.552,True,True,True,2,1141.218,849.869,689.637,2.163,0.0,-2.848,-3.563,4190.655,4258.505,2450.785,2380.36,32.435,6.69,80.435,0.015,-199.8895,55.88994231274842,0.1571122343914389,5275.202499999999,5399.723,3300.6540000000005,3069.9970000000003,34.598,6.69,80.435,-288.44,56.84847487282069,0.1239022037540308,0.0,0.0,58.47500000000001,2387.05,2483.22,70.42499999999973,25.745000000000005,96.16999999999972,-199.8745
2026-01-20 23:00:00,1069.059,0.0,377.393,0.0,0.0,80.609,0.0,0.0,2316.201,4181.03,89.63,2316.201,0.5539785650904203,1864.829,3843.262,True,True,True,2,1141.218,814.3325,579.2475,2.163,0.0,-2.7135,68.58749999999999,4092.775,4259.73,2333.3450000000003,2259.8,32.425,6.6850000000000005,80.5,57.715,-199.7425,53.04642118388714,0.1569421121839914,5067.528,5400.948,3147.6775,2839.0475,34.587999999999994,6.6850000000000005,80.5,-319.59,52.5589573931468,0.123778407663249,0.0,0.0,57.34999999999999,2266.485,2365.7700000000004,73.54500000000007,25.739999999999995,99.28500000000008,-142.0275
2026-01-20 23:30:00,1011.475,0.0,424.372,0.0,0.0,80.635,0.0,0.0,2171.906,4174.12,89.63,2171.906,0.5203266796354681,2002.214,3688.388,True,True,True,2,1141.218,840.6535,364.634,2.163,0.0,-25.9855,219.5525,3941.74,4103.33,2180.415,2066.015,32.42,6.695,80.68,8.959999999999999,-115.6945,50.343978954510725,0.1631710296546625,4688.2955,5244.548000000001,3021.0685000000003,2430.649,34.583,6.695,80.68,-281.83000000000004,46.34235608626728,0.1276614423831024,0.0,0.0,54.48,2072.71,2212.835,114.40000000000008,25.725,140.12500000000009,-106.7345
2026-01-21 00:00:00,929.823,0.0,407.931,0.0,0.0,81.061,0.0,0.0,2020.813,4044.058,89.71,2020.813,0.4996993119287607,2023.245,3439.628,True,True,True,2,1141.218,834.5225,290.13750000000005,2.163,0.0,-26.854,328.39750000000004,3771.28,4007.865,2090.0950000000003,1976.81,32.435,6.735,80.39,0.015,34.239,49.32573790767346,0.1680526986959624,4443.48,5149.0830000000005,2924.6175000000003,2266.9475,34.598,6.735,80.39,-348.99,44.02576726697285,0.1308039268099864,0.0,0.0,55.14,1983.545,2122.53,113.28500000000032,25.700000000000003,138.9850000000003,34.254
2026-01-21 00:30:00,941.794,0.0,412.287,0.0,0.0,80.563,0.0,0.0,1994.245,3971.757,89.71,1994.245,0.5021064984589944,1977.512,3428.889,True,True,True,2,1141.218,750.1565,285.9525,2.163,0.0,-2.3975,242.882,3805.63,3923.245,2053.65,1984.215,32.43,6.725,80.505,0.02,111.9865,50.57593264288197,0.1714217432997801,4488.156999999999,5064.463,2803.8065,2270.1675,34.593,6.725,80.505,-312.725,44.825442317601805,0.1327916202716436,0.0,0.0,54.535,1990.94,2086.08,69.43499999999995,25.705,95.13999999999994,112.0065
2026-01-21 01:00:00,857.651,0.0,416.308,0.0,0.0,79.836,0.0,0.0,1977.391,3872.06,90.26,1977.391,0.5106819109208018,1894.669,3331.186,True,True,True,2,1141.218,725.6965,239.854,2.163,0.0,-2.352,309.848,3610.38,3852.99,1914.595,1867.27,32.455,6.73,81.595,0.02,246.7,48.45287014196376,0.1746781207484273,4246.7125,4994.2080000000005,2640.2915000000003,2107.124,34.617999999999995,6.73,81.595,-309.58500000000004,42.18562263617536,0.1347602630682607,0.0,0.0,55.725,1874.0,1947.05,47.325000000000045,25.725,73.05000000000004,246.72
2026-01-21 01:30:00,841.359,0.0,432.414,0.0,0.0,91.57,0.0,0.0,1792.924,3823.526,90.26,1792.924,0.4689190030354181,2030.602,3158.267,True,True,True,2,1141.218,675.8435,329.352,2.163,0.0,-2.3435,237.007,3416.03,3793.45,1789.295,1704.4699999999998,32.435,6.74,92.205,0.015,395.8255,44.9297803015034,0.1776778735338067,4122.4825,4934.668,2465.1385,2033.822,34.598,6.74,92.205,-299.815,41.21485488890856,0.1365863393979473,0.0,0.0,56.28,1711.2099999999998,1821.73,84.82500000000027,25.695,110.52000000000028,395.8405
2026-01-21 02:00:00,714.301,0.0,429.399,0.0,0.0,92.161,0.0,0.0,1677.856,3792.96,89.465,1677.856,0.4423605838184425,2115.1040000000003,2913.717,True,True,True,2,1141.218,628.3240000000001,296.5475,2.163,0.0,-3.4565,288.523,3343.825,3877.97,1833.705,1748.52,32.4,6.725,102.665,0.02,507.122,45.08841740908659,0.1734153575233773,4021.6835,5019.188,2462.029,2045.0675,34.562999999999995,6.725,102.665,-317.625,40.74494278022835,0.1339857444420325,0.0,0.0,59.05,1755.245,1866.105,85.18499999999995,25.675,110.85999999999994,507.142
2026-01-21 02:30:00,649.565,0.0,443.495,0.0,0.0,107.703,0.0,0.0,1769.953,3875.196,89.465,1769.953,0.4567389623647423,2105.243,2970.716,True,True,True,2,1141.218,574.755,331.609,2.163,0.0,-9.9015,184.5525,3292.92,3848.405,1807.965,1757.625,32.42,6.745,116.655,0.02,513.2339999999999,45.673277376113,0.1752713039326837,4023.4025,4989.623,2382.7200000000003,2089.234,34.583,6.745,116.655,-267.555,41.8736789943597,0.1351824145275172,0.0,0.0,59.105,1764.37,1840.385,50.34000000000015,25.675,76.01500000000014,513.2539999999999
2026-01-21 03:00:00,682.644,0.0,450.196,0.0,0.0,124.454,0.0,0.0,1766.046,3819.637,88.735,1766.046,0.4623596430760305,2053.5910000000003,3023.34,True,True,True,2,1141.218,478.9115,458.992,2.163,0.0,-2.239,38.785,3234.03,3785.2,1781.5500000000002,1758.405,32.4,6.755,126.005,0.02,513.2755,46.45048763341523,0.1784676634397776,4119.2575,4926.418,2260.4615000000003,2217.397,34.562999999999995,6.755,126.005,-277.745,45.00748592052703,0.1371222965569052,0.0,0.0,59.345000000000006,1765.16,1813.9500000000005,23.14500000000021,25.645,48.790000000000205,513.2955
2026-01-21 03:30:00,737.399,0.0,404.245,0.0,0.0,127.358,0.0,0.0,1714.786,3734.671,88.735,1714.786,0.4591531623535246,2019.885,2983.788,True,True,True,2,1141.218,434.6825,434.948,2.163,0.0,-2.2625,-4.0195,3268.0,3743.415,1890.5,1843.46,32.425,6.705,126.155,0.02,485.642,49.24158653080082,0.1791139509979862,4139.1975,4884.633,2325.1825,2278.408,34.587999999999994,6.705,126.155,-221.335,46.642364833245765,0.1372667446184181,0.0,0.0,59.895,1850.165,1922.925,47.03999999999997,25.72,72.75999999999996,485.662
2026-01-21 04:00:00,703.881,0.0,320.026,0.0,0.0,126.227,0.0,0.0,1950.796,3756.28,88.885,1950.796,0.5193425410246307,1805.484,3100.9300000000003,True,True,True,2,1141.218,434.133,438.534,2.163,0.0,-2.2465,2.373,3335.755,3745.385,2074.36,2013.74,32.4,6.73,126.05,0.02,415.8335,53.76742971336521,0.1796884256385499,4208.082,4886.603,2508.4930000000004,2452.274,34.562999999999995,6.73,126.05,-223.45,50.1845290386068,0.1377237666261619,0.0,0.0,62.18,2020.47,2106.76,60.62000000000012,25.67,86.29000000000012,415.8535
2026-01-21 04:30:00,693.649,0.0,219.053,0.0,0.0,125.196,0.0,0.0,2094.657,3728.763,88.885,2094.657,0.5617565396352625,1634.1059999999998,3132.5550000000003,True,True,True,2,1141.218,409.226,412.721,2.163,0.0,-2.257,91.778,3383.485,3732.795,2260.17,2217.7,32.395,6.73,125.885,0.02,304.674,59.41211469431429,0.1802941070900048,4242.4285,4874.013,2669.396,2630.4210000000003,34.55799999999999,6.73,125.885,-294.65,53.96852019695946,0.1380793510827703,0.0,0.0,65.29,2224.43,2292.565,42.470000000000255,25.665,68.13500000000025,304.694
2026-01-21 05:00:00,741.009,0.0,171.426,0.0,0.0,126.622,0.0,0.0,2260.65,3741.418,94.89,2260.65,0.6042227839819021,1480.768,3299.7070000000003,True,True,True,2,1141.218,408.2995,413.7035,2.163,0.0,-4.6075,44.694,3501.145,3762.155,2327.565,2258.0600000000004,32.365,6.705,134.86,0.02,152.98250000000002,60.01968148199283,0.1782232870562931,4366.2895,4903.373,2735.8645,2671.7635,34.528,6.705,134.86,-228.19,54.487702331516616,0.1367431213530199,0.0,0.0,62.89,2264.7650000000003,2359.93,69.50499999999965,25.660000000000004,95.16499999999964,153.00250000000003
2026-01-21 05:30:00,713.02,0.0,168.052,0.0,0.0,143.597,0.0,0.0,2305.049,3758.82,94.89,2305.049,0.6132373989709536,1453.7710000000002,3329.718,True,True,True,2,1141.218,372.0355,374.1715,2.163,0.0,-2.261,-3.9915,3695.96,3827.65,2471.445,2357.625,32.375,6.720000000000001,144.745,0.02,19.6745,61.59872151528084,0.1755787075141871,4530.3695,4968.868,2843.4805,2731.7965,34.538,6.720000000000001,144.745,-119.035,54.98259575278335,0.1352487941450922,0.0,0.0,60.53,2364.345,2503.82,113.81999999999972,25.655,139.4749999999997,19.6945
2026-01-21 06:00:00,940.362,0.0,249.926,0.0,0.0,145.072,0.0,0.0,2339.771,3917.783,113.6,2339.771,0.5972181205544055,1578.0119999999995,3675.131,True,True,True,2,1141.218,312.5095,312.2545,2.163,0.0,-2.2575000000000003,-75.327,4261.46,4060.18,2567.205,2423.515,32.35,6.715,144.97,-43.55,-72.1185,59.68897056563711,0.1654057249325871,5051.1005000000005,5201.398,2879.7145,2735.7695,34.513,6.715,144.97,78.92,52.59820988784223,0.1291083420840441,0.0,0.0,54.295,2430.23,2599.555,143.69000000000003,25.635,169.32500000000005,-115.6685
2026-01-21 06:30:00,1084.47,0.0,420.686,0.0,0.0,144.929,0.0,0.0,2514.733,4145.202,113.6,2514.733,0.6066611470321591,1630.469,4164.818,True,True,True,2,1141.218,287.871,292.0355,2.163,0.0,-2.356,-119.4165,4649.549999999999,4278.6,2832.4300000000003,2659.8450000000003,32.355000000000004,6.7,144.64,-0.75,-190.5215,62.16372757006026,0.1566263428439818,5463.2505,5419.817999999999,3120.3010000000004,2951.8805,34.518,6.7,144.64,194.085,54.46123082577628,0.1236361839456882,0.0,0.0,54.095000000000006,2666.545,2864.7850000000003,172.58500000000004,25.655000000000005,198.24000000000004,-191.2715
2026-01-21 07:00:00,1109.716,0.0,419.346,0.0,0.0,143.107,0.0,0.0,2750.772,4434.385,129.495,2750.772,0.6203277342855886,1683.6130000000005,4422.941,True,True,True,2,1141.218,313.4735,316.735,2.163,0.0,-2.4375,-10.46,4922.385,4654.685,2882.0950000000003,2743.85,32.335,6.734999999999999,144.125,-0.02,-155.1755,58.96832540295465,0.1447286907957632,5808.0355,5795.903,3195.5685000000003,3060.585,34.498,6.734999999999999,144.125,133.895,52.81613450299532,0.1162206047524025,0.0,0.0,52.785,2750.585,2914.4300000000003,138.24500000000037,25.6,163.84500000000034,-155.1955
2026-01-21 07:30:00,1325.475,0.0,418.318,0.0,10.249,143.962,0.0,0.0,2746.509,4789.33,129.495,2746.509,0.5734641379900738,2042.821,4644.513,True,True,True,2,1141.218,331.9885,334.1685,2.163,0.0,-2.1155,-3.553,5101.65,4934.835,2962.74,2807.4750000000004,32.345,6.7,144.56,-0.02,-26.374,56.8933513076466,0.1357842899727421,6046.6595,6076.053,3294.7285,3141.6435,34.508,6.7,144.56,162.985,51.70595994390703,0.1102766029359159,0.0,0.0,52.065000000000005,2814.175,2995.085,155.26499999999942,25.645,180.90999999999943,-26.394
2026-01-21 08:00:00,1374.85,0.0,407.596,0.0,10.47,146.184,0.0,0.0,2850.094,4988.051,131.73,2850.094,0.5713842941862463,2137.9570000000003,4789.194,True,True,True,2,1141.218,337.014,339.0655,2.178,0.0,-2.1005000000000003,-3.5505,5110.05,5022.245000000001,3150.41,2919.3,32.315,6.635,147.23000000000002,-0.02,71.9595,58.12417599356316,0.1321163024627996,6087.9875,6163.463,3487.424,3258.3655,34.492999999999995,6.635,147.23000000000002,181.27,52.86337832533257,0.1076529657517925,0.0,0.0,54.105,2925.9350000000004,3182.725,231.10999999999967,25.68,256.7899999999997,71.93950000000001
2026-01-21 08:30:00,1298.53,0.0,329.096,0.0,0.0,145.951,0.0,0.0,3022.938,5042.398,131.73,3022.938,0.5995040454958137,2019.46,4796.515,True,True,True,2,1141.218,359.09450000000004,364.4055,2.4865000000000004,0.371,-2.3235,-3.544,5085.27,5041.235000000001,3237.995,3037.2,34.535,8.905000000000001,147.32,-0.02,107.7725,60.247006306504105,0.1766572272817688,6078.092000000001,6182.453,3597.0895,3401.6055,37.0215,9.276,147.32,176.51999999999998,55.02026613294318,0.1500486525781951,0.0,0.0,56.82000000000001,3046.105,3272.53,200.79500000000007,25.629999999999995,226.42500000000007,107.7525
2026-01-21 09:00:00,1344.229,0.0,270.723,0.0,0.0,148.182,0.0,0.0,3039.447,5067.452,121.16,3039.447,0.5997978865907363,2028.005,4802.581,True,True,True,2,1141.218,391.6905,397.6815,3.896,2.775,-2.114,-3.5115,5161.92,5110.06,3156.575,3013.6800000000003,46.885000000000005,21.380000000000003,158.095,-0.02,66.594,58.97733371006923,0.4183724621654224,6209.38,6251.278,3548.2655,3411.3615,50.781000000000006,24.155,158.095,141.45499999999998,54.57173324216453,0.3863464935066458,0.0,0.0,55.790000000000006,3035.0600000000004,3203.46,142.89499999999953,25.505000000000003,168.39999999999952,66.574
2026-01-21 09:30:00,1400.098,0.0,266.702,0.0,0.0,163.147,0.0,0.0,3011.557,5120.118,121.16,3011.557,0.5881811708245785,2108.5610000000006,4841.504,True,True,True,2,1141.218,388.473,396.4635,7.697999999999999,7.234,-1.963,-3.5425,5109.55,5125.91,3144.31,2981.48,51.99,23.795,162.555,-0.02,150.7505,58.164961462018816,0.4641909008771023,6144.053,6267.128000000001,3532.783,3377.9435,59.688,31.029,162.555,157.7,53.899421749565526,0.495086666264586,0.0,0.0,56.555,3005.275,3196.3,162.82999999999993,28.194999999999997,191.02499999999992,150.73049999999998
2026-01-21 10:00:00,1378.988,0.0,262.324,0.0,0.0,162.948,0.0,0.0,2960.889,5113.749,112.165,2960.889,0.5790055397713106,2152.86,4765.149,True,True,True,2,1141.218,448.182,460.518,9.3465,9.0215,-1.6985,-3.5835,4949.79,5055.049999999999,3053.07,2883.545,54.525,27.52,162.64,-0.02,157.6175,57.040838264250525,0.5446350983525136,6049.666,6196.268,3501.252,3344.063,63.8715,36.5415,162.64,71.33500000000001,53.96885379346061,0.5899447274639424,0.0,0.0,57.045,2911.065,3107.595,169.52499999999964,27.005,196.52999999999963,157.5975
2026-01-21 10:30:00,1418.469,0.0,222.739,0.0,0.0,162.618,0.0,0.0,2792.923,5020.797,112.165,2792.923,0.5562708470388267,2227.874,4596.749,True,True,True,2,1141.218,546.312,563.1395,15.48,15.954,-1.827,-3.5645,4760.28,5024.71,2875.6400000000003,2739.315,76.43,45.925,163.36,-0.01,179.668,54.51710464957627,0.9139444603030576,5985.1945,6165.928,3421.952,3302.4545,91.91,61.879,163.36,-66.07499999999999,53.55981175017761,1.003531272457707,0.0,0.0,57.66,2785.24,2952.07,136.32500000000027,30.50500000000001,166.83000000000027,179.65800000000002
2026-01-21 11:00:00,1403.468,0.0,220.393,0.0,0.0,163.332,0.0,0.0,2701.464,5036.104,107.81,2701.464,0.5364194226330512,2334.6400000000003,4488.657,True,True,True,2,1134.2345,634.2365,653.1695,19.494,17.2325,2.4085,-3.5445,4650.025,5043.87,2750.5,2618.655,76.595,49.015,163.495,-0.025,206.8545,51.91768342348265,0.9717661160925284,5966.1535,6178.1045,3384.7365,3271.8245,96.089,66.2475,163.495,-166.85,52.95838022112835,1.0722944101465712,0.0,0.0,57.675,2667.67,2827.095,131.84500000000023,27.58,159.42500000000024,206.8295
2026-01-21 11:30:00,1454.947,0.0,238.175,0.0,0.0,164.474,0.0,0.0,2530.84,5035.144,107.81,2530.84,0.5026350785598187,2504.304,4388.436,True,True,True,2,1138.6865,762.005,759.4465,20.046,17.935,-2.0555000000000003,-3.4065000000000003,4587.33,5024.645,2614.9750000000004,2470.0,85.86500000000001,57.48,163.285,-0.02,153.124,49.15748031737613,1.1439778958935976,6009.1005,6163.3315,3376.9800000000005,3229.4465,105.911,75.41499999999999,163.285,-263.845,52.39777394577823,1.2236052936419772,0.0,0.0,56.915000000000006,2527.48,2700.84,144.97500000000036,28.385000000000005,173.36000000000035,153.10399999999998
2026-01-21 12:00:00,1416.378,0.0,251.936,0.0,0.0,163.935,0.0,0.0,2392.395,5012.255,108.03,2392.395,0.4773091153582569,2619.86,4224.644,True,True,True,2,1147.2385,859.5519999999999,787.3399999999999,13.509,12.905,-2.284,76.1685,4483.8150000000005,5039.83,2422.415,2315.0550000000003,112.57,83.86,163.755,-0.02,294.608,45.93646614040156,1.6638655508006603,5809.816,6187.068499999999,3281.967,3102.395,126.079,96.765,163.755,-240.585,50.14464324841311,1.563920849950745,0.0,0.0,58.585,2398.9150000000004,2534.985,107.35999999999969,28.709999999999997,136.06999999999965,294.588
2026-01-21 12:30:00,1400.128,0.0,292.191,0.0,0.0,163.773,0.0,0.0,2207.182,5069.487,108.03,2207.182,0.4353856711734342,2862.3050000000003,4063.274,True,True,True,2,1161.8575,880.807,801.969,13.634,11.0945,-2.378,167.7095,4350.33,5085.3150000000005,2307.67,2172.455,109.855,84.88,159.66500000000002,-0.02,424.7,42.7204117849273,1.669190720141639,5644.903,6247.172500000001,3188.477,2974.424,123.489,95.9745,159.66500000000002,-288.53,47.61237384822149,1.53633500216856,0.0,0.0,59.44499999999999,2257.335,2417.525,135.21500000000017,24.97500000000001,160.19000000000017,424.68
2026-01-21 13:00:00,1424.179,0.0,254.617,0.0,0.0,145.334,0.0,0.0,2057.906,5082.804,111.64,2057.906,0.4048761274288758,3024.898,3882.036,True,True,True,2,1151.8235,940.8055,836.2270000000001,10.5545,8.879,-2.4000000000000004,238.721,4185.56,5084.77,2138.91,2039.29,119.775,95.23,144.53,-0.02,512.434,40.104971169468925,1.87280608472749,5468.47,6236.5935,3079.7155,2875.517,130.3295,104.109,144.53,-360.035,46.1063815611862,1.669354167405724,0.0,0.0,60.69,2134.52,2258.685,99.61999999999988,24.545000000000016,124.1649999999999,512.414
2026-01-21 13:30:00,1386.219,0.0,189.855,0.0,0.0,144.279,0.0,0.0,1972.756,5034.604,111.64,1972.756,0.3918393581699772,3061.848,3693.109,True,True,True,2,1134.7875,937.663,730.8855000000001,12.675999999999998,9.443,-2.306,385.62,4127.049999999999,5046.665,1993.295,1926.365,130.44,107.61,144.75,-0.02,513.207,38.17169541231077,2.1320589671394137,5263.205,6181.452499999999,2930.958,2657.2505,143.116,117.053,144.75,-379.125,42.98813134755813,1.8935530732477135,0.0,0.0,60.07,2033.975,2123.735,66.93000000000006,22.83,89.76000000000006,513.187
2026-01-21 14:00:00,1405.317,0.0,249.255,0.0,0.0,143.732,0.0,0.0,1880.065,5068.17,114.475,1880.065,0.3709553941560761,3188.105,3678.369,True,True,True,2,1132.8505,936.168,647.483,8.440999999999999,6.822,-2.2965,427.5135,4186.255,5084.53,1845.775,1784.25,138.495,113.73,144.88,22.450000000000003,513.2085,35.09376714335685,2.2371341796612967,5239.675,6217.380499999999,2781.943,2431.733,146.936,120.552,144.88,-339.67499999999995,39.11371991345908,1.939257033333604,0.0,0.0,57.13,1897.98,1984.27,61.52500000000009,24.765,86.29000000000009,535.6585
2026-01-21 14:30:00,1421.528,0.0,296.882,0.0,0.0,144.698,0.0,0.0,1644.227,5067.934,114.475,1644.227,0.3244373348192774,3423.7070000000003,3507.335,True,True,True,2,1132.614,896.4590000000001,664.3765000000001,7.800499999999999,4.965,-2.3645,400.1585,4113.64,5091.785,1601.57,1568.9250000000002,111.69,86.495,145.69,124.76,495.4805,30.81502132492648,1.6988246944089938,5188.0215,6224.398999999999,2498.029,2233.3015000000005,119.4905,91.46,145.69,-332.22,35.88034795694529,1.4694630190692874,0.0,0.0,54.30999999999999,1655.42,1713.26,32.644999999999754,25.194999999999997,57.83999999999975,620.2405
2026-01-21 15:00:00,1589.383,0.0,308.968,0.0,0.0,161.146,0.0,0.0,1485.312,5127.627,120.055,1485.312,0.2896684957778714,3642.315000000001,3544.809,True,True,True,2,1153.215,895.335,797.645,5.821,2.364,-2.378,288.196,4360.805,5162.655,1387.0500000000002,1358.94,90.245,66.07499999999999,164.15,50.185,399.58,26.32367932225308,1.280073790299699,5567.203,6315.869999999999,2282.385,2156.585,96.066,68.439,164.15,-330.615,34.14746749635989,1.0840186050936926,0.0,0.0,47.3,1425.015,1477.295,28.110000000000127,24.170000000000016,52.28000000000014,449.765
2026-01-21 15:30:00,1721.849,0.0,399.554,0.0,4.901,163.438,0.0,0.0,1262.667,5161.958,120.055,1262.667,0.2446100878775069,3899.291,3552.409,True,True,True,2,1186.3765,885.0685000000001,814.75,5.3165,1.382,-2.2785,349.848,4175.68,5195.415,1226.735,1196.99,64.025,39.575,163.34,157.19,492.3495,23.04143184563539,0.7619027171557877,5370.649,6381.791499999999,2111.8035,2011.74,69.3415,40.95700000000001,163.34,-349.195,31.525299416214235,0.641956239206107,0.0,0.0,48.0,1236.565,1290.7600000000002,29.74500000000012,24.450000000000003,54.19500000000012,649.5395
2026-01-21 16:00:00,1672.374,0.0,404.58,0.0,5.046,164.01,0.0,0.0,1118.952,5226.905,134.55,1118.952,0.2140754423506836,4107.953,3364.9620000000004,True,True,True,2,1217.665,867.2170000000001,779.056,4.6615,0.4225,-2.2785,419.477,4080.62,5292.42,1087.74,1060.38,51.885,25.81,164.21,307.19,513.1804999999999,20.041130905481698,0.4883050316167407,5257.405999999999,6510.085,1954.957,1839.436,56.5465,26.2325,164.21,-369.24,28.262295866183564,0.4035598099582252,0.0,0.0,47.79,1086.19,1139.625,27.3599999999999,26.075,53.434999999999896,820.3705
2026-01-21 16:30:00,1748.287,0.0,426.048,0.0,111.686,164.278,0.0,0.0,960.797,5362.918,134.55,960.797,0.1791556387772477,4402.120999999999,3411.096,True,True,True,2,1283.537,842.501,809.418,4.4135,0.0,-2.4505,441.9515,4078.215,5419.92,957.945,925.32,36.95,11.125,164.03,457.17,513.181,17.074541692759517,0.2055051079320185,5278.576999999999,6703.457,1800.446,1734.7379999999998,41.3635,11.125,164.03,-348.89,25.878189862333244,0.16623301984117,0.0,0.0,47.085,936.445,994.895,32.625,25.825000000000003,58.45,970.351
2026-01-21 17:00:00,1740.968,0.0,428.393,0.0,115.867,163.92,0.0,0.0,882.129,5466.601,157.5,882.129,0.1613669993474921,4584.472,3331.277,True,True,True,2,1330.348,812.1755,791.174,4.241,0.0,-2.7555,441.878,4146.38,5548.835,851.515,825.37,32.4,6.44,164.375,529.98,513.1615,14.878920706153004,0.1160781790684747,5382.045,6879.183000000001,1663.6905,1616.544,36.641,6.44,164.375,-333.635,23.505742053264623,0.0936293501044063,0.0,0.0,45.79,831.8100000000001,883.915,26.144999999999985,25.96,52.10499999999998,1043.1415000000002
2026-01-21 17:30:00,1719.95,0.0,426.718,0.0,276.423,164.315,0.0,0.0,773.176,5625.234,157.5,773.176,0.1374477932829105,4852.058,3360.582,True,True,True,2,1316.658,756.0999999999999,741.3824999999999,4.241,0.0,7.2895,441.794,4219.595,5630.094999999999,751.52,728.565,32.36,6.535,164.37,529.98,513.155,12.94121797412816,0.116066868397864,5439.756,6946.753,1507.62,1469.9475,36.601,6.535,164.37,-340.425,21.160289647000752,0.0940718144565044,0.0,0.0,45.92,735.1,783.88,22.954999999999927,25.825,48.77999999999993,1043.135
2026-01-21 18:00:00,1704.146,0.0,427.388,0.0,265.139,164.339,0.0,0.0,662.215,5639.39,157.665,662.215,0.117426707498506,4977.175,3223.2270000000003,True,True,True,2,1268.268,711.762,719.5645,4.241,0.0,32.564499999999995,441.739,4157.805,5599.98,647.05,620.3599999999999,32.39,6.76,164.3,529.975,513.258,11.07691472632134,0.1207166522158468,5334.902,6868.248,1358.812,1339.9245,36.631,6.76,164.3,-371.24,19.507451001553477,0.0984266909912889,0.0,0.0,46.085,627.1199999999999,679.4399999999999,26.69000000000005,25.630000000000003,52.32000000000006,1043.2330000000002
2026-01-21 18:30:00,1684.107,0.0,439.809,0.0,293.566,164.047,0.0,0.0,567.234,5558.296,157.665,567.234,0.1020517798980119,4991.062,3148.763,True,True,True,2,1218.3475,672.48,686.9114999999999,4.241,0.0,30.9755,441.72850000000005,4092.69,5521.014999999999,544.5699999999999,518.675,32.42,6.77,163.89999999999998,529.975,513.2004999999999,9.392671099885211,0.122624098755946,5208.446,6739.362499999999,1217.05,1205.5865,36.661,6.77,163.89999999999998,-359.34000000000003,17.886150228995596,0.1004570636522276,0.0,0.0,43.7,525.4449999999999,576.9899999999999,25.894999999999985,25.65,51.54499999999999,1043.1754999999998
2026-01-21 19:00:00,1713.06,0.0,408.266,0.0,290.927,163.88,0.0,0.0,467.205,5459.436,154.35,467.205,0.085577521194497,4992.231,3043.338,True,True,True,2,1176.9745,633.129,638.365,4.241,0.0,3.0005,441.726,4030.84,5428.98,509.895,476.685,32.425,6.79,154.715,529.93,513.197,8.780935970290358,0.1250720474408393,5103.648999999999,6605.9545,1143.024,1115.0500000000002,36.666,6.79,154.715,-328.115,16.8795062121387,0.1027885698946149,0.0,0.0,42.370000000000005,483.475,542.32,33.21000000000004,25.635,58.845000000000034,1043.127
2026-01-21 19:30:00,1717.389,0.0,404.915,0.0,289.752,146.268,0.0,0.0,484.582,5363.41,154.35,484.582,0.0903496096699674,4878.828,3042.906,True,True,True,2,1136.0285,642.7745,614.967,4.241,0.0,-2.331,441.703,3883.11,5314.995,536.445,504.195,32.435,6.789999999999999,142.2,529.94,513.191,9.486280120631127,0.127752714230242,4956.6375,6451.023499999999,1179.2195000000002,1119.1619999999998,36.676,6.789999999999999,142.2,-365.59,17.34870924083515,0.1052560745742198,0.0,0.0,40.895,510.985,568.8800000000001,32.25000000000006,25.645000000000003,57.89500000000006,1043.131
2026-01-21 20:00:00,1732.398,0.0,429.399,0.0,225.809,132.621,0.0,0.0,500.432,5250.448,145.32,500.432,0.0953122476405822,4750.0160000000005,3020.659,True,True,True,2,1078.545,690.1885,627.2805000000001,4.241,0.0,4.8055,441.693,3718.97,5192.835,552.37,518.51,32.42,6.779999999999999,130.48,529.98,513.175,9.986987938114556,0.1305667847695188,4768.032999999999,6271.38,1242.5585,1145.7905,36.661,6.779999999999999,130.48,-407.59,18.271834925366427,0.1081135583764661,0.0,0.0,42.075,525.29,584.79,33.860000000000014,25.64,59.500000000000014,1043.155
2026-01-21 20:30:00,1658.534,0.0,405.92,0.0,222.879,130.218,0.0,0.0,524.059,5135.927,145.32,524.059,0.1020378599617946,4611.868,2941.6100000000006,True,True,True,2,1019.6255,714.5575,551.33,4.241,0.0,-2.508,441.703,3639.955,5072.85,557.175,528.0899999999999,32.44,6.734999999999999,121.39,529.975,513.213,10.41093423252838,0.1327714712127271,4597.071,6092.4755000000005,1271.7325,1079.42,36.681,6.734999999999999,121.39,-367.345,17.716479312026635,0.1105528256752936,0.0,0.0,42.1,534.8249999999999,589.615,29.08500000000004,25.705,54.79000000000004,1043.188
2026-01-21 21:00:00,1714.125,0.0,405.92,0.0,92.277,99.34,0.0,0.0,560.389,5025.0,119.565,560.389,0.1115201990049751,4464.611,2872.0510000000004,True,True,True,2,971.4125,695.4255,511.7115,4.241,0.0,-2.5155000000000003,441.691,3487.365,4926.96,618.2049999999999,587.2149999999999,32.43,6.755,92.68,529.975,513.1705,11.92569208620653,0.1371159652515355,4403.7155,5898.3725,1313.6305,1098.9265,36.671,6.755,92.68,-375.155,18.63762266378607,0.1145365683624852,0.0,0.0,43.8,593.9699999999999,650.6349999999999,30.99000000000001,25.675,56.665000000000006,1043.1455
2026-01-21 21:30:00,1621.722,0.0,343.192,0.0,0.0,92.513,0.0,0.0,647.687,4820.332,119.565,647.687,0.1343656412047967,4172.645,2705.114,True,True,True,2,913.3545,670.2595,461.5255,4.241,0.0,-2.627,441.6865,3297.99,4741.674999999999,743.97,708.24,32.39,6.720000000000001,91.885,529.97,513.1845000000001,14.94255949978675,0.1417311945450825,4164.0615,5655.0295,1414.2295,1169.7655,36.631,6.720000000000001,91.885,-382.955,20.69071691105266,0.1188423317627019,0.0,0.0,46.84,714.96,776.36,35.73000000000002,25.67,61.40000000000002,1043.1545
2026-01-21 22:00:00,1605.49,0.0,255.622,0.0,0.0,91.695,0.0,0.0,793.805,4646.734,102.115,793.805,0.1708307383207215,3852.929000000001,2746.612,True,True,True,2,850.36,646.9125,389.7655,4.241,0.0,-2.846,441.741,3097.355,4539.1,836.545,806.615,32.44,6.73,92.48,529.97,513.2145,17.77858473036006,0.1482816068788899,3899.3015,5389.46,1483.4575,1196.3805,36.681,6.73,92.48,-381.165,22.203301295505952,0.124888404153565,0.0,0.0,49.615,813.345,868.9849999999999,29.92999999999995,25.71,55.63999999999994,1043.1845
2026-01-21 22:30:00,1450.992,0.0,276.755,0.0,0.0,92.208,0.0,0.0,868.09,4426.814,102.115,868.09,0.1960981419142525,3558.724,2688.045,True,True,True,2,787.314,627.0875000000001,336.599,4.241,0.0,-2.8575,441.701,2928.86,4327.065,919.835,878.48,32.435,6.705,91.945,529.945,513.1695,20.3041217482263,0.1549693762011175,3667.599,5114.378999999999,1546.9225,1215.0790000000002,36.676,6.705,91.945,-380.52,23.758749416563557,0.1311176304005231,0.0,0.0,52.175,885.1850000000001,952.27,41.35500000000002,25.730000000000004,67.08500000000002,1043.1145
2026-01-21 23:00:00,1375.734,0.0,245.212,34.64,0.0,91.653,0.0,0.0,870.418,4243.628,97.15,870.418,0.205111758146567,3373.21,2617.657,True,True,True,2,729.046,586.092,278.1935,4.241,0.0,-25.2725,441.693,3110.8500000000004,4339.88,858.23,838.205,32.435,6.7,92.76,529.98,513.1745000000001,19.311985043962014,0.1543832454033215,3812.852,5068.926,1444.322,1116.3985,36.676,6.7,92.76,-380.615,22.021350862353373,0.1321804070661965,0.0,0.0,48.870000000000005,844.9050000000001,890.665,20.024999999999977,25.735000000000003,45.75999999999998,1043.1545
2026-01-21 23:30:00,1467.058,0.0,381.772,41.339,0.0,92.507,0.0,0.0,808.84,4292.012,97.15,808.84,0.1884524088003482,3483.172,2791.516,True,True,True,2,683.6575,506.758,202.529,4.241,0.0,-23.129,441.639,3073.46,4210.860000000001,820.75,795.7,32.405,6.715,92.005,529.98,513.192,18.897847150919038,0.1594782631720116,3685.5125,4894.5175,1327.508,998.229,36.646,6.715,92.005,-338.55,20.394930931709407,0.1372048767960194,0.0,0.0,47.745000000000005,802.4150000000001,853.155,25.049999999999955,25.69,50.73999999999995,1043.172
2026-01-22 00:00:00,1309.045,0.0,376.053,41.27,0.0,91.71,0.0,0.0,781.789,4130.832,95.895,781.789,0.1892570310291001,3349.0430000000006,2599.867,True,True,True,2,647.8755000000001,453.6915,213.559,4.241,0.0,-10.5045,380.274,2965.54,4104.13,788.02,767.89,32.459999999999994,6.720000000000001,92.305,529.98,513.175,18.71002486085289,0.1637429176298935,3598.887,4752.0055,1241.7115,981.449,36.70099999999999,6.720000000000001,92.305,-345.20500000000004,20.656727928913156,0.1414201835677549,0.0,0.0,47.56,774.61,820.48,20.129999999999995,25.739999999999995,45.86999999999999,1043.155
2026-01-22 00:30:00,1297.638,0.0,374.712,41.339,0.0,92.446,0.0,0.0,737.159,4041.996,95.895,737.159,0.1823749949282483,3304.837,2543.294,True,True,True,2,624.5915,455.7955,254.66,4.241,0.0,-22.481,348.487,2798.875,3981.565,739.76,715.0350000000001,32.4,6.7,92.29,529.985,513.1955,17.95780876949264,0.1682832904858781,3477.6115,4606.156499999999,1195.5555,969.695,36.641,6.7,92.29,-369.57,21.05045200688985,0.1454640599422302,0.0,0.0,48.195,721.7350000000001,772.16,24.72499999999991,25.7,50.42499999999991,1043.1805
2026-01-22 01:00:00,1282.606,0.0,336.803,41.061,0.0,91.698,0.0,0.0,701.103,3943.283,98.21,701.103,0.1777967749207956,3242.18,2453.271,True,True,True,2,650.8330000000001,423.7865000000001,242.6085,4.241,0.0,-0.8505000000000003,348.488,2747.505,3907.2,681.135,657.0899999999999,32.385,3.355,92.22,529.98,513.207,16.812749903023512,0.0852104609492267,3420.072,4558.032999999999,1104.9215,899.6985,36.626,3.355,92.22,-358.735,19.736096910851465,0.0732012510759274,0.0,0.0,47.245000000000005,660.4449999999999,713.52,24.045000000000076,29.03,53.07500000000008,1043.187
2026-01-22 01:30:00,1309.529,0.0,330.101,41.412,0.0,91.959,0.0,0.0,605.562,3852.819,98.21,605.562,0.1571737473263083,3247.257,2378.563,True,True,True,2,644.823,421.321,247.9375,4.241,0.0,2.5215,348.5,2663.1000000000004,3822.89,625.29,598.835,32.375,0.0,91.855,529.975,513.2280000000001,15.664187869337882,0.0,3340.6310000000003,4467.713,1046.611,846.7725,36.616,0.0,91.855,-373.51,18.953157474690435,0.0,0.0,0.0,46.875,598.835,657.665,26.454999999999927,32.375,58.82999999999993,1043.203
2026-01-22 02:00:00,1163.03,0.0,417.648,41.412,0.0,92.26,0.0,0.0,591.307,3805.665,99.105,591.307,0.1553754731433271,3214.358,2305.657,True,True,True,2,639.6095,438.833,236.597,4.241,0.0,-2.9945,348.505,2768.32,3892.455,593.08,575.175,32.345,0.0,92.605,529.985,513.242,14.776066634874756,0.0,3453.2195,4532.0645,1031.913,811.7719999999999,36.586,0.0,92.605,-379.755,17.91096205095569,0.0,0.0,0.0,45.05,575.175,625.4250000000001,17.905000000000086,32.345,50.250000000000085,1043.227
2026-01-22 02:30:00,1291.325,0.0,429.064,41.202,0.0,92.33,0.0,0.0,565.038,3873.275,99.105,565.038,0.1458811987271753,3308.237,2418.959,True,True,True,2,630.568,424.7415,230.9435,4.241,0.0,-5.4595,348.5045,2770.255,3848.29,589.62,568.78,32.325,0.0,99.195,529.985,513.095,14.779732612435268,0.0,3443.5345,4478.858,1014.3615,799.7235,36.566,0.0,99.195,-374.65,17.85533977223511,0.0,0.0,0.0,44.89,568.78,621.945,20.840000000000032,32.325,53.16500000000004,1043.08
2026-01-22 03:00:00,1276.549,0.0,431.409,41.412,0.0,104.335,0.0,0.0,532.01,3817.527,99.385,532.01,0.1393598525956725,3285.517,2385.715,True,True,True,2,623.6145,410.0085,221.891,4.241,0.0,-15.5285,348.5105,2761.89,3818.86,517.2850000000001,499.4,32.355000000000004,0.0,112.89,529.985,513.1479999999999,13.076564297220605,0.0,3442.682,4442.4745,927.2935,721.291,36.596,0.0,112.89,-379.23,16.23485114667761,0.0,0.0,0.0,43.275000000000006,499.4,549.6400000000001,17.885000000000105,32.355000000000004,50.24000000000011,1043.1329999999998
2026-01-22 03:30:00,1304.492,0.0,427.053,41.339,0.0,115.962,0.0,0.0,498.815,3799.291,99.385,498.815,0.1312916015119663,3300.476,2387.661,True,True,True,2,619.0295000000001,386.6535,200.5525,4.241,0.0,1.383,348.494,2723.835,3775.135,527.5699999999999,507.26,32.39,0.0,125.445,529.975,513.2049999999999,13.436304586428571,0.0,3376.4115,4394.1645,914.2235,707.8125,36.631,0.0,125.445,-373.15,16.107604256184054,0.0,0.0,0.0,43.59,507.26,559.9599999999999,20.309999999999945,32.39,52.699999999999946,1043.1799999999998
2026-01-22 04:00:00,1252.032,0.0,427.723,41.412,0.0,127.618,0.0,0.0,486.948,3750.035,98.21,486.948,0.1298515880518448,3263.087,2335.733,True,True,True,2,620.3435,379.044,200.0895,4.241,0.0,-2.973,348.5055,2648.485,3727.92,473.825,454.45,32.395,0.0,136.675,529.975,513.1565,12.189822964416718,0.0,3305.8065,4348.2635,852.869,654.5395000000001,36.636,0.0,136.675,-371.41,15.052490677507446,0.0,0.0,0.0,43.095000000000006,454.45,506.22,19.375,32.395,51.77,1043.1315
2026-01-22 04:30:00,1261.107,0.0,431.074,41.412,0.0,137.659,0.0,0.0,459.239,3715.824,98.21,459.239,0.1235900839221663,3256.585,2330.491,True,True,True,2,619.787,379.3505,197.9475,4.241,0.0,-2.9685,348.48749999999995,2683.815,3715.515,476.085,455.12,32.405,0.0,143.875,499.67,513.1185,12.24928715531288,0.0,3344.508,4335.302,855.4355,653.0675000000001,36.646,0.0,143.875,-375.62,15.064120062502134,0.0,0.0,0.0,42.39,455.12,508.49,20.965000000000032,32.405,53.37000000000003,1012.7885
2026-01-22 05:00:00,1365.65,0.0,406.925,41.339,0.0,144.535,0.0,0.0,452.807,3716.568,97.01,452.807,0.1218347141771656,3263.7610000000004,2411.2560000000003,True,True,True,2,641.346,433.4815,218.5945,4.241,0.0,-3.7615,348.488,2752.11,3760.0,484.5700000000001,463.27,32.41,0.0,144.7,373.66,513.2935,12.320160881447933,0.0,3427.7200000000003,4401.346,918.0515,681.8644999999999,36.651,0.0,144.7,-368.97,15.491280344920666,0.0,0.0,0.0,40.835,463.27,516.98,21.300000000000068,32.41,53.71000000000007,886.9535
2026-01-22 05:30:00,1364.82,0.0,372.367,41.202,0.0,144.032,0.0,0.0,468.391,3775.904,97.01,468.391,0.1240473804418756,3307.513,2390.812,True,True,True,2,674.3695,434.229,235.7815,4.241,0.0,-2.8495,348.458,2665.985,3825.56,517.185,491.605,32.43,0.0,144.305,382.17,512.076,12.849353443884098,0.0,3369.2175,4499.9295,951.414,727.3865000000001,36.671,0.0,144.305,-364.68,16.161021443377425,0.0,0.0,0.0,42.4,491.605,549.6149999999999,25.579999999999927,32.43,58.00999999999993,894.2460000000001
2026-01-22 06:00:00,1348.965,0.0,224.749,41.339,0.0,144.605,0.0,0.0,491.573,3899.608,116.715,491.573,0.1260570293219216,3408.0350000000003,2251.231,True,True,True,2,761.3520000000001,428.832,361.4305,4.241,0.0,-5.0885,293.423,2956.205,4031.3,514.88,490.87,32.435,0.0,142.82999999999998,263.21000000000004,424.66,12.178952825276388,0.0,3807.125,4792.652,943.712,852.3005,36.676,0.0,142.82999999999998,-368.065,17.77492684411394,0.0,0.0,0.0,38.165,490.87,547.315,24.00999999999999,32.435,56.44499999999999,687.87
2026-01-22 06:30:00,1566.919,0.0,276.42,41.339,0.0,142.372,0.0,0.0,482.197,4112.378,116.715,482.197,0.1172550285990247,3630.181,2509.2470000000003,True,True,True,2,848.7785,402.1935,393.0750000000001,4.241,0.0,-2.859,292.70050000000003,3148.83,4250.185,518.845,488.855,32.445,0.0,143.96,344.34,368.8415,11.503279568783425,0.0,4093.7755,5098.9635,921.0385,881.9300000000001,36.686,0.0,143.96,-373.315,17.299483016121076,0.0,0.0,0.0,36.755,488.855,551.2900000000001,29.99000000000001,32.445,62.43500000000001,713.1814999999999
2026-01-22 07:00:00,1558.963,0.0,272.734,41.339,0.0,144.818,0.0,0.0,492.869,4401.36,170.715,492.869,0.1119810694876129,3908.491,2510.723,True,True,True,2,977.238,366.8835,359.1925,4.241,0.0,-2.5275,422.8495,3282.59,4644.755,531.3,506.505,32.445,0.01,143.64499999999998,489.18,493.7055,10.905964609872218,0.0002198154868803,4213.691000000001,5621.993,898.1834999999999,865.6975,36.686,0.01,143.64499999999998,-361.955,15.412636461497852,0.0001819641501509,0.0,0.0,40.0,506.515,563.745,24.79499999999996,32.435,57.22999999999996,982.8855
2026-01-22 07:30:00,1619.212,0.0,367.676,41.339,0.0,143.462,0.0,0.0,517.578,4793.49,170.715,517.578,0.1079751913532728,4275.912,2689.267,True,True,True,2,1077.9785,307.147,301.6335,4.241,0.0,-2.459,441.94,3487.425,4908.785,572.9100000000001,547.225,32.415,0.265,143.685,529.98,513.236,11.146450509220209,0.0053701482728661,4498.5380000000005,5986.763499999999,880.057,848.8585,36.656,0.265,143.685,-358.505,14.180110282876186,0.0043993697114282,0.0,0.0,38.67,547.49,605.325,25.68500000000006,32.15,57.83500000000006,1043.216
2026-01-22 08:00:00,1630.391,0.0,404.245,41.27,0.0,146.047,0.0,0.0,544.462,4948.031,195.735,544.462,0.1100360931449297,4403.569,2766.415,True,True,True,2,1134.018,265.206,255.8345,4.2505,0.0,-2.1005000000000003,441.894,3603.89,4991.41,590.15,557.885,32.505,0.205,147.735,529.98,513.241,11.177318262514108,0.0041134262231925,4638.082,6125.428,855.356,813.7195,36.7555,0.205,147.735,-324.47,13.28526192245158,0.0033541953375375,0.0,0.0,37.275000000000006,558.09,622.655,32.264999999999986,32.300000000000004,64.565,1043.221
2026-01-22 08:30:00,1701.893,0.0,352.574,41.202,0.0,148.875,0.0,0.0,545.148,5004.298,195.735,545.148,0.1089359586499445,4459.15,2789.692,True,True,True,2,1151.6775,207.3235,202.777,4.4335,0.1725,-2.3425,441.819,3653.275,5015.860000000001,602.5899999999999,558.4549999999999,37.28,4.825,147.925,529.985,513.185,11.133440797336675,0.0960914891147116,4679.77,6167.5375,809.9135,761.232,41.7135,4.9975000000000005,147.925,-300.055,12.342451433156953,0.0809233692025724,0.0,0.0,36.17,563.28,639.8699999999999,44.13499999999999,32.455,76.58999999999999,1043.17
2026-01-22 09:00:00,1763.543,0.0,360.616,41.339,0.0,153.92,0.0,0.0,563.942,5054.802,191.32,563.942,0.1115655964368139,4490.86,2883.36,True,True,True,2,1181.866,202.2615,197.0755,5.0185,1.2745000000000002,-2.3445,441.816,3746.585,5092.535,587.415,565.47,50.395,18.76,163.495,529.985,513.2225,11.104048714978212,0.3681966151293932,4786.5875,6274.401,789.6765,762.5455,55.4135,20.0345,163.495,-282.395,12.153315304354992,0.319120228365609,0.0,0.0,35.754999999999995,584.23,637.81,21.944999999999936,31.635,53.579999999999934,1043.2075
2026-01-22 09:30:00,1787.468,0.0,275.75,41.202,0.0,164.785,0.0,0.0,560.279,5107.198,191.32,560.279,0.1097037945268618,4546.919,2829.484,True,True,True,2,1187.529,207.926,202.486,6.4085,3.143,-1.9775,441.8215,3761.21,5104.115,596.4300000000001,572.925,76.575,45.650000000000006,164.025,529.98,513.2090000000001,11.224696125856369,0.894583187236251,4803.3195,6291.644,804.356,775.4110000000001,82.98349999999999,48.793000000000006,164.025,-279.855,12.324408655902626,0.7757234053073335,0.0,0.0,36.46,618.5749999999999,673.0050000000001,23.50500000000011,30.925,54.430000000000106,1043.189
2026-01-22 10:00:00,1766.488,0.0,242.866,41.339,0.0,163.268,0.0,0.0,565.319,5090.111,184.99,565.319,0.1110622145568141,4524.792,2779.28,True,True,True,2,1183.1745,230.973,225.2315,7.725,5.2515,-1.9365,441.8275,3730.965,5076.685,617.885,585.02,108.515,77.66,163.83499999999998,529.97,513.221,11.523848746908962,1.529748271278317,4794.1135,6259.8595,848.858,810.2515000000001,116.23999999999998,82.9115,163.83499999999998,-306.675,12.943774885864698,1.3245112453043508,0.0,0.0,37.77,662.68,726.4,32.86500000000001,30.85499999999999,63.72,1043.191
2026-01-22 10:30:00,1767.63,0.0,259.978,41.339,0.0,164.911,0.0,0.0,592.193,5076.175,184.99,592.193,0.1166612656183051,4483.982,2826.0510000000004,True,True,True,2,1186.775,222.198,219.6985,8.465,6.19,-2.776,441.8325,3744.79,5069.555,574.79,558.1949999999999,113.705,83.935,164.87,529.985,513.206,11.01045544708564,1.6557820371990633,4797.994000000001,6256.33,796.988,777.8935,122.17,90.125,164.87,-292.415,12.43363699124409,1.440565443373008,0.0,0.0,37.370000000000005,642.1299999999999,688.495,16.595000000000027,29.77,46.36500000000002,1043.191
2026-01-22 11:00:00,1779.12,0.0,306.622,41.339,0.0,164.693,0.0,0.0,531.224,5059.331,178.0,531.224,0.1049988624978282,4528.107,2822.9980000000005,True,True,True,2,1191.1925,209.79700000000005,209.4055,8.716999999999999,8.088999999999999,-8.128499999999999,441.8105,3851.77,5061.105,589.64,567.22,142.15,111.86,164.79500000000002,529.985,513.1915,11.207823855498308,2.210361285328087,4801.316000000001,6252.297500000001,799.437,776.6255,150.86700000000002,119.949,164.79500000000002,-177.325,12.421600514387016,1.9185988795104545,0.0,0.0,37.99,679.08,731.79,22.41999999999996,30.290000000000006,52.709999999999965,1043.1765
2026-01-22 11:30:00,1735.866,0.0,352.239,41.27,0.0,164.91,0.0,0.0,598.417,5047.806,178.0,598.417,0.1185499205001143,4449.388999999999,2892.702,True,True,True,2,1187.189,206.9135,207.0175,9.6725,8.8845,-16.243,441.7655,3799.48,5024.335,565.265,545.79,135.945,105.535,164.925,529.97,513.207,10.861768738110031,2.1006093865568136,4744.0035,6211.523999999999,772.1785,752.8075,145.6175,114.4195,164.925,-167.59,12.118765381739395,1.842111130095904,0.0,0.0,37.78,651.3249999999999,701.21,19.475000000000023,30.41,49.88500000000002,1043.177
2026-01-22 12:00:00,1705.193,0.0,352.909,41.339,0.0,165.092,0.0,0.0,511.135,5011.609,175.0,511.135,0.1019901991556005,4500.474,2775.668,True,True,True,2,1195.6715,244.345,244.6515,7.355,6.0995,-3.156,441.774,3749.945,5023.93,494.765,477.19,157.905,126.94,164.595,529.98,513.2439999999999,9.498781653145794,2.526663614085777,4733.619000000001,6219.6015,739.11,721.8415,165.26,133.0395,164.595,-212.465,11.60616994628436,2.1389975150505744,0.0,0.0,37.765,604.13,652.67,17.57499999999999,30.965000000000003,48.53999999999999,1043.224
2026-01-22 12:30:00,1671.667,0.0,364.995,41.339,0.0,164.396,0.0,0.0,461.06,5014.625,175.0,461.06,0.0919430665303985,4553.565,2703.457,True,True,True,2,1194.472,259.076,255.383,6.9335,5.069,5.5615,441.773,3720.16,5011.705,448.61,430.695,161.74,131.23,161.69,529.98,513.2085,8.593830323100619,2.618369640041554,4710.5275,6206.177,707.6859999999999,686.078,168.6735,136.29899999999998,161.69,-228.595,11.054769051252965,2.1961087927855982,0.0,0.0,37.485,561.925,610.35,17.91500000000002,30.51000000000002,48.42500000000004,1043.1885
2026-01-22 13:00:00,1675.93,0.0,375.718,41.27,0.0,145.27,0.0,0.0,422.061,5036.745,173.54,422.061,0.0837963804004371,4614.684,2660.2490000000003,True,True,True,2,1181.445,275.267,274.818,7.414,5.586,-2.103,441.777,3692.4,5008.610000000001,432.195,410.16,167.605,151.72,145.375,529.985,513.217,8.188914762925506,3.0298867736100377,4701.6685,6190.055,707.462,684.978,175.019,157.30599999999998,145.375,-252.7,11.065931240710375,2.541899986561006,0.0,0.0,37.85,561.88,599.8,22.035000000000025,15.884999999999993,37.920000000000016,1043.202
2026-01-22 13:30:00,1606.088,0.0,454.218,41.202,0.0,145.214,0.0,0.0,396.812,4935.44,173.54,396.812,0.0804005316648566,4538.628,2643.534,True,True,True,2,1165.3455,279.454,281.613,6.939,6.1535,-2.348,441.753,3599.04,4945.879999999999,432.235,412.26,114.1,115.255,145.275,529.975,513.2035000000001,8.33540811555274,2.33033251952508,4622.102,6111.2255,711.6890000000001,693.873,121.039,121.4085,145.275,-283.12,11.354088599599253,1.9866394836694516,0.0,0.0,38.035,527.515,546.335,19.975000000000023,0.0,19.975000000000023,1043.1785
2026-01-22 14:00:00,1615.046,0.0,445.84,41.27,0.0,145.076,0.0,0.0,410.247,4953.032,181.85,410.247,0.0828274479147318,4542.785,2657.479,True,True,True,2,1162.1705,308.5855,310.333,6.4655000000000005,5.458500000000001,-2.356,441.3175,3587.34,4971.530000000001,417.55,398.34,100.945,102.22,145.41,529.98,513.2015,8.012691983526045,2.056052151301204,4644.053,6133.700500000001,726.1355,708.673,107.4105,107.6785,145.41,-320.565,11.553738645737202,1.7554979359670493,0.0,0.0,37.940000000000005,500.56000000000006,518.495,19.20999999999998,0.0,19.20999999999998,1043.1815
2026-01-22 14:30:00,1619.122,0.0,444.835,41.339,0.0,146.401,0.0,0.0,363.709,4972.527,181.85,363.709,0.0731436953484616,4608.818,2615.406,True,True,True,2,1151.7669999999998,333.494,334.4085,5.803,3.6365,-2.3265,441.174,3573.69,4980.755,370.155,349.65,82.595,81.6,145.55,529.98,513.2185,7.020572730642238,1.638752028443447,4643.206,6132.522,703.649,684.0585,88.398,85.2365,145.55,-344.115,11.15487874251326,1.3901863499338598,0.0,0.0,36.915000000000006,431.25,452.75,20.504999999999995,0.9950000000000044,21.5,1043.1985
2026-01-22 15:00:00,1677.504,0.0,444.835,41.27,0.0,144.348,0.0,0.0,299.489,5012.827,192.44,299.489,0.0597445313791997,4713.338000000001,2607.446,True,True,True,2,1158.8674999999998,325.754,326.1335,4.0005,1.361,-2.3310000000000004,441.289,3640.76,5046.945,313.85,292.675,78.33500000000001,77.7,162.68,529.98,513.2025,5.798656928050564,1.5397750167214683,4718.107,6205.8125,639.604,618.8085,82.3355,79.061,162.68,-343.44,9.970989416430974,1.274197170264471,0.0,0.0,35.004999999999995,370.375,392.18500000000006,21.17500000000001,0.6350000000000051,21.810000000000016,1043.1825
2026-01-22 15:30:00,1684.022,0.0,445.84,41.48,10.326,164.143,0.0,0.0,317.741,5076.351,192.44,317.741,0.062592401510455,4758.61,2663.552,True,True,True,2,1180.5855,320.6665,326.0235,3.848,1.0475,-2.3185,441.309,3687.215,5102.325000000001,290.915,268.23,49.145,48.66,164.14999999999998,529.975,513.1895,5.258365873130026,0.9541003995800812,4793.024,6282.9105,611.5815,594.2535,52.993,49.7075,164.14999999999998,-350.975,9.459609565603914,0.7915506102798817,0.0,0.0,33.93,316.89,340.05999999999995,22.684999999999945,0.4849999999999994,23.169999999999945,1043.1645
2026-01-22 16:00:00,1696.696,0.0,430.404,41.339,86.354,163.217,0.0,0.0,235.603,5146.558,194.6,235.603,0.045778751546179,4910.955,2653.613,True,True,True,2,1220.2185,342.8095,349.6385,3.2935,0.2264999999999999,-2.3205,441.3455,3803.98,5208.31,234.705,212.235,31.27,29.68,165.445,529.97,513.184,4.076353151060245,0.5705467336511638,4938.6805,6428.5285,577.5145,561.8734999999999,34.563500000000005,29.9065,165.445,-339.755,8.741241684815657,0.465921934122724,0.0,0.0,34.325,241.915,265.975,22.46999999999997,1.59,24.05999999999997,1043.154
2026-01-22 16:30:00,1728.684,0.0,439.474,41.27,180.985,165.825,0.0,0.0,191.931,5260.229,194.6,191.931,0.0364871947590114,5068.298000000001,2748.169,True,True,True,2,1283.33,354.1535,363.1135,3.111,0.0,-0.5675,441.342,3920.46,5322.485,191.755,167.05,9.225,8.93,165.73000000000002,529.985,513.1904999999999,3.1399721919563666,0.1682675719778553,5115.926,6605.815,545.9085,530.1634999999999,12.336,8.93,165.73000000000002,-337.9,8.028237842167545,0.1356755268755245,0.0,0.0,33.775,175.98000000000002,200.98,24.704999999999984,0.2949999999999999,24.999999999999982,1043.1754999999998
2026-01-22 17:00:00,1705.87,0.0,434.09,41.339,234.666,165.538,0.0,0.0,144.295,5400.929,225.0,144.295,0.0267167000343829,5256.634,2725.798,True,True,True,2,1327.4725,354.74249999999995,362.057,3.0,0.0,24.761,441.293,4063.455,5493.365,167.95,142.54500000000002,0.69,0.0,165.59,529.98,513.2445,2.595888396790337,0.0,5305.599,6820.8375,522.6925,504.602,3.69,0.0,165.59,-365.025,7.397964699997678,0.0,0.0,0.0,33.504999999999995,142.54500000000002,168.64,25.404999999999973,0.69,26.09499999999997,1043.2245
2026-01-22 17:30:00,1754.97,0.0,402.234,41.621,292.391,164.636,0.0,0.0,127.283,5585.158,225.0,127.283,0.0227895074767804,5457.875,2783.135,True,True,True,2,1316.9745,384.7105,386.2405,3.0,0.0,53.0645,441.288,4129.085,5599.014999999999,144.125,118.82,0.655,0.0,164.965,529.98,513.3005,2.1221780361668574,0.0,5371.163500000001,6915.9895,528.8355,505.0605,3.655,0.0,164.965,-404.365,7.3027544174682575,0.0,0.0,0.0,34.345000000000006,118.82,144.78,25.305000000000007,0.655,25.960000000000008,1043.2805
2026-01-22 18:00:00,1767.21,0.0,405.92,41.339,291.438,165.413,0.0,0.0,115.503,5591.131,225.5,115.503,0.0206582532228273,5475.628000000001,2786.8230000000003,True,True,True,2,1270.393,404.732,404.857,3.0,0.0,50.694500000000005,441.241,4106.52,5566.9,145.675,118.12,0.635,0.08,165.72,529.985,513.237,2.121893541699651,0.0014373540556423,5295.7125,6837.293,550.407,522.9770000000001,3.635,0.08,165.72,-395.155,7.649147913681658,0.0011704827880005,0.0,0.0,32.28,118.2,146.31,27.555000000000007,0.555,28.110000000000007,1043.222
2026-01-22 18:30:00,1817.591,0.0,349.223,41.061,289.828,165.772,0.0,0.0,119.347,5539.469,225.5,119.347,0.021544844821769,5420.122,2782.822,True,True,True,2,1224.298,414.6915,418.987,3.0,0.0,-1.5975,441.23,4046.565,5504.674999999999,158.925,131.64499999999998,0.69,0.09,165.26,529.96,513.2170000000001,2.391852785745072,0.0016356360368947,5241.280500000001,6728.973,573.6165000000001,550.6320000000001,3.69,0.09,165.26,-395.05,8.183606500606201,0.0013381909069242,0.0,0.0,30.820000000000004,131.735,159.615,27.28000000000003,0.6,27.88000000000003,1043.177
2026-01-22 19:00:00,1804.007,0.0,335.797,41.339,292.758,165.553,0.0,0.0,131.382,5462.358,200.12,131.382,0.0240522499623788,5330.976000000001,2770.836,True,True,True,2,1179.544,427.7315,430.3985,3.0,0.0,-2.5275,441.245,3993.07,5438.049999999999,143.05,113.205,0.655,0.11,165.555,529.91,513.193,2.0812047470241333,0.0020228064106075,5132.503500000001,6617.593999999999,570.7815,543.6034999999999,3.655,0.11,165.555,-384.39,8.214258550409431,0.0016622647541891,0.0,0.0,30.515000000000004,113.315,143.705,29.845000000000013,0.545,30.39000000000001,1043.103
2026-01-22 19:30:00,1858.278,0.0,310.308,41.339,291.514,165.685,0.0,0.0,102.703,5401.487,200.12,102.703,0.0190138382263995,5298.784,2769.827,True,True,True,2,1135.888,465.654,442.185,3.0,0.0,-2.4850000000000003,441.239,3905.865,5358.525,137.51,104.94,0.7050000000000001,0.125,164.865,529.925,513.192,1.9580204648808064,0.0023313097949203,5009.616,6494.4130000000005,603.164,547.125,3.705,0.125,164.865,-393.145,8.425217789782039,0.001923359575837,0.0,0.0,31.055,105.065,138.215,32.56999999999999,0.5800000000000001,33.14999999999999,1043.117
2026-01-22 20:00:00,1809.837,0.0,350.564,41.48,288.142,154.86,0.0,0.0,90.265,5292.95,173.34,90.265,0.0170538168696095,5202.685,2735.148,True,True,True,2,1082.3114999999998,497.8085,462.48,3.0,0.0,-2.4995000000000003,441.1995,3796.37,5247.235,128.3,97.705,0.6699999999999999,0.055,150.08,529.89,513.199,1.862196527609123,0.0010476845196996,4842.2195,6329.5465,626.1085,560.185,3.67,0.055,150.08,-391.31500000000005,8.851319095015635,0.0008684558654897,0.0,0.0,31.885,97.76,128.97,30.595000000000013,0.6149999999999999,31.21000000000001,1043.089
2026-01-22 20:30:00,1792.772,0.0,356.93,41.339,200.975,149.648,0.0,0.0,107.536,5204.796,173.34,107.536,0.0206609442521858,5097.26,2649.2000000000003,True,True,True,2,1034.55,498.901,463.1815,3.0,0.0,-2.398,441.2895,3682.16,5131.344999999999,148.0,118.735,0.685,0.12,149.91,529.98,513.137,2.3144744250259213,0.0023400863390827,4677.427,6165.895,646.901,581.9165,3.685,0.12,149.91,-389.615,9.439549074981716,0.0019476217501231,0.0,0.0,33.355000000000004,118.855,148.685,29.265,0.5650000000000001,29.83,1043.117
2026-01-22 21:00:00,1776.085,0.0,427.388,41.339,0.0,150.254,0.0,0.0,126.151,5069.148,145.955,126.151,0.0248860360754903,4942.997,2521.217,True,True,True,2,978.746,561.432,457.058,3.0,0.0,-2.3935,441.3095,3551.205,4991.98,168.57,141.55,0.685,0.055,146.0,529.975,513.2255,2.837636582294273,0.001093054730244,4481.45,5970.726000000001,730.0020000000001,598.608,3.685,0.055,146.0,-380.455,10.031790301941758,0.0009129486831545,0.0,0.0,34.525,141.60500000000002,169.255,27.019999999999985,0.63,27.64999999999998,1043.2005
2026-01-22 21:30:00,1710.799,0.0,428.393,41.412,0.0,145.706,0.0,0.0,158.13,4903.69,145.955,158.13,0.0322471444973071,4745.56,2484.44,True,True,True,2,912.805,596.4815000000001,444.024,3.0,0.0,-2.3985000000000003,441.26,3393.59,4825.610000000001,191.56,167.065,0.67,0.0,145.83499999999998,529.95,513.248,3.46322664972036,0.0,4250.48,5738.415,788.0415,611.089,3.67,0.0,145.83499999999998,-372.995,10.645318458822263,0.0,0.0,0.0,36.12499999999999,167.065,192.23,24.495000000000005,0.67,25.165000000000006,1043.198
2026-01-22 22:00:00,1676.094,0.0,432.079,41.339,0.0,145.402,0.0,0.0,182.286,4717.95,115.55,182.286,0.0386366960226369,4535.664,2477.2000000000003,True,True,True,2,836.9895,626.8905,369.6505,3.0,0.0,-2.4045,441.254,3192.17,4622.23,232.935,208.51,0.685,0.0,145.755,529.99,513.184,4.515128563890737,0.0,3970.503,5459.2195,859.8254999999999,578.1605,3.685,0.0,145.755,-370.935,10.59140988724449,0.0,0.0,0.0,37.39,208.51,233.62,24.42500000000001,0.685,25.11000000000001,1043.174
2026-01-22 22:30:00,1624.685,0.0,418.676,41.339,0.0,145.936,0.0,0.0,237.776,4524.155,115.55,237.776,0.0525569968314525,4286.379,2468.412,True,True,True,2,767.2195,636.6885,307.856,3.0,0.0,-2.3895,441.276,3012.28,4442.700000000001,319.67,290.98,0.69,0.0,145.8,529.975,513.1935,6.555948898264361,0.0,3721.5245,5209.9195,956.3585,598.836,3.69,0.0,145.8,-371.485,11.499028389301651,0.0,0.0,0.0,39.605,290.98,320.36,28.68999999999994,0.69,29.379999999999946,1043.1685
2026-01-22 23:00:00,1523.986,0.0,358.941,41.339,0.0,145.059,0.0,0.0,323.304,4366.663,132.0,323.304,0.074039146139741,4043.359,2392.6290000000004,True,True,True,2,700.115,662.7339999999999,286.993,3.0,0.0,-5.904,393.343,3054.755,4454.01,402.25,373.025,0.685,0.0,145.905,506.695,513.219,8.377693606353287,0.0,3743.4755,5154.125,1064.984,660.018,3.685,0.0,145.905,-366.75,12.810380130724788,0.0,0.0,0.0,39.835,373.025,402.935,29.225000000000023,0.685,29.91000000000002,1019.914
2026-01-22 23:30:00,1579.612,0.0,374.042,41.202,0.0,145.626,0.0,0.0,431.327,4388.688,132.0,431.327,0.0982815365321025,3957.361,2571.809,True,True,True,2,651.0445,690.217,331.911,3.0,0.0,-2.623,297.4045,3067.945,4325.594999999999,472.335,444.585,0.685,0.0,146.07,438.34,513.204,10.27949134924964,0.0,3808.093,4976.6395,1162.552,776.4960000000001,3.685,0.0,146.07,-374.94,15.601375369725364,0.0,0.0,0.0,39.755,444.585,473.02,27.75,0.685,28.435,951.544
2026-01-23 00:00:00,1658.714,0.0,416.643,41.27,0.0,146.505,0.0,0.0,453.634,4256.592,108.59,453.634,0.1065721121498137,3802.958,2716.766,True,True,True,2,617.088,735.3975,296.1695,3.0,0.0,-9.942,294.696,3115.11,4242.014999999999,489.345,462.07,0.675,0.005,146.465,403.87,513.1285,10.893697953178624,0.0001185916060861,3827.7405,4859.102999999999,1224.7424999999998,758.2394999999999,3.675,0.005,146.465,-371.01,15.604513385277563,0.0001035929130016,0.0,0.0,38.895,462.075,490.02,27.275000000000038,0.67,27.94500000000004,916.9985
2026-01-23 00:30:00,1692.648,0.0,420.686,41.202,0.0,145.822,0.0,0.0,459.883,4176.574,108.59,459.883,0.1101101045976918,3716.691,2760.241,True,True,True,2,591.4110000000001,750.0084999999999,310.163,3.0,0.0,-67.705,294.6965,3152.375,4129.805,552.405,517.88,0.675,0.015,146.015,296.05,513.194,12.544490881572845,0.0003611403367272,3866.174,4721.216,1302.4135,828.0429999999999,3.675,0.015,146.015,-339.805,17.54421080462124,0.0003159033984255,0.0,0.0,38.76,517.895,553.0799999999999,34.52499999999998,0.66,35.184999999999974,809.2439999999999
2026-01-23 01:00:00,1558.596,0.0,424.707,41.48,0.0,146.328,0.0,0.0,555.389,4081.018,109.09,555.389,0.1360907989134083,3525.629,2726.5,True,True,True,2,614.8465,725.0645,281.3225,3.0,0.0,-5.429499999999999,294.707,2986.55,4079.495,612.115,578.16,0.665,0.0,146.39,390.465,513.2175,14.172786204124188,0.0,3672.8255,4694.3415,1337.1795000000002,859.4825,3.665,0.0,146.39,-351.75,18.30888691566113,0.0,0.0,0.0,41.995,578.16,612.78,33.95500000000004,0.665,34.62000000000004,903.6825
2026-01-23 01:30:00,1504.198,0.0,372.032,41.339,0.0,146.622,0.0,0.0,596.406,4041.343,109.09,596.406,0.1475761894004047,3444.937,2660.597,True,True,True,2,612.6485,702.052,272.65,3.0,0.0,-2.3600000000000003,294.7095,2930.985,4000.17,633.075,605.005,0.685,0.01,146.355,366.73,513.1595,15.126032514680748,0.0002499944768567,3614.049,4612.818499999999,1335.127,877.655,3.685,0.01,146.355,-354.495,19.027751632736404,0.0002167917899803,0.0,0.0,42.59,605.015,633.76,28.07000000000005,0.675,28.74500000000005,879.8895
2026-01-23 02:00:00,1458.191,0.0,421.692,41.339,0.0,146.666,0.0,0.0,629.468,3976.373,110.0,629.468,0.1583020506376036,3346.905,2697.356,True,True,True,2,615.9585,667.0615,280.4605,3.0,0.0,-2.22,294.7235,2901.4700000000003,4056.475,676.605,647.405,0.7,0.0,146.41500000000002,493.375,513.1524999999999,15.959917841708556,0.0,3594.4545,4672.4335,1343.6664999999998,927.8655,3.7,0.0,146.41500000000002,-361.275,19.85837095860048,0.0,0.0,0.0,45.105,647.405,677.3050000000001,29.200000000000045,0.7,29.900000000000045,1006.5275
2026-01-23 02:30:00,1356.666,0.0,387.133,41.061,0.0,146.137,0.0,0.0,710.85,4038.264,110.0,710.85,0.1760286103137388,3327.414,2641.847,True,True,True,2,609.73,614.871,280.8715,3.0,0.0,-2.133,294.7015,2841.475,4001.28,787.9749999999999,761.825,0.71,0.0,146.12,485.365,512.947,19.04120695793618,0.0,3535.4865,4611.01,1402.846,1042.6965,3.71,0.0,146.12,-368.5700000000001,22.61466364101029,0.0,0.0,0.0,47.905,761.825,788.685,26.149999999999864,0.71,26.859999999999864,998.312
2026-01-23 03:00:00,1308.589,0.0,421.357,41.48,0.0,145.014,0.0,0.0,767.853,3957.588,105.59,767.853,0.194020448818826,3189.735,2684.293,True,True,True,2,605.4395,536.831,267.023,3.0,0.0,-3.81,294.70500000000004,2905.5950000000003,3956.995,805.885,781.98,0.73,0.065,146.25,394.67,513.282,19.76176490578046,0.0016473420769182,3582.389,4562.4345,1342.716,1049.0030000000002,3.73,0.065,146.25,-352.57500000000005,22.991668459786062,0.0014281978998899,0.0,0.0,46.57,782.0450000000001,806.615,23.904999999999973,0.665,24.56999999999997,907.952
2026-01-23 03:30:00,1268.641,0.0,418.676,41.339,0.0,145.498,0.0,0.0,785.757,3932.34,105.59,785.757,0.1998191916263598,3146.583,2659.911,True,True,True,2,608.1610000000001,460.4415,271.235,3.0,0.0,-13.592,294.696,2765.745,3909.65,826.73,798.335,0.71,0.005,145.94,495.335,513.303,20.42076538316119,0.0001276151535337,3446.0855,4517.811,1287.1715,1069.5700000000002,3.71,0.005,145.94,-344.24,23.67556409542278,0.0001105305555088,0.0,0.0,49.335,798.34,827.44,28.394999999999985,0.705,29.09999999999998,1008.638
2026-01-23 04:00:00,1152.332,0.0,346.543,41.339,0.0,146.171,0.0,0.0,853.51,3892.594,103.64,853.51,0.2192650967452552,3039.084,2539.8950000000004,True,True,True,2,623.249,384.817,292.9765,3.0,0.0,-13.6515,294.6955,2706.3,3868.615,881.8299999999999,860.8399999999999,0.72,0.01,146.05,503.62,513.183,22.25238332169403,0.0002577439159548,3410.6515,4491.864,1266.647,1153.8165,3.72,0.01,146.05,-353.92,25.68750629136467,0.0002221531079219,0.0,0.0,51.475,860.8499999999999,882.55,20.99000000000001,0.71,21.70000000000001,1016.803
2026-01-23 04:30:00,1093.259,0.0,333.117,41.27,0.0,146.256,0.0,0.0,867.832,3847.06,103.64,867.832,0.2255831726045343,2979.228,2481.734,True,True,True,2,635.677,331.2835,309.9325,3.0,0.0,-13.6285,294.66150000000005,2695.05,3830.055,960.52,929.6,0.725,0.065,145.88,478.56000000000006,513.219,24.27362071120307,0.0016924963332804,3407.434,4465.732,1291.8035,1239.5325,3.725,0.065,145.88,-349.225,27.75810136146581,0.0014533680003917,0.0,0.0,53.1,929.665,961.245,30.91999999999996,0.6599999999999999,31.57999999999996,991.779
2026-01-23 05:00:00,1091.326,0.0,310.643,41.339,0.0,147.21,0.0,0.0,963.147,3811.092,101.945,963.147,0.252722054466279,2847.945,2553.665,True,True,True,2,662.8445,301.4765,310.1405,3.0,0.0,-10.446,294.607,2831.32,3834.225,1061.775,1047.645,0.74,0.02,146.68,330.795,513.1275,27.323589923750824,0.0005216178031351,3579.7200000000003,4497.0695,1363.2515,1357.7855,3.74,0.02,146.68,-361.27,30.192143084167142,0.0004447344775497,0.0,0.0,52.26,1047.665,1062.515,14.13000000000011,0.72,14.85000000000011,843.9225000000001
2026-01-23 05:30:00,1227.902,0.0,204.286,41.27,0.0,147.753,0.0,0.0,1105.984,3851.178,101.945,1105.984,0.2871807015931229,2745.194,2727.195,True,True,True,2,699.6485,291.7265,300.1245,3.0,0.0,-2.357,294.62800000000004,3056.955,3904.71,1142.9299999999998,1129.66,0.73,0.055,147.07,188.48,486.3015,28.92997826256644,0.0014026557609738,3844.9865,4604.3585,1434.6565,1429.7845,3.73,0.055,147.07,-370.8200000000001,31.053789034826902,0.0011881379565424,0.0,0.0,49.32,1129.715,1143.66,13.269999999999754,0.6749999999999999,13.944999999999755,674.7815
2026-01-23 06:00:00,1415.613,0.0,262.324,41.412,0.0,146.546,0.0,0.0,1151.303,3964.794,122.915,1151.303,0.2903815431520528,2813.491,3017.1980000000003,True,True,True,2,780.9014999999999,250.4415,258.1785,3.0,0.0,-2.3425,261.1055,3431.075,4097.3150000000005,1267.6750000000002,1252.745,0.735,0.01,146.185,203.2,361.682,30.564609988117564,0.0002469105319687,4208.989,4878.2165,1518.1165,1510.9235,3.735,0.01,146.185,-243.79,30.968279824333543,0.0002077585347206,0.0,0.0,45.885,1252.755,1268.41,14.930000000000293,0.725,15.65500000000029,564.8820000000001
2026-01-23 06:30:00,1443.471,0.0,283.122,41.412,0.0,146.008,0.0,0.0,1316.585,4184.811,122.915,1316.585,0.3146103850329202,2868.226,3230.598,True,True,True,2,854.869,211.635,208.6075,3.0,0.0,-2.2005,291.874,3470.675,4293.335,1442.3,1403.31,0.72,0.035,146.125,353.18,402.2845,32.677849708859576,0.0008258826916224,4160.3445,5148.204,1653.935,1611.9175,3.72,0.035,146.125,-110.745,31.308114181796228,0.0006898808280146,0.0,0.0,50.405,1403.345,1443.02,38.99000000000001,0.6849999999999999,39.67500000000001,755.4645
2026-01-23 07:00:00,1406.828,0.0,163.361,41.27,0.0,145.058,0.0,0.0,1467.541,4410.721,145.225,1467.541,0.3327213396630619,2943.1799999999994,3224.058,True,True,True,2,968.9015,155.163,149.965,3.0,0.0,-1.952,422.498,3550.085,4643.48,1571.435,1546.62,0.7050000000000001,0.09,146.10500000000002,495.4450000000001,508.749,33.30722474109318,0.0019582445344469,4187.858,5612.3815,1726.598,1696.585,3.705,0.09,146.10500000000002,-74.72,30.234881174987184,0.0016218630967963,0.0,0.0,54.905,1546.7099999999998,1572.14,24.81500000000005,0.6150000000000001,25.430000000000053,1004.194
2026-01-23 07:30:00,1507.256,0.0,171.426,41.339,0.0,146.068,0.0,0.0,1617.033,4797.241,145.225,1617.033,0.3370756232592859,3180.208,3483.1220000000003,True,True,True,2,1060.3455,141.83350000000002,143.711,3.0,0.0,-1.983,441.957,3816.76,4905.685,1679.065,1657.575,0.675,0.09,145.93,529.9449999999999,513.1775,33.789814695042416,0.001821169145282,4481.6805,5966.0305,1820.8985,1801.286,3.675,0.09,145.93,-27.62,30.19298337088549,0.0014959120309769,0.0,0.0,54.54,1657.665,1679.74,21.49000000000001,0.5850000000000001,22.07500000000001,1043.1225
2026-01-23 08:00:00,1440.774,0.0,163.696,41.339,73.17,146.906,0.0,0.0,1656.86,4950.719,140.345,1656.86,0.3346705801722941,3293.8590000000004,3522.745,True,True,True,2,1109.1495,203.103,205.365,3.0155000000000003,0.0,2.442,441.932,3891.5,4981.825,1735.17,1686.91,0.76,0.195,149.185,529.965,513.0355,33.86062223918541,0.0039090761774267,4602.280500000001,6090.974499999999,1938.273,1892.275,3.7755,0.195,149.185,-29.16,31.064731234555065,0.0031964674567101,0.0,0.0,55.04,1687.105,1735.93,48.25999999999999,0.565,48.82499999999999,1043.0005
2026-01-23 08:30:00,1386.145,0.0,164.366,41.339,71.041,149.134,0.0,0.0,1768.585,4995.899,140.345,1768.585,0.3540073568340753,3227.3140000000003,3580.61,True,True,True,2,1120.1805,292.274,298.6205,3.2975,0.2165,-2.097,441.9095,3833.7,5005.54,1876.115,1829.965,6.6,6.12,149.51,529.975,513.0015,36.55852286984976,0.1221867079832146,4639.672500000001,6125.720499999999,2168.389,2128.5855,9.8975,6.3365,149.51,-110.93,34.74763353075768,0.1033488314537889,0.0,0.0,58.54999999999999,1836.085,1882.715,46.14999999999986,0.4799999999999995,46.62999999999986,1042.9765
2026-01-23 09:00:00,1349.809,0.0,164.366,41.412,64.159,148.841,0.0,0.0,1843.97,5038.979,130.755,1843.97,0.36594119562713,3195.009,3612.557,True,True,True,2,1144.6219999999998,340.884,351.1495,4.327500000000001,2.3805,-2.186,441.883,3890.415,5087.16,1948.94,1882.52,19.79,19.725,161.81,499.16,513.111,37.0053742670106,0.3875419032971798,4771.656499999999,6231.781999999999,2289.824,2233.6695,24.1175,22.1055,161.81,-163.95,35.84254493411363,0.3545326156668273,0.0,0.0,59.095,1902.245,1968.73,66.42000000000007,0.0649999999999977,66.48500000000007,1012.271
2026-01-23 09:30:00,1321.786,0.0,177.457,41.339,0.0,165.209,0.0,0.0,1902.181,5098.217,130.755,1902.181,0.3731071078378971,3196.036,3607.972,True,True,True,2,1145.14,395.0925,411.6895,5.395,4.026,-2.156,441.9035,3986.5,5097.120000000001,1984.455,1943.605,41.41,41.760000000000005,165.13,358.825,513.192,38.1312977945727,0.8192360900837535,4919.5755,6242.26,2379.5475,2355.2945,46.80500000000001,45.786,165.13,-217.17,37.731549912066725,0.7335093439496421,0.0,0.0,59.23,1985.365,2025.865,40.84999999999991,0.0,40.84999999999991,872.017
2026-01-23 10:00:00,1283.898,0.0,164.701,60.326,0.0,165.185,0.0,0.0,2003.458,5109.69,120.69,2003.458,0.3920899310917101,3106.2319999999995,3677.568,True,True,True,2,1135.6405,492.511,507.4485,5.515000000000001,4.4385,-2.26,440.723,4041.015,5100.955,2140.485,2076.64,54.695,55.235,164.87,208.825,513.1685,40.711289390768535,1.0827904897930454,5064.0625,6236.5955,2632.996,2584.0885,60.21,59.6735,164.87,-316.27,41.43501413395988,0.9567850729677791,0.0,0.0,60.85,2131.875,2195.18,63.8449999999998,0.0,63.8449999999998,721.9935
2026-01-23 10:30:00,1196.489,0.0,164.366,41.339,0.0,165.513,0.0,0.0,2138.338,5070.883,120.69,2138.338,0.4216894769609159,2932.545,3706.045,True,True,True,2,1138.51,582.2284999999999,598.8285000000001,6.4125,5.1585,-2.1865,353.00300000000004,4170.905,5090.375,2303.54,2218.4,50.24,50.905,165.44,59.69499999999999,513.1275,43.57997331366988,0.999960457121289,5293.201499999999,6228.885,2885.7685,2817.2285,56.6525,56.063500000000005,165.44,-325.8,45.2279545883264,0.9000129960777998,0.0,0.0,60.875,2269.305,2353.78,85.14000000000033,0.0,85.14000000000033,572.8225
2026-01-23 11:00:00,1238.019,0.0,164.701,41.339,0.0,164.893,0.0,0.0,2191.387,5092.856,114.905,2191.387,0.4302864640194029,2901.469,3800.339,True,True,True,2,1127.9425,635.0925,652.24,7.262500000000001,6.375,-2.108,250.964,4426.445,5088.16,2354.24,2185.14,57.205,57.435,165.54,-70.845,440.9165,42.94592842358795,1.128832650319764,5593.311,6216.1025,2989.3325,2837.38,64.4675,63.81,165.54,-278.76,45.646107269424405,1.02659680268193,0.0,0.0,57.165,2242.575,2411.445,169.0999999999999,0.0,169.0999999999999,370.0715
2026-01-23 11:30:00,1572.974,0.0,164.031,41.202,0.0,165.157,0.0,0.0,2285.231,5077.84,114.905,2285.231,0.4500399776282829,2792.609,4228.595,True,True,True,2,1113.1585,675.977,667.1565,10.732,11.5785,-2.2705,105.5235,4663.6,5074.46,2482.355,2375.305,78.09,78.125,165.72,-42.32,289.333,46.80820168852485,1.539322120540216,5828.692499999999,6187.6185000000005,3158.3320000000003,3042.4615,88.822,89.7035,165.72,-143.925,49.16995429118754,1.449646102082764,0.0,0.0,56.81,2453.43,2560.445,107.05000000000018,0.0,107.05000000000018,247.01300000000003
2026-01-23 12:00:00,1468.02,0.0,228.458,41.412,0.0,165.906,0.0,0.0,2470.479,5084.326,110.82,2470.479,0.4859009827457956,2613.847,4374.275,True,True,True,2,1108.2565,723.702,681.17,12.395,12.7185,-2.5885,94.0905,4757.129999999999,5100.055,2540.405,2435.0550000000003,102.205,100.95,166.45,-0.02,137.744,47.74526278483522,1.97944715786533,5968.705,6208.3115,3264.107,3116.2250000000004,114.6,113.6685,166.45,-183.58,50.19435710929592,1.8309325136833263,0.0,0.0,56.11999999999999,2536.005,2642.61,105.34999999999944,1.2549999999999957,106.60499999999944,137.724
2026-01-23 12:30:00,1490.414,0.0,419.346,41.339,30.974,167.209,0.0,0.0,2383.212,5093.582,110.82,2383.212,0.4678852720933912,2710.3700000000003,4532.494000000001,True,True,True,2,1107.357,725.0564999999999,686.019,12.42,10.779,-2.5925,5.2475000000000005,4910.07,5096.68,2476.09,2368.955,104.19,104.385,165.41,-0.02,63.013,46.48026437141268,2.0480657501285484,6133.483,6204.037,3201.1465,3054.974,116.61,115.164,165.41,-105.765,49.24165045430931,1.8562582542455863,0.0,0.0,52.64500000000001,2473.34,2580.28,107.13500000000022,0.0,107.13500000000022,62.993
2026-01-23 13:00:00,1483.904,0.0,450.867,41.27,30.531,146.815,0.0,0.0,2421.718,5086.029,107.87,2421.718,0.4761510404285936,2664.3110000000006,4575.105,True,True,True,2,1091.377,726.171,684.0575,13.085,11.843,-2.609,-3.9745,4969.3,5047.735000000001,2461.0,2344.25,87.78,85.49000000000001,146.885,-0.015,3.058,46.43886636416965,1.6937937400944096,6189.1485,6139.112,3187.1710000000003,3028.3075,100.865,97.333,146.885,-109.36,49.32664629841376,1.5856284626966068,0.0,0.0,50.885000000000005,2429.74,2548.78,116.75,2.289999999999992,119.04,3.043
2026-01-23 13:30:00,1519.027,0.0,431.409,41.339,19.835,146.643,0.0,0.0,2306.9,5002.289,107.87,2306.9,0.4611688768881606,2695.389,4465.153,True,True,True,2,1072.3105,716.512,683.0360000000001,10.39,8.313500000000001,-2.613,-3.997,4963.389999999999,4992.81,2424.88,2310.69,95.21,91.89,146.64999999999998,-0.025,-45.654,46.28046118156048,1.8406077927063744,6163.282,6065.1205,3141.392,2993.726,105.6,100.2035,146.64999999999998,-107.94,49.35980679856933,1.6522090358165555,0.0,0.0,50.6,2402.58,2520.09,114.19000000000004,3.3200000000000074,117.51000000000006,-45.679
2026-01-23 14:00:00,1504.371,0.0,428.728,41.202,20.132,145.851,0.0,0.0,2274.734,4958.343,108.855,2274.734,0.4587689879461747,2683.609,4415.018,True,True,True,2,1066.487,736.3675000000001,705.5915,8.062999999999999,5.369,-2.9075,-3.995,4937.18,4952.825,2383.12,2308.86,116.18,112.32,146.95499999999998,-0.025,-89.8695,46.61724295073639,2.268000928050052,6157.652,6019.312,3119.4875,3014.4515,124.243,117.689,146.95499999999998,-135.005,50.08000034801508,1.9552910144674327,0.0,0.0,51.315,2421.18,2499.3,74.26000000000022,3.8600000000000136,78.12000000000023,-89.89450000000001
2026-01-23 14:30:00,1514.881,0.0,435.765,41.13,19.835,146.744,0.0,0.0,2320.631,4933.283,108.855,2320.631,0.4704029750573806,2612.6520000000005,4478.986,True,True,True,2,1060.761,793.9005,740.943,6.264,3.265,-3.0265,-3.9815,4997.825,4918.695,2376.33,2310.23,107.9,106.265,146.07999999999998,-0.02,-215.793,46.96796059723526,2.160224235840305,6239.835499999999,5979.456,3170.2305,3051.173,114.164,109.53,146.07999999999998,-161.93,51.02734527357564,1.8315427394381063,0.0,0.0,51.09,2416.495,2484.23,66.09999999999991,1.6350000000000051,67.73499999999991,-215.813
2026-01-23 15:00:00,1597.576,0.0,434.09,41.339,60.416,145.84,0.0,0.0,2286.27,4909.959,116.89,2286.27,0.4656393261124991,2623.689,4565.531,True,True,True,2,1057.405,808.76,719.3735,5.664,2.3945,-3.0265,-4.016,5048.29,4940.535,2390.025,2314.17,86.22,84.47,161.57,-0.02,-187.745,46.84063554774174,1.7099672308865663,6182.603999999999,5997.94,3198.785,3033.5435,91.884,86.86449999999999,161.57,-57.95,50.57635494299686,1.4484179664020036,0.0,0.0,50.83500000000001,2398.64,2476.2449999999994,75.85499999999956,1.75,77.60499999999956,-187.765
2026-01-23 15:30:00,1672.687,0.0,439.139,41.339,24.008,163.947,0.0,0.0,2312.35,4954.604,116.89,2312.35,0.4667073291831193,2642.2540000000004,4653.469999999999,True,True,True,2,1075.244,853.7529999999999,760.0225,4.6545000000000005,1.026,-3.031,-41.277,5082.6900000000005,4967.950000000001,2360.8,2297.07,60.26,58.53,165.28,-0.02,-175.0625,46.23848492715767,1.1786390791087933,6254.495999999999,6043.194,3214.5530000000003,3057.0925,64.9145,59.556,165.28,-39.79,50.587913398002605,0.9859787626376968,0.0,0.0,50.13000000000001,2355.6,2421.0600000000004,63.73000000000047,1.7299999999999969,65.46000000000046,-175.0825
2026-01-23 16:00:00,1623.762,0.0,426.383,41.202,20.575,165.213,0.0,0.0,2337.049,4992.708,127.935,2337.049,0.468092466052491,2655.659,4614.183999999999,True,True,True,2,1100.852,839.999,756.995,4.337,0.225,-2.716,20.965,4992.525,5051.56,2433.295,2366.345,23.85,23.645,165.51,-0.02,-35.2525,46.844588912052174,0.4688469989138265,6160.282,6152.412,3273.294,3123.34,28.187,23.87,165.51,-73.785,50.76785581503035,0.3886758314800342,0.0,0.0,51.415,2389.99,2457.145,66.95000000000027,0.2050000000000018,67.15500000000027,-35.2725
2026-01-23 16:30:00,1588.298,0.0,431.409,41.339,20.277,165.898,0.0,0.0,2387.968,5125.266,127.935,2387.968,0.4659207931841976,2737.298,4635.189,True,True,True,2,1151.502,830.0895,755.932,4.0535000000000005,0.0,-2.616,137.796,4949.209999999999,5177.275,2483.385,2406.465,5.6,5.210000000000001,165.625,-0.02,71.8535,46.47943060723782,0.1009490840363423,6111.891,6328.777,3313.4745,3162.397,9.6535,5.210000000000001,165.625,-136.765,49.96786038823646,0.0826305759151164,0.0,0.0,53.41,2411.675,2488.985,76.92000000000007,0.3899999999999988,77.31000000000007,71.8335
2026-01-23 17:00:00,1536.76,0.0,438.804,41.339,77.041,167.149,0.0,0.0,2421.402,5233.565,135.44,2421.402,0.4626677991006131,2812.163,4682.495,True,True,True,2,1200.1505,816.3145,752.052,3.936,0.0,-2.6205,90.174,5129.1,5330.615,2506.085,2447.3,0.565,0.0,166.425,-0.02,151.0085,45.9102451920949,0.0,6291.3655,6530.7655,3322.3995000000004,3199.352,4.501,0.0,166.425,-37.995000000000005,48.99023466348245,0.0,0.0,0.0,52.72,2447.3,2506.65,58.784999999999854,0.565,59.34999999999985,150.9885
2026-01-23 17:30:00,1631.837,0.0,417.313,41.339,88.027,166.132,0.0,0.0,2500.005,5415.583,135.44,2500.005,0.461631739371366,2915.5779999999995,4844.653,True,True,True,2,1194.6245,792.626,745.739,3.936,0.0,-2.49,135.5205,5193.76,5434.825,2680.92,2598.3050000000003,0.55,0.045,165.885,-0.015,142.655,47.80741270539192,0.0008271496240145,6343.674999999999,6629.4495,3473.5460000000003,3344.044,4.486000000000001,0.045,165.885,-77.28,50.4425694690001,0.0006790294285318,0.0,0.0,54.665,2598.3500000000004,2681.4700000000003,82.61499999999978,0.505,83.11999999999978,142.64
2026-01-23 18:00:00,1489.113,0.0,345.537,41.27,88.325,165.37,0.0,0.0,2680.063,5435.321,130.84,2680.063,0.4930827452509245,2755.258,4809.678,True,True,True,2,1167.4575,808.791,754.2465,3.936,0.0,-2.2105,116.9735,5137.855,5416.335,2824.37,2732.03,0.56,0.055,165.82999999999998,-0.02,156.035,50.44231928760481,0.0010140017799573,6299.6205,6583.7925,3633.161,3486.2765000000004,4.496,0.055,165.82999999999998,-98.535,52.95440818522548,0.0008338687325586,0.0,0.0,57.125,2732.085,2824.93,92.33999999999968,0.505,92.84499999999969,156.015
2026-01-23 18:30:00,1508.31,0.0,319.691,41.48,61.522,165.972,0.0,0.0,2771.47,5380.702,130.84,2771.47,0.5150759138863292,2609.2320000000004,4868.445,True,True,True,2,1120.9115000000002,779.2815,733.076,3.936,0.0,-2.2140000000000004,55.8805,5234.514999999999,5346.175,2919.96,2831.265,0.515,0.05,165.95499999999998,-0.02,24.023,52.96183957822917,0.0009336994446169,6378.0735,6467.0865,3699.2415,3564.341,4.451,0.05,165.95499999999998,-64.69,55.11857388788298,0.0007714418480988,0.0,0.0,56.375,2831.315,2920.475,88.69500000000016,0.465,89.16000000000017,24.003
2026-01-23 19:00:00,1462.191,0.0,352.909,41.27,59.836,165.445,0.0,0.0,2846.099,5296.258,119.64,2846.099,0.5373792213294746,2450.159,4927.75,True,True,True,2,1083.961,738.121,710.3025,3.936,0.0,-2.198,42.434,5233.38,5252.055,2992.76,2898.425,0.535,0.06,165.66000000000005,-0.01,-72.12950000000001,55.18922506053136,0.001143374227884,6356.599,6336.0160000000005,3730.881,3608.7275,4.471,0.06,165.66000000000005,-67.91499999999999,56.958340724906,0.0009478586661982,0.0,0.0,56.955,2898.485,2993.295,94.33500000000004,0.475,94.81000000000004,-72.13950000000001
2026-01-23 19:30:00,1467.522,0.0,414.968,41.339,20.933,165.187,0.0,0.0,2926.78,5208.147,119.64,2926.78,0.5619618647476733,2281.367,5036.729,True,True,True,2,1042.033,715.3095000000001,694.9645,3.936,0.0,-2.2115,-45.183,5314.64,5152.595,3063.91,2962.37,0.515,0.06,165.71499999999995,-0.02,-190.544,57.4951298096392,0.0011633276976321,6423.7525000000005,6194.628000000001,3779.2195,3657.3345,4.451,0.06,165.71499999999995,-7.265,59.04257631845783,0.0009675615572517,0.0,0.0,56.855,2962.43,3064.425,101.53999999999996,0.455,101.99499999999996,-190.564
2026-01-23 20:00:00,1462.44,0.0,413.962,41.202,20.353,166.07,0.0,0.0,2907.27,5079.831,112.4,2907.27,0.5723162837503846,2172.561,5011.2970000000005,True,True,True,2,1002.248,691.4345000000001,675.843,3.936,0.0,-2.216,-3.973,5130.2,5015.665,2988.815,2880.46,0.515,0.045,165.79,-0.015,-199.942,57.43026736853203,0.0008977872780541,6215.481,6017.9130000000005,3680.2495,3556.303,4.4510000000000005,0.045,165.79,-65.91,59.0968517403589,0.0007483258637128,0.0,0.0,57.105,2880.505,2989.33,108.35500000000002,0.47,108.82500000000002,-199.957
2026-01-23 20:30:00,1474.353,0.0,258.973,41.48,24.596,159.544,0.0,0.0,2905.59,4964.288,112.4,2905.59,0.5852984355460441,2058.6979999999994,4864.536,True,True,True,2,964.567,685.768,674.0605,3.936,0.0,-2.206,34.123,4918.77,4898.625,3011.33,2885.62,0.535,0.055,150.875,-0.03,-180.662,58.91081351400453,0.0011268850757416,6001.943499999999,5863.192,3697.098,3559.6805000000004,4.471,0.055,150.875,-140.775,60.71704059507808,0.0009418246920917,0.0,0.0,59.38,2885.675,3011.865,125.71000000000004,0.48,126.19000000000004,-180.692
2026-01-23 21:00:00,1407.819,0.0,170.398,41.339,24.382,151.1,0.0,0.0,2888.355,4820.135,103.445,2888.355,0.5992269926049789,1931.78,4683.393,True,True,True,2,910.879,668.204,655.3955000000001,3.936,0.0,-2.185,-60.999,4834.32,4751.254999999999,3001.23,2891.62,0.51,0.035,146.485,-0.02,-199.996,60.865494555713376,0.000739310454785,5916.7125,5662.134,3669.434,3547.0154999999995,4.446,0.035,146.485,-97.635,62.65090786853903,0.0006206635132632,0.0,0.0,59.785,2891.655,3001.74,109.61000000000011,0.475,110.08500000000012,-200.016
2026-01-23 21:30:00,1373.226,0.0,0.006,41.202,15.453,145.768,0.0,0.0,2866.409,4662.329,103.445,2866.409,0.6148019584203518,1795.9199999999996,4442.064,True,True,True,2,860.7674999999999,657.6925,651.731,3.936,0.0,-2.094,-13.1845,4583.200000000001,4580.674999999999,2966.335,2849.315,0.515,0.045,146.15,-0.015,-199.925,62.206496646228885,0.0009882744838465,5647.7605,5441.442499999999,3624.0275,3501.0460000000003,4.4510000000000005,0.045,146.15,-179.39999999999998,64.34441229199297,0.0008320698559708,0.0,0.0,61.775000000000006,2849.36,2966.85,117.01999999999998,0.47,117.48999999999998,-199.94
2026-01-23 22:00:00,1230.281,0.0,0.006,41.202,0.0,145.733,0.0,0.0,2852.511,4519.072,92.705,2852.511,0.631216099234533,1666.561,4269.733,True,True,True,2,818.2795,676.057,642.884,3.936,0.0,-2.311,-3.5325,4399.875,4440.27,2959.065,2860.48,0.53,0.055,146.115,-0.02,-200.0755,64.42329312764024,0.0012398720232745,5454.919,5258.5495,3635.122,3503.364,4.466,0.055,146.115,-221.89,66.62374125597592,0.0010469790782147,0.0,0.0,64.005,2860.535,2959.5950000000003,98.58500000000004,0.475,99.06000000000004,-200.0955
2026-01-23 22:30:00,1083.323,0.0,0.006,41.339,0.0,145.972,0.0,0.0,2802.028,4341.669,92.705,2802.028,0.6453803825210995,1539.641,4072.668,True,True,True,2,769.4445000000001,670.7695,628.1665,3.936,0.0,-2.772,-3.547,4212.93,4285.195,2861.6850000000004,2767.69,0.5,0.07,146.02,-0.02,-199.988,64.58637859985217,0.0016298973238063,5250.326,5054.6395,3532.4545,3395.8565,4.436,0.07,146.02,-253.475,67.18397924575248,0.0013812979233439,0.0,0.0,64.42999999999999,2767.76,2862.1850000000004,93.99500000000036,0.43,94.42500000000037,-200.008
2026-01-23 23:00:00,969.355,0.0,0.006,41.202,0.0,146.136,0.0,0.0,2712.44,4217.418,92.04,2712.44,0.6431518052040373,1504.9779999999996,3869.139,True,True,True,2,723.085,685.98,639.0565,3.936,0.0,-2.896,-75.491,4181.8,4303.375,2766.965,2683.025,0.505,0.065,136.17000000000002,57.665000000000006,-199.8675,62.3485154330191,0.0015110412463626,5239.9865,5026.46,3452.945,3322.0815,4.441,0.065,136.17000000000002,-247.52,66.09552269575343,0.0012938196844783,0.0,0.0,63.485,2683.09,2767.4700000000003,83.94000000000005,0.44,84.38000000000005,-142.2025
2026-01-23 23:30:00,1036.548,0.0,0.006,41.412,0.0,126.483,0.0,0.0,2690.956,4257.766,92.04,2690.956,0.6320112472127403,1566.8099999999995,3895.405,True,True,True,2,676.34,704.4024999999999,646.1085,3.936,0.0,-2.893,-194.482,4183.095,4179.45,2779.2200000000003,2686.705,0.47,0.055,121.165,8.935,-199.898,64.28299228358443,0.001315183013251,5246.502,4855.79,3483.6225,3332.8135,4.406000000000001,0.055,121.165,-179.72,68.63690638194953,0.0011318490824424,0.0,0.0,63.36999999999999,2686.76,2779.69,92.51500000000031,0.415,92.93000000000032,-190.963
2026-01-24 00:00:00,1043.495,0.0,0.006,41.202,0.0,120.559,0.0,0.0,2612.929,4112.786,92.02,2612.929,0.635318492136474,1499.857,3818.191,True,True,True,2,635.6605,700.4845,637.039,3.936,0.0,-2.94,-204.0865,4186.535,4080.705,2695.33,2605.69,0.4599999999999999,0.055,111.895,0.02,-199.8885,63.85621177162339,0.001347055486402,5236.902,4716.3655,3395.8145000000004,3242.729,4.396000000000001,0.055,111.895,-198.18,68.7579284446598,0.0011654077639717,0.0,0.0,61.74,2605.7449999999994,2695.79,89.64000000000033,0.4049999999999999,90.04500000000033,-199.8685
2026-01-24 00:30:00,1040.994,0.0,0.006,41.339,0.0,107.527,0.0,0.0,2625.927,4033.385,92.02,2625.927,0.6510479411214154,1407.458,3815.793,True,True,True,2,598.9005,699.556,618.374,3.936,0.0,-2.9015,-204.0905,4104.985,3975.5,2728.675,2629.57,0.475,0.055,108.475,0.02,-199.879,66.14547199063921,0.0013772331038609,5127.6735,4574.4005,3428.231,3247.944,4.411,0.055,108.475,-208.35,71.00386828564515,0.001196174272548,0.0,0.0,63.11,2629.6249999999995,2729.15,99.10500000000047,0.42,99.52500000000047,-199.859
2026-01-24 01:00:00,1005.991,0.0,0.006,41.339,0.0,109.4,0.0,0.0,2628.823,3913.485,89.3,2628.823,0.671734528176293,1284.6620000000005,3785.559,True,True,True,2,614.094,699.5705,613.9815,3.936,0.0,-2.8925,-204.0805,4056.325,3878.84,2672.125,2582.77,0.495,0.05,108.565,0.015,-199.9285,66.5858703830666,0.0012872087049646,5083.815500000001,4492.934,3371.6955,3196.7515000000003,4.431,0.05,108.565,-197.175,71.15086866675577,0.0011115434242166,0.0,0.0,62.68,2582.82,2672.62,89.35500000000002,0.445,89.80000000000001,-199.9135
2026-01-24 01:30:00,1004.16,0.0,0.006,41.48,0.0,107.948,0.0,0.0,2553.433,3819.968,89.3,2553.433,0.6684435576423677,1266.535,3707.027,True,True,True,2,604.3525,710.337,613.2175,3.936,0.0,-2.915,-204.092,3984.48,3789.06,2664.3,2551.21,0.5,0.0499999999999999,108.24,0.02,-193.962,67.33131784809146,0.0013244642474749,5000.8355,4393.4125,3374.637,3164.4275,4.436,0.0499999999999999,108.24,-195.935,72.02750900158031,0.0011423499542065,0.0,0.0,63.06,2551.26,2664.8,113.09000000000016,0.45,113.54000000000016,-193.942
2026-01-24 02:00:00,988.135,0.0,0.006,41.339,0.0,108.218,0.0,0.0,2544.534,3764.71,84.32,2544.534,0.6758911044941045,1220.176,3682.232,True,True,True,2,595.988,701.6759999999999,603.9625,3.936,0.0,-7.91,-204.067,3963.83,3854.33,2610.48,2500.22,0.47,0.045,108.72,0.02,-84.90899999999999,64.86795117136514,0.001167500609783,4982.825,4450.318,3312.156,3104.1825,4.406,0.045,108.72,-201.0,69.7511276804881,0.00101126354707,0.0,0.0,62.12500000000001,2500.265,2610.95,110.26000000000022,0.425,110.68500000000022,-84.889
2026-01-24 02:30:00,965.409,0.0,0.006,41.202,0.0,107.738,0.0,0.0,2450.605,3843.526,84.32,2450.605,0.6375929289928051,1392.9209999999998,3564.96,True,True,True,2,574.4485,705.9635,616.3385000000001,3.936,0.0,-2.3545,-204.07,3946.22,3801.815,2545.445,2440.025,0.47,0.015,108.125,0.02,-87.2045,64.18077110590636,0.000396834845274,4978.389499999999,4376.263499999999,3251.4084999999995,3056.3635,4.406000000000001,0.015,108.125,-240.955,69.84179554875163,0.0003449998482,0.0,0.0,61.25000000000001,2440.0399999999995,2545.9149999999995,105.42000000000009,0.4549999999999999,105.87500000000009,-87.1845
2026-01-24 03:00:00,966.524,0.0,0.006,41.202,0.0,107.631,0.0,0.0,2442.605,3785.518,83.895,2442.605,0.6452498706914087,1342.913,3557.968,True,True,True,2,563.645,735.2695,629.7715000000001,3.936,0.0,-2.3325,-204.0285,3748.55,3753.7,2524.65,2429.76,0.44,0.03,108.405,0.02,-11.115,64.72790325667653,0.0007981610106865,4871.690500000001,4317.344999999999,3259.9195,3059.5315,4.376,0.03,108.405,-342.04,70.86490235134963,0.0006939843640424,0.0,0.0,62.705,2429.7900000000004,2525.09,94.88999999999942,0.41,95.2999999999994,-11.095
2026-01-24 03:30:00,977.289,0.0,0.006,41.202,0.0,109.485,0.0,0.0,2388.454,3725.893,83.895,2388.454,0.641042026703397,1337.439,3516.436,True,True,True,2,555.297,754.9010000000001,644.587,3.936,0.0,-24.4505,-203.9235,3796.665,3687.31,2474.125,2380.69,0.435,0.025,108.82,0.02,-99.1515,64.56923630544145,0.0006788971238433,4902.388999999999,4242.607,3229.026,3025.277,4.371,0.025,108.82,-312.65,71.30858715441117,0.0005901194651492,0.0,0.0,61.615,2380.715,2474.56,93.43499999999996,0.41,93.84499999999994,-99.1315
2026-01-24 04:00:00,990.591,0.0,0.006,41.202,0.0,108.77,0.0,0.0,2365.771,3642.55,84.54,2365.771,0.6494820935882829,1276.779,3506.34,True,True,True,2,543.5535,736.0385,608.0440000000001,3.936,0.0,-2.798,-203.929,3821.755,3631.59,2512.28,2391.905,0.41,0.005,107.835,0.02,-129.626,65.8649181699367,0.0001382395470166,4832.2825,4175.1435,3248.3185000000003,2999.949,4.346,0.005,107.835,-251.765,71.85373553128127,0.0001202570036476,0.0,0.0,61.96,2391.91,2512.69,120.375,0.405,120.78,-129.606
2026-01-24 04:30:00,979.452,0.0,0.006,41.412,0.0,108.372,0.0,0.0,2389.932,3594.661,84.54,2389.932,0.66485601841175,1204.7290000000005,3519.174,True,True,True,2,541.3254999999999,728.7349999999999,620.2735,3.936,0.0,-2.795,-203.941,3789.0,3583.685,2497.83,2402.33,0.435,0.005,108.4,0.02,-183.992,67.03501661622533,0.0001398636609033,4818.336499999999,4125.0105,3226.565,3022.6035,4.371,0.005,108.4,-273.105,73.27559368565286,0.0001214709647952,0.0,0.0,62.55500000000001,2402.335,2498.265,95.5,0.43,95.93,-183.972
2026-01-24 05:00:00,993.74,0.0,0.006,41.202,0.0,108.359,0.0,0.0,2376.363,3585.703,88.6,2376.363,0.6627328030235633,1209.34,3519.67,True,True,True,2,546.779,779.0215000000001,656.2825,3.936,0.0,-2.7735,-203.907,3703.79,3587.915,2518.46,2404.415,0.39,0.005,108.32,0.03,-199.9495,67.01438991523644,0.000139390306798,4758.934,4134.694,3297.4815,3060.6975,4.3260000000000005,0.005,108.32,-294.525,74.02463672151183,0.0001209023474157,0.0,0.0,64.305,2404.42,2518.85,114.04500000000009,0.385,114.43000000000008,-199.9195
2026-01-24 05:30:00,900.224,0.0,0.006,41.202,0.0,108.433,0.0,0.0,2472.202,3609.398,88.6,2472.202,0.6849347176454357,1137.196,3522.067,True,True,True,2,558.5715,799.877,671.2239999999999,3.936,0.0,-2.638,-203.952,3729.87,3619.535,2651.535,2519.085,0.4,0.02,107.895,0.02,-199.967,69.59571039697362,0.0005521132156294,4798.0830000000005,4178.1065,3451.412,3190.309,4.336,0.02,107.895,-296.67,76.35596472840137,0.0004780229071725,0.0,0.0,66.35,2519.105,2651.935,132.44999999999982,0.38,132.8299999999998,-199.947
2026-01-24 06:00:00,835.451,0.0,0.006,41.202,0.0,108.879,0.0,0.0,2558.649,3631.566,93.795,2558.649,0.7045580336416851,1072.917,3544.187,True,True,True,2,599.7014999999999,832.4884999999999,686.6735000000001,3.936,0.0,-1.9885,-203.8895,3776.985,3683.475,2636.87,2534.165,0.39,0.0,108.585,0.02,-199.8855,68.8018175516787,0.0,4876.9685,4283.1765,3469.3585000000003,3220.8385,4.326,0.0,108.585,-287.005,75.2020176113652,0.0,0.0,0.0,65.895,2534.165,2637.26,102.70499999999991,0.39,103.09499999999991,-199.8655
2026-01-24 06:30:00,909.992,0.0,0.006,41.339,0.0,107.48,0.0,0.0,2546.315,3729.59,93.795,2546.315,0.682733222686676,1183.275,3605.132,True,True,True,2,629.2584999999999,845.1455,690.299,3.936,0.0,-1.6685,-203.88,3757.135,3765.25,2667.2200000000003,2567.42,0.435,0.03,108.5,0.02,-189.3885,68.18940257688399,0.0007958516683457,4859.517,4394.5085,3512.3655,3257.719,4.371,0.03,108.5,-258.79,74.13463120741012,0.0006815689534505,0.0,0.0,66.895,2567.4500000000003,2667.655,99.80000000000018,0.405,100.20500000000018,-189.3685
2026-01-24 07:00:00,836.585,0.0,0.006,41.27,0.0,108.798,0.0,0.0,2552.381,3800.48,102.445,2552.381,0.6715943775523091,1248.0990000000002,3539.04,True,True,True,2,682.5105,895.4445000000001,724.3820000000001,3.936,0.0,-1.6760000000000002,-203.8715,3800.01,3871.795,2655.465,2546.4300000000003,0.385,0.0,111.095,0.02,-192.7095,65.7720253835675,0.0,4941.813,4554.3055,3550.9095,3270.812,4.321,0.0,111.095,-244.815,71.82470700908259,0.0,0.0,0.0,66.11,2546.4300000000003,2655.8500000000004,109.03499999999984,0.385,109.41999999999986,-192.6895
2026-01-24 07:30:00,966.436,0.0,0.006,41.48,0.0,113.508,0.0,0.0,2546.604,3916.885,102.445,2546.604,0.650160522966592,1370.2810000000004,3668.034,True,True,True,2,728.991,906.4505,699.594,3.936,0.0,-1.697,-202.586,3856.245,3968.275,2597.965,2487.32,0.42,0.005,116.515,0.02,-77.37950000000001,62.68741929096271,0.0001252991517247,4970.2405,4697.266,3504.4155,3186.914,4.356,0.005,116.515,-171.54500000000002,67.85516927987099,0.0001056655545719,0.0,0.0,64.105,2487.325,2598.385,110.64500000000044,0.415,111.06000000000044,-77.35950000000001
2026-01-24 08:00:00,1076.576,0.0,0.006,41.339,0.0,118.703,0.0,0.0,2395.859,3990.331,112.655,2395.859,0.6004161058318219,1594.4720000000002,3632.483,True,True,True,2,773.273,917.3895,703.4545,3.936,0.0,-1.6800000000000002,-109.0545,3797.9,4058.61,2545.47,2399.205,0.425,0.01,120.93,0.02,35.885,59.11637991535671,0.0002440911631676,4896.891,4831.883,3462.8595,3102.6595,4.361000000000001,0.01,120.93,-205.85,64.21599460572278,0.000204930253013,0.0,0.0,63.575,2399.215,2545.895,146.26499999999987,0.415,146.67999999999986,35.905
2026-01-24 08:30:00,963.87,0.0,0.006,41.27,0.0,121.031,0.0,0.0,2444.042,4141.017,112.655,2444.042,0.5902033244490423,1696.975,3570.219,True,True,True,2,822.595,923.265,704.8845,4.1475,0.1075,-1.6625,40.7735,3674.38,4201.61,2543.285,2413.215,3.25,2.45,122.945,0.015,179.093,57.4468786323175,0.0579874504073586,4797.091,5024.205,3466.55,3118.0995000000003,7.3975,2.5575,122.945,-331.555,62.07469560341596,0.0505692168782568,0.0,0.0,66.48,2415.665,2546.535,130.0699999999997,0.7999999999999998,130.86999999999972,179.10799999999998
2026-01-24 09:00:00,900.195,0.0,0.006,41.339,0.0,123.678,0.0,0.0,2367.955,4279.954,110.92,2367.955,0.5532664603404617,1911.999,3433.173,True,True,True,2,881.8050000000001,888.431,640.9445000000001,4.3165,0.522,-1.668,189.615,3653.225,4396.74,2530.59,2368.325,19.27,16.384999999999998,123.31,48.66,328.5045,53.8696422544877,0.3715551049091712,4704.888999999999,5278.545,3419.021,3009.2695000000003,23.5865,16.906999999999996,123.31,-351.25,57.01994245599133,0.3193375673930337,0.0,0.0,67.945,2384.71,2549.86,162.26500000000033,2.8850000000000016,165.15000000000032,377.1645
2026-01-24 09:30:00,951.169,0.0,0.006,41.202,0.0,123.46,0.0,0.0,2361.629,4474.489,110.92,2361.629,0.527798593314231,2112.86,3477.466,True,True,True,2,905.1805,849.133,576.5595000000001,4.8485,1.1324999999999998,-1.676,257.554,3695.405,4529.6900000000005,2416.9350000000004,2289.0,31.12,27.745,123.155,2.4,472.8115,50.53926422736485,0.6125121845683597,4692.9945,5434.8705,3266.068,2865.5595000000003,35.9685,28.8775,123.155,-340.70500000000004,52.73116184288751,0.5313258985041464,0.0,0.0,66.72,2316.745,2448.0550000000003,127.9350000000004,3.375000000000004,131.3100000000004,475.2115
2026-01-24 10:00:00,1083.023,0.0,0.006,41.061,0.0,123.572,0.0,0.0,2233.285,4601.419,110.995,2233.285,0.4853470201257481,2368.134,3480.947,True,True,True,2,930.732,864.8605,538.6615,6.265,2.707,-1.6625,342.1445,3736.78,4628.185,2339.86,2178.09,42.52,39.69499999999999,123.025,0.015,513.1759999999999,47.0642433220891,0.8574932846121786,4693.919,5558.917,3204.7205000000004,2716.7515000000003,48.785,42.402,123.025,-358.885,48.87652182890759,0.762562141820415,0.0,0.0,65.09,2217.7850000000003,2382.38,161.76999999999998,2.825000000000003,164.59499999999997,513.1909999999999
2026-01-24 10:30:00,1202.213,0.0,0.006,41.202,0.0,122.839,0.0,0.0,2148.716,4664.706,110.995,2148.716,0.4606326743850523,2515.99,3514.976,True,True,True,2,942.6015,884.7560000000001,450.0765,9.386,4.714,-1.673,439.254,3797.19,4684.83,2235.1400000000003,2080.17,54.385,52.78,122.855,0.015,513.1775,44.40344210795134,1.1265104720256731,4665.4335,5627.431500000001,3119.896,2530.2465,63.771,57.494,122.855,-355.835,44.964333990486224,1.021581221047741,0.0,0.0,63.040000000000006,2132.9500000000003,2289.5250000000005,154.97000000000023,1.6049999999999969,156.57500000000024,513.1925
2026-01-24 11:00:00,1268.023,0.0,0.006,41.48,0.0,122.47,0.0,0.0,1996.747,4694.876,110.0,1996.747,0.4253034584938984,2698.129,3428.726,True,True,True,2,954.3225,869.7245,430.9915,10.706,5.308,-1.6845,441.8745,3780.77,4711.305,2084.24,1958.205,58.935,58.895,122.53,73.19500000000001,513.23,41.56472432192791,1.2498949313886965,4630.1225,5665.6275000000005,2953.9645,2389.1965,69.64099999999999,64.203,122.53,-327.78,42.17079266079688,1.1330124940896025,0.0,0.0,61.585,2017.1,2143.175,126.03499999999984,0.0400000000000062,126.07499999999986,586.4250000000001
2026-01-24 11:30:00,1218.667,0.0,0.006,41.27,0.0,122.614,0.0,0.0,1927.272,4714.76,110.0,1927.272,0.408774147570608,2787.4880000000003,3309.829,True,True,True,2,958.602,878.152,467.9495,9.885000000000002,5.782500000000001,-1.67,371.481,3685.985,4728.485,1990.68,1882.97,79.52000000000001,77.215,122.42,223.18,513.13,39.82206282835576,1.6329987510059374,4573.005999999999,5687.087,2868.832,2350.9195,89.405,82.9975,122.42,-290.05499999999995,41.337588677294605,1.4594442575045792,0.0,0.0,62.365,1960.185,2070.2,107.71000000000004,2.305000000000007,110.01500000000004,736.31
2026-01-24 12:00:00,1204.311,0.0,0.006,41.27,0.0,121.801,0.0,0.0,1824.623,4735.958,106.82,1824.623,0.3852700974121815,2911.335,3192.011,True,True,True,2,978.4515,884.336,625.3045,10.4085,6.2035,-1.677,254.933,3572.065,4769.1900000000005,1977.495,1826.655,79.91499999999999,75.815,121.945,373.185,513.0930000000001,38.30120883207494,1.589806058835147,4599.004000000001,5747.6415,2861.831,2451.9595,90.3235,82.01849999999999,121.945,-293.965,42.66007903647645,1.4271049079646676,0.0,0.0,63.985,1902.4700000000005,2057.41,150.8399999999997,4.099999999999994,154.93999999999969,886.278
2026-01-24 12:30:00,1174.908,0.0,0.006,41.339,0.0,121.333,0.0,0.0,1818.587,4783.409,106.82,1818.587,0.3801863900828886,2964.822,3156.173,True,True,True,2,981.161,859.7860000000001,638.42,11.1145,6.1595,-1.668,245.4715,3457.665,4789.37,1919.97,1775.56,79.92,76.92,121.92,507.675,512.944,37.07265690649215,1.6060622107498983,4494.8325,5770.531,2779.7560000000003,2413.98,91.0345,83.0795,121.92,-292.815,41.83276704401912,1.4397206307955894,0.0,0.0,65.21000000000001,1852.48,1999.89,144.41000000000008,3.0,147.41000000000008,1020.619
2026-01-24 13:00:00,1171.708,0.0,0.006,41.339,0.0,121.983,0.0,0.0,1725.047,4780.678,108.91,1725.047,0.3608373121971402,3055.631,3060.083,True,True,True,2,969.5075,861.3465,641.314,9.216,4.886,-1.67,245.48,3398.5,4777.81,1809.92,1688.32,67.86500000000001,67.545,131.12,529.975,513.1220000000001,35.33650651491572,1.4137169071440838,4449.2665,5747.3175,2671.2665,2329.634,77.081,72.431,131.12,-317.5,40.5340512715481,1.2602612142685654,0.0,0.0,64.17999999999999,1755.865,1877.785,121.60000000000014,0.3200000000000074,121.92000000000014,1043.0970000000002
2026-01-24 13:30:00,1176.349,0.0,0.006,41.27,0.0,134.95,0.0,0.0,1666.111,4755.6,108.91,1666.111,0.3503471696526201,3089.4890000000005,3018.686,True,True,True,2,953.157,870.935,641.9285,7.773,5.0995,-1.6725,245.4695,3349.94,4742.655,1776.33,1642.79,63.14,62.885,142.83999999999995,529.615,513.1590000000001,34.638231650458195,1.3259354024542955,4396.883,5695.812,2647.2650000000003,2284.7185,70.91300000000001,67.9845,142.83999999999995,-330.295,40.11206887076143,1.1935775144108798,0.0,0.0,63.89,1705.675,1839.47,133.53999999999996,0.2550000000000025,133.79499999999996,1042.774
2026-01-24 14:00:00,1166.658,0.0,0.006,41.27,0.0,145.745,0.0,0.0,1643.291,4721.676,113.215,1643.291,0.3480312922784197,3078.385,2996.9700000000003,True,True,True,2,937.5545,851.1279999999999,633.133,7.781000000000001,4.653499999999999,-1.6785,245.4715,3383.57,4710.435,1813.245,1685.08,73.47,73.905,146.135,444.8,513.107,35.77362930699379,1.5689716455354323,4432.5815,5647.9895,2664.373,2318.213,81.251,78.55850000000001,146.135,-347.75,41.0452028647857,1.3909178316513726,0.0,0.0,63.77499999999999,1758.985,1886.715,128.16499999999996,0.0,128.16499999999996,957.907
2026-01-24 14:30:00,1226.958,0.0,0.006,41.202,0.0,145.842,0.0,0.0,1707.278,4693.582,113.215,1707.278,0.3637473469090345,2986.304,3121.286,True,True,True,2,932.761,846.674,623.098,7.858,4.3115,-1.6645,245.471,3491.23,4685.88,1826.305,1691.655,72.88499999999999,73.555,145.635,305.68,513.111,36.101272230112,1.5697840105264895,4542.489,5618.641,2672.9790000000003,2314.753,80.743,77.8665,145.635,-354.34000000000003,41.19792291170592,1.385929582447907,0.0,0.0,61.64000000000001,1765.21,1899.19,134.6500000000001,0.0,134.6500000000001,818.7909999999999
2026-01-24 15:00:00,1256.924,0.0,0.006,41.27,0.0,145.266,0.0,0.0,1742.169,4694.86,118.275,1742.169,0.3710800748052125,2952.691,3185.635,True,True,True,2,924.0035,831.1285,585.183,6.6205,3.6785,-1.6725,245.4505,3664.77,4711.105,1898.005,1770.7,63.89999999999999,65.59,145.47500000000002,201.87,513.1415,37.58575796556102,1.3923425060323025,4665.2075,5635.1085,2729.1335,2355.883,70.5205,69.26849999999999,145.47500000000002,-312.075,41.807494616422034,1.22930760468801,0.0,0.0,60.15999999999999,1836.29,1961.905,127.30500000000006,0.0,127.30500000000006,715.0115
2026-01-24 15:30:00,1294.049,0.0,0.006,41.13,0.0,146.068,0.0,0.0,1751.377,4725.688,118.275,1751.377,0.3706078353035579,2974.311,3232.63,True,True,True,2,931.1085,831.4325,582.9615,5.16,1.7614999999999998,-1.672,245.4845,3651.31,4737.31,1877.33,1742.96,46.185,47.07,145.73000000000002,260.77,513.158,36.79213202707223,0.9937554126181404,4639.044,5668.4185,2708.7625,2325.9215,51.345,48.831500000000005,145.73000000000002,-291.85,41.032997927271495,0.8616942501357256,0.0,0.0,59.98,1790.03,1923.515,134.3699999999999,0.0,134.3699999999999,773.928
2026-01-24 16:00:00,1292.637,0.0,0.006,40.988,80.566,145.002,0.0,0.0,1750.96,4770.339,133.22,1750.96,0.3670514820854451,3019.379,3310.159,True,True,True,2,960.4305,843.11,593.0664999999999,3.934,0.2035,-1.8915,296.0825,3806.02,4805.245,1851.085,1722.66,15.704999999999998,15.13,145.72,142.125,513.122,35.85085983379193,0.3152032244884595,4803.5255,5765.675499999999,2694.195,2315.7265,19.639,15.3335,145.72,-323.57,40.16583571044686,0.2662888270436108,0.0,0.0,58.745000000000005,1737.79,1866.79,128.42500000000018,0.5749999999999993,129.00000000000017,655.247
2026-01-24 16:30:00,1223.274,0.0,0.006,41.13,291.362,144.761,0.0,0.0,1695.08,4857.941,133.22,1695.08,0.3489297214601824,3162.861,3395.613,True,True,True,2,1007.0535,883.5705,521.264,3.633,0.0,-2.0700000000000003,423.578,3846.045,4922.78,1863.965,1704.075,5.34,4.915,144.77499999999998,213.175,513.1335,34.61767591472164,0.1000536506667338,4771.3655,5929.8335,2747.5355,2225.339,8.972999999999999,4.915,144.77499999999998,-331.485,37.53206093924064,0.0830985951970554,0.0,0.0,59.495,1708.99,1869.305,159.8900000000001,0.4249999999999998,160.3150000000001,726.3085000000001
2026-01-24 17:00:00,1140.974,0.0,0.006,41.27,282.359,144.46,0.0,0.0,1666.677,5011.384,136.79,1666.677,0.3325781859861467,3344.7070000000003,3275.746,True,True,True,2,1076.726,859.95,553.0565,3.614,0.0,-2.2155,442.0675,3890.595,5085.31,1824.895,1709.65,0.94,0.29,145.73000000000002,349.66,513.0865,33.621297501033695,0.0057436888742765,4849.092000000001,6162.036,2684.8450000000003,2262.7065,4.554,0.29,145.73000000000002,-312.66,36.72193504821749,0.0047427693619061,0.0,0.0,62.67,1709.94,1825.835,115.24499999999988,0.6499999999999999,115.8949999999999,862.7465
2026-01-24 17:30:00,1207.443,0.0,0.006,41.339,292.903,146.14,0.0,0.0,1702.649,5135.906,136.79,1702.649,0.3315187232788139,3433.257,3390.48,True,True,True,2,1086.2869999999998,870.8975,560.123,3.614,0.0,6.587,442.057,3808.315,5151.77,1714.52,1616.95,0.445,0.0,144.91500000000002,483.485,513.0695000000001,31.38694722881506,0.0,4781.6595,6238.057,2585.4175,2177.073,4.058999999999999,0.0,144.91500000000002,-326.46000000000004,34.89989733757328,0.0,0.0,0.0,59.31999999999999,1616.95,1714.965,97.56999999999994,0.445,98.01499999999992,996.5545
2026-01-24 18:00:00,1291.669,0.0,0.006,41.202,285.723,144.394,0.0,0.0,1566.228,5143.861,130.47,1566.228,0.3044848995725195,3577.633,3329.222,True,True,True,2,1051.668,900.376,548.7695,3.614,0.0,23.0065,441.8855,3735.065,5113.135,1673.145,1573.52,0.45,0.07,144.835,492.04,513.1055,30.774736282047588,0.0013696547068528,4683.5705,6164.803,2573.521,2122.2895,4.064,0.07,144.835,-352.92499999999995,34.42634219740624,0.0011362067287161,0.0,0.0,59.50500000000001,1573.59,1673.595,99.625,0.38,100.005,1005.1455
2026-01-24 18:30:00,1285.337,0.0,0.006,41.339,264.994,145.053,0.0,0.0,1582.611,5092.258,130.47,1582.611,0.3107876702240931,3509.647,3319.34,True,True,True,2,1007.484,918.198,503.564,3.614,0.0,8.506,441.8505,3611.99,5021.24,1596.26,1541.455,0.47,0.055,145.22500000000002,529.97,513.1099999999999,30.69603251552958,0.0010931611879033,4524.6595,6028.724,2514.458,2045.019,4.084,0.055,145.22500000000002,-347.46,33.918627868163206,0.00091030238189,0.0,0.0,58.555,1541.51,1596.73,54.805000000000064,0.415,55.22000000000006,1043.08
2026-01-24 19:00:00,1264.841,0.0,0.006,41.202,264.483,145.408,0.0,0.0,1489.87,4958.899,120.435,1489.87,0.3004437073632675,3469.0290000000005,3205.81,True,True,True,2,962.061,915.835,495.196,3.614,0.0,-2.451,441.8445,3477.915,4906.52,1541.25,1468.97,0.52,0.0349999999999999,145.045,529.98,513.1445,29.938234524289797,0.0007102966956049,4376.042,5868.581,2457.085,1964.166,4.134,0.0349999999999999,145.045,-367.52,33.46886972345966,0.0005934887497534,0.0,0.0,58.58,1469.005,1541.77,72.27999999999997,0.485,72.76499999999997,1043.1245
2026-01-24 19:30:00,1298.382,0.0,0.006,41.13,124.359,144.986,0.0,0.0,1445.964,4858.078,120.435,1445.964,0.2976411659096457,3412.1140000000005,3054.827,True,True,True,2,927.776,915.3815,488.546,3.614,0.0,-2.3665000000000003,441.86,3393.9300000000003,4806.095,1460.295,1395.25,0.48,0.035,145.06,479.455,513.0455,29.029954071323477,0.0007302182430831,4290.936,5733.871000000001,2375.6765,1883.796,4.093999999999999,0.035,145.06,-400.305,32.85282371922052,0.0006121756778072,0.0,0.0,57.71999999999999,1395.285,1460.775,65.04500000000007,0.4449999999999999,65.49000000000007,992.5005
2026-01-24 20:00:00,1460.414,0.0,0.006,41.27,45.482,145.39,0.0,0.0,1358.748,4749.43,114.0,1358.748,0.2860865409112251,3390.682,3051.3100000000004,True,True,True,2,884.847,916.3705,400.199,3.614,0.0,-2.3550000000000004,441.843,3422.555,4680.04,1349.575,1296.405,0.57,0.02,145.465,351.85,513.1054999999999,27.697559542240917,0.0004298431502344,4250.5275,5564.887,2265.9455000000003,1696.6039999999998,4.184,0.02,145.465,-374.19,30.48480377572001,0.0003617640046985,0.0,0.0,53.905,1296.425,1350.145,53.17000000000007,0.5499999999999999,53.72000000000007,864.9554999999999
2026-01-24 20:30:00,1495.31,0.0,0.006,53.204,106.274,145.906,0.0,0.0,1227.282,4612.664,114.0,1227.282,0.2660679381806262,3385.382,3027.982,True,True,True,2,849.9965,931.8915,371.779,3.614,0.0,-2.3545,441.8115,3371.34,4573.93,1276.7,1213.855,0.5800000000000001,0.055,145.055,308.96500000000003,513.063,26.53906874561275,0.0012031101043449,4153.255499999999,5423.9265,2208.5915,1585.634,4.194,0.055,145.055,-362.86,29.23499203644965,0.0010146735160221,0.0,0.0,52.50999999999999,1213.91,1277.28,62.84500000000003,0.525,63.370000000000026,822.028
2026-01-24 21:00:00,1497.431,0.0,0.006,51.392,91.183,145.296,0.0,0.0,1209.02,4524.704,113.495,1209.02,0.2672042193257283,3315.684,2994.328,True,True,True,2,807.6624999999999,935.253,356.3485,3.614,0.0,-2.359,441.816,3363.375,4465.58,1289.965,1200.79,0.585,0.07,145.45999999999998,170.97,513.095,26.89032999267038,0.0015691603103737,4140.0585,5273.2425,2225.218,1557.1385,4.199,0.07,145.45999999999998,-399.99,29.527842782051973,0.0013289689973451,0.0,0.0,50.935,1200.86,1290.5500000000002,89.17500000000018,0.5149999999999999,89.69000000000018,684.065
2026-01-24 21:30:00,1502.75,0.0,0.006,41.412,90.97,145.341,0.0,0.0,1201.57,4403.566,113.495,1201.57,0.2728629478926851,3201.996,2982.049,True,True,True,2,769.9385,933.216,310.6565,3.614,0.0,-2.348,441.8455,3233.05,4360.485,1311.85,1184.89,0.575,0.065,144.95499999999998,224.47000000000003,513.258,27.173370454081645,0.0014923064019347,3944.2125,5130.423499999999,2245.066,1495.5465,4.189,0.065,144.95499999999998,-373.33,29.150918070017983,0.0012686669293659,0.0,0.0,52.105,1184.955,1312.425,126.96000000000004,0.51,127.47000000000004,737.7280000000001
2026-01-24 22:00:00,1370.146,0.0,0.006,41.339,0.0,144.353,0.0,0.0,1187.332,4303.289,105.345,1187.332,0.2759126798130453,3115.9569999999994,2743.1760000000004,True,True,True,2,727.9975,930.438,295.04650000000004,3.614,0.0,-2.354,441.8295,2993.8,4227.764999999999,1293.91,1158.35,0.645,0.065,137.52,301.795,513.145,27.398152749116267,0.0015411079837997,3690.72,4955.7625,2224.348,1453.3964999999998,4.259,0.065,137.52,-400.635,29.324883123606934,0.0013148478661043,0.0,0.0,54.63,1158.415,1294.5549999999998,135.55999999999997,0.5800000000000001,136.13999999999996,814.94
2026-01-24 22:30:00,1318.457,0.0,0.006,41.339,0.0,134.753,0.0,0.0,1131.219,4152.559,105.345,1131.219,0.2724149133100818,3021.34,2625.7740000000003,True,True,True,2,682.26,941.228,189.0265,3.614,0.0,-2.744,441.8365,2929.1000000000004,4103.34,1261.1750000000002,1147.905,0.645,0.07,125.695,301.005,513.1345,27.978484281007088,0.0017060043820803,3524.3575,4785.6,2202.403,1336.9315,4.259,0.07,125.695,-344.11,27.937783790985183,0.0014628106780488,0.0,0.0,54.125,1147.975,1261.8200000000002,113.2700000000002,0.575,113.8450000000002,814.1395
2026-01-24 23:00:00,1283.69,0.0,0.006,41.202,0.0,120.382,0.0,0.0,1185.861,4050.774,102.675,1185.861,0.2927492375531195,2864.913,2631.1410000000005,True,True,True,2,635.405,955.6365,196.5625,3.614,0.0,-2.8025,371.75,3020.285,4155.0,1311.275,1194.5549999999998,0.665,0.075,109.14,373.38,513.079,28.74978690131375,0.0018046833350607,3636.0135,4790.405,2266.9115,1391.1174999999998,4.279,0.075,109.14,-340.46500000000003,29.041513418521625,0.0015646328479834,0.0,0.0,54.005,1194.63,1311.94,116.72000000000024,0.5900000000000001,117.31000000000026,886.459
2026-01-24 23:30:00,1266.371,0.0,0.006,40.92,0.0,106.971,0.0,0.0,1216.858,4118.17,102.675,1216.858,0.2954851305312796,2901.312,2631.126,True,True,True,2,600.0215000000001,967.9795,276.7585,3.614,0.0,-2.787,294.5575,3026.065,4071.625,1309.89,1212.095,0.685,0.06,108.31,358.135,513.2435,29.769892695049787,0.0014766029065958,3727.8745,4671.646500000001,2277.8695,1488.8535000000002,4.299,0.06,108.31,-385.55,31.869048182068827,0.0012874118495221,0.0,0.0,54.135,1212.155,1310.5749999999998,97.79499999999985,0.625,98.41999999999985,871.3785
2026-01-25 00:00:00,1306.001,0.0,0.006,41.339,0.0,108.041,0.0,0.0,1223.364,4027.711,102.79,1223.364,0.3037367874706005,2804.347,2678.751,True,True,True,2,566.767,984.211,233.239,3.614,0.0,-2.8415,294.5045,3027.55,4008.955,1300.545,1208.8200000000002,0.69,0.065,107.835,335.415,513.188,30.15214550142565,0.0016236756725332,3674.7825,4575.722,2284.756,1442.059,4.304,0.065,107.835,-363.92,31.51351472087044,0.0014228760339916,0.0,0.0,53.575,1208.8850000000002,1301.235,91.72499999999992,0.625,92.34999999999992,848.603
2026-01-25 00:30:00,1317.247,0.0,0.006,41.339,0.0,108.085,0.0,0.0,1175.852,3946.308,102.79,1175.852,0.297962551326455,2770.456,2642.5290000000005,True,True,True,2,539.3125,1006.795,201.1045,3.614,0.0,-2.791,294.57,2996.52,3891.505,1240.71,1152.985,0.675,0.05,107.92,253.14,513.1475,29.62674612658559,0.001286337869222,3612.2155,4430.8175,2247.505,1354.0895,4.289,0.05,107.92,-359.88,30.55707767792825,0.0011299183158293,0.0,0.0,51.675,1153.035,1241.385,87.72499999999991,0.625,88.34999999999991,766.2875
2026-01-25 01:00:00,1310.324,0.0,0.006,41.202,0.0,107.481,0.0,0.0,1126.667,3852.532,101.6,1126.667,0.2924484468915507,2725.865,2585.6800000000003,True,True,True,2,553.7555,1006.1655,203.5605,3.614,0.0,-5.1385000000000005,294.6165,2847.655,3826.705,1194.39,1098.755,0.705,0.05,107.275,372.6950000000001,512.965,28.71135582797165,0.0013116330397903,3451.0965,4380.460499999999,2200.5555,1302.3155,4.319,0.05,107.275,-330.455,29.72974175065688,0.001145120054965,0.0,0.0,53.515,1098.805,1195.0949999999998,95.63499999999976,0.6549999999999999,96.28999999999976,885.6600000000001
2026-01-25 01:30:00,1124.028,0.0,0.006,41.202,0.0,108.425,0.0,0.0,1096.682,3776.877,101.6,1096.682,0.2903674120179185,2680.195,2370.343,True,True,True,2,543.539,998.4585,205.1805,3.614,0.0,-5.209,294.6065,2652.35,3729.975,1182.3049999999998,1093.96,0.67,0.06,107.725,454.395,513.1665,29.331517821261965,0.001608635038785,3262.1625,4273.514,2180.7635,1299.1405,4.284,0.06,107.725,-346.33,30.4009595532066,0.0014040375832676,0.0,0.0,56.43499999999999,1094.02,1182.975,88.3449999999998,0.6100000000000001,88.9549999999998,967.5615
2026-01-25 02:00:00,980.389,0.0,0.006,41.339,0.0,107.524,0.0,0.0,1119.44,3709.377,102.33,1119.44,0.3017865264167002,2589.937,2248.6980000000003,True,True,True,2,536.0405000000001,1015.507,194.901,3.614,0.0,-5.212,294.6145,2648.91,3781.825,1242.94,1140.885,0.665,0.055,107.815,502.405,513.0889999999999,30.16752351985922,0.0014549301882906,3254.8535,4317.8655,2258.447,1335.786,4.279,0.055,107.815,-350.895,30.936261715248143,0.0012745364434366,0.0,0.0,57.74,1140.94,1243.605,102.05500000000006,0.61,102.66500000000006,1015.494
2026-01-25 02:30:00,985.953,0.0,0.006,41.27,0.0,107.288,0.0,0.0,1133.048,3772.016,102.33,1133.048,0.3003826070727165,2638.968,2267.565,True,True,True,2,521.5245,1005.949,196.77,3.614,0.0,-5.2165,294.5975,2611.675,3730.11,1237.875,1097.505,0.675,0.08,107.655,529.915,513.105,29.42066230804588,0.0021461884984008,3215.1065,4251.6345,2243.824,1294.275,4.289,0.08,107.655,-361.28,30.440018768898454,0.0018830484756009,0.0,0.0,57.59000000000001,1097.585,1238.55,140.3699999999999,0.5950000000000001,140.9649999999999,1043.02
2026-01-25 03:00:00,1002.997,0.0,0.006,41.48,0.0,108.22,0.0,0.0,1081.356,3707.533,103.795,1081.356,0.2916645650895083,2626.177,2234.059,True,True,True,2,508.99,1017.706,194.105,3.614,0.0,-5.2005,294.608,2520.59,3681.275,1224.205,1062.8049999999998,0.6799999999999999,0.075,107.395,529.94,513.034,28.871951755597035,0.0020430615954182,3112.1980000000003,4190.265,2241.911,1256.91,4.2940000000000005,0.075,107.395,-363.605,29.997714449804025,0.001795047306756,0.0,0.0,58.07,1062.88,1224.885,161.4000000000001,0.605,162.00500000000008,1042.9740000000002
2026-01-25 03:30:00,934.606,0.0,0.006,41.339,0.0,107.666,0.0,0.0,1085.387,3656.742,103.795,1085.387,0.2968180418525561,2571.3550000000005,2169.004,True,True,True,2,496.2995,1020.381,192.183,3.614,0.0,-5.208,294.605,2467.365,3630.18,1251.08,1086.75,0.645,0.055,107.22,529.925,513.1365000000001,29.93683895706654,0.0015155275170663,3059.3695,4126.4795,2271.461,1278.933,4.259,0.055,107.22,-376.675,30.99382741986907,0.0013333112155796,0.0,0.0,59.25,1086.805,1251.725,164.32999999999993,0.59,164.91999999999993,1043.0615
2026-01-25 04:00:00,941.913,0.0,0.006,41.27,0.0,108.091,0.0,0.0,1099.851,3618.151,104.0,1099.851,0.3039815087872231,2518.3,2191.1310000000003,True,True,True,2,492.866,1020.6,181.7695,3.614,0.0,-5.221,294.62699999999995,2466.39,3582.39,1213.605,1057.77,0.64,0.025,108.115,529.92,513.316,29.525666695008614,0.0006999594690153,3058.317,4075.256,2234.205,1239.5395,4.254,0.025,108.115,-379.625,30.415154504648644,0.0006151461073019,0.0,0.0,58.38,1057.795,1214.245,155.83500000000004,0.615,156.45000000000005,1043.236
2026-01-25 04:30:00,943.706,0.0,0.006,41.48,0.0,108.269,0.0,0.0,1010.235,3540.735,104.0,1010.235,0.285317878914971,2530.5,2103.696,True,True,True,2,488.96,1015.717,177.669,3.614,0.0,-5.2170000000000005,294.659,2417.195,3536.455,1133.11,974.76,0.645,0.05,108.035,529.94,513.0989999999999,27.562409382830776,0.0014138472387012,3006.369,4025.415,2148.827,1152.429,4.259,0.05,108.035,-381.605,28.62830697383536,0.001242108835935,0.0,0.0,57.06499999999999,974.81,1133.755,158.35000000000014,0.595,158.94500000000014,1043.039
2026-01-25 05:00:00,1031.481,0.0,0.006,41.339,0.0,107.757,0.0,0.0,922.981,3516.781,99.995,922.981,0.2624505193812182,2593.8,2103.5640000000003,True,True,True,2,497.0035,998.78,167.1055,3.614,0.0,-5.207,294.6405,2527.82,3536.04,1106.245,916.285,0.635,0.045,107.905,529.925,513.0954999999999,25.912673120636708,0.0012730904874304,3103.6805000000004,4033.0435,2105.025,1083.3905,4.2490000000000006,0.045,107.905,-360.19500000000005,26.86276776486949,0.0011163033347919,0.0,0.0,54.285,916.33,1106.88,189.9599999999998,0.59,190.5499999999998,1043.0205
2026-01-25 05:30:00,1116.101,0.0,0.006,41.27,0.0,107.944,0.0,0.0,874.459,3517.22,99.995,874.459,0.2486222073114562,2642.761,2139.78,True,True,True,2,500.3565,1002.9305,165.9635,3.614,0.0,-2.8855,294.6435,2498.465,3525.785,1038.845,862.56,0.655,0.055,107.975,511.53,513.181,24.464355025192717,0.0015599614382775,3072.7925,4026.1415,2041.7755,1028.5235,4.269,0.055,107.975,-356.35,25.54627969208475,0.0013663110748325,0.0,0.0,53.28999999999999,862.6149999999999,1039.5,176.28500000000008,0.6,176.88500000000008,1024.711
2026-01-25 06:00:00,1020.565,0.0,59.372,41.27,0.0,107.258,0.0,0.0,835.552,3536.015,99.005,835.552,0.2362976401401012,2700.463,2064.0170000000003,True,True,True,2,529.3675000000001,1013.5985,197.7205,3.614,0.0,-2.7935,294.637,2378.385,3562.945,958.02,806.16,0.64,0.02,108.03,380.63,513.1635,22.627295368451733,0.0005624486765582,2985.676,4092.3125,1971.6185,1003.8805,4.254,0.02,108.03,-360.94,24.532142217385736,0.0004903314002835,0.0,0.0,52.47500000000001,806.18,958.66,151.86,0.62,152.48000000000002,893.7935
2026-01-25 06:30:00,1140.932,0.0,105.659,55.724,0.0,108.13,0.0,0.0,773.942,3583.823,99.005,773.942,0.215954303546799,2809.881,2184.387,True,True,True,2,553.7059999999999,1009.6445,217.7835,3.614,0.0,-2.7895000000000003,294.6645,2544.875,3609.41,915.8,768.6700000000001,0.645,0.06,108.155,230.63,495.3535,21.296798837783086,0.0016623505983771,3172.2005,4163.116,1925.4445,986.4535,4.259,0.06,108.155,-357.005,23.69463931229873,0.0014412624392312,0.0,0.0,47.99,768.73,916.445,147.12999999999988,0.585,147.7149999999999,725.9835
2026-01-25 07:00:00,1212.938,0.0,195.239,65.359,0.0,108.976,0.0,0.0,781.906,3654.781,100.51,781.906,0.2139405890530787,2872.875,2364.418,True,True,True,2,597.51,964.1195,274.2835,3.614,0.0,-2.78,279.5485,2905.76,3713.54,899.905,761.615,0.665,0.06,109.39,80.62,398.966,20.510259574610608,0.0016188693745836,3592.9985,4311.05,1864.0245,1035.8985,4.279,0.06,109.39,-357.885,24.023987390992836,0.0013952596342376,0.0,0.0,41.55,761.675,900.5699999999999,138.28999999999996,0.605,138.89499999999995,479.586
2026-01-25 07:30:00,1330.666,0.0,214.697,77.506,0.0,111.932,0.0,0.0,767.989,3745.742,100.51,767.989,0.2050298712511433,2977.753,2502.79,True,True,True,2,632.858,907.2785,279.433,3.614,0.0,-2.8005,286.60400000000004,2963.26,3804.115,904.13,773.025,0.65,0.1,116.475,0.12,491.818,20.32046898740719,0.0026252584005433,3654.1215,4436.973,1811.4085,1052.458,4.263999999999999,0.1,116.475,-333.71000000000004,23.723208262702126,0.0022502645179252,0.0,0.0,41.6,773.125,904.78,131.10500000000002,0.55,131.65500000000003,491.938
2026-01-25 08:00:00,1359.909,0.0,335.127,55.515,0.0,121.314,0.0,0.0,782.577,3822.38,110.8,782.577,0.2047355312658605,3039.803,2654.442,True,True,True,2,676.4449999999999,793.637,400.102,3.6525,0.0,-2.79,188.897,3041.115,3864.22,858.135,744.52,1.06,0.72,122.135,0.02,495.133,19.2690096304079,0.0185165182773465,3851.503,4540.665,1651.772,1144.6219999999998,4.7125,0.72,122.135,-310.355,25.20490316471219,0.0157290066913815,0.0,0.0,40.510000000000005,745.24,859.1949999999999,113.615,0.3400000000000001,113.955,495.153
2026-01-25 08:30:00,1421.324,0.0,325.745,55.374,0.0,122.258,0.0,0.0,747.216,3918.569,110.8,747.216,0.1906859366263552,3171.353,2671.9170000000004,True,True,True,2,722.8309999999999,734.2565,379.3455,4.6875,0.785,-2.7845,300.613,3094.0950000000003,3985.615,854.095,741.0799999999999,12.355,11.37,122.11,4.415,513.0844999999999,18.595098051950167,0.2841567887915685,3885.767,4708.446,1588.3515000000002,1120.4254999999998,17.0425,12.155,122.11,-357.425,23.80511676791632,0.2570195040655431,0.0,0.0,41.585,752.4499999999999,866.45,113.0150000000001,0.9849999999999994,114.0000000000001,517.4994999999999
2026-01-25 09:00:00,1535.627,0.0,344.197,55.306,0.0,122.335,0.0,0.0,746.39,4048.857,116.64,746.39,0.1843458536569703,3302.467,2803.855,True,True,True,2,776.3109999999999,678.6255,286.615,6.8055,1.7525,-2.803,426.7035,3163.645,4147.674999999999,820.375,724.405,40.575,39.755,122.24,111.365,513.0895,17.469537736109814,0.9557546615394362,3870.1005,4923.986,1499.0005,1011.02,47.3805,41.5075,122.24,-345.385,20.537823829330957,0.8403428504055871,0.0,0.0,42.795,764.16,860.95,95.97000000000004,0.8200000000000074,96.79000000000003,624.4545
2026-01-25 09:30:00,1502.706,0.0,378.733,70.384,0.0,122.268,0.0,0.0,703.653,4229.552,116.64,703.653,0.1663658467847185,3525.8989999999994,2777.744,True,True,True,2,828.0885000000001,612.4110000000001,339.09000000000003,9.6345,4.236000000000001,-2.795,441.9805,3175.16,4261.4,800.395,699.5050000000001,62.955,61.935,121.31,211.62,513.2455,16.41505837117202,1.452220355863256,3917.037,5089.4885,1412.806,1038.595,72.5895,66.171,121.31,-344.655,20.40559436621132,1.298654821240032,0.0,0.0,44.78,761.44,863.35,100.88999999999989,1.019999999999996,101.90999999999988,724.8655
2026-01-25 10:00:00,1478.726,0.0,376.723,68.781,0.0,121.246,0.0,0.0,703.991,4312.911,115.635,703.991,0.1632287334470848,3608.92,2749.467,True,True,True,2,881.938,574.1085,389.418,13.4405,6.715999999999999,-2.7925,403.6055,3409.825,4372.9400000000005,775.135,710.06,105.585,104.84,122.26,106.55,513.2865,16.237978630145943,2.397112926509448,4225.739,5254.878000000001,1349.2435,1099.478,119.0255,111.556,122.26,-325.59000000000003,20.92215502343612,2.1224783839202144,0.0,0.0,42.95,814.9,880.72,65.07500000000005,0.7450000000000045,65.82000000000005,619.8365
2026-01-25 10:30:00,1583.528,0.0,379.404,99.714,0.0,121.854,0.0,0.0,697.989,4406.688,115.635,697.989,0.1583931061150687,3708.699,2882.489,True,True,True,2,905.5835,563.004,408.736,13.5595,8.6035,-2.7795,421.92,3428.46,4420.865,758.33,692.0999999999999,116.425,117.565,121.81,132.39,513.386,15.655359357786768,2.6584344103333946,4251.9385,5326.4485,1321.334,1100.836,129.9845,126.1685,121.81,-329.0,20.66699042183261,2.367847784030811,0.0,0.0,43.495,809.665,874.755,66.23000000000013,0.0,66.23000000000013,645.776
2026-01-25 11:00:00,1624.972,0.0,383.447,100.552,0.0,122.234,0.0,0.0,698.555,4455.764,115.67,698.555,0.1567755832669773,3757.209,2929.76,True,True,True,2,925.9065,545.3834999999999,477.083,26.934,19.0025,6.2905,309.9755,3688.165,4470.275,757.1700000000001,704.435,157.29500000000002,157.67000000000002,122.14,20.115,440.888,15.758345991499612,3.5269830843182124,4607.215,5396.181500000001,1302.5535,1181.518,184.229,176.6725,122.14,-299.67,21.895514497591797,3.2738276685166725,0.0,0.0,40.59,862.105,914.465,52.73500000000013,0.0,52.73500000000013,461.003
2026-01-25 11:30:00,1763.375,0.0,444.835,100.693,6.587,122.311,0.0,0.0,685.971,4471.04,115.67,685.971,0.1534253775407958,3785.069,3123.7720000000004,True,True,True,2,941.8775,509.0475,475.363,23.764,16.174,-2.4825,353.065,3798.66,4471.945,729.025,690.005,150.695,150.78500000000005,121.79,0.015,348.15,15.429632695450351,3.3718034533219963,4706.766,5413.8225,1238.0725,1165.368,174.459,166.959,121.79,-307.21,21.52585765390175,3.0839713258439394,0.0,0.0,38.545,840.79,879.72,39.01999999999998,0.0,39.01999999999998,348.165
2026-01-25 12:00:00,1723.519,0.0,438.133,99.15,5.488,121.48,0.0,0.0,700.214,4477.035,117.385,700.214,0.1564012789714621,3776.821,3087.984,True,True,True,2,963.0185,507.3915,462.825,21.893500000000003,17.153,-2.7745,441.2545,3762.99,4520.795,725.89,687.345,156.845,158.19,121.995,18.245,366.789,15.204531666703035,3.4993075398743354,4652.153,5483.813499999999,1233.2815,1150.17,178.7385,175.34300000000002,121.995,-356.935,20.97431212230004,3.197647024996513,0.0,0.0,40.065000000000005,845.5350000000001,882.735,38.54499999999996,0.0,38.54499999999996,385.034
2026-01-25 12:30:00,1682.609,0.0,445.505,99.15,5.488,122.357,0.0,0.0,659.808,4525.686,117.385,659.808,0.1457918202897859,3865.878,3014.917,True,True,True,2,979.514,480.8730000000001,442.095,20.5525,14.8475,-2.7815,441.985,3719.1,4533.610000000001,702.94,663.79,187.96,188.29,121.615,117.185,368.11,14.64165176401967,4.153227168122902,4580.6975,5513.124,1183.813,1105.885,208.5125,203.1375,121.615,-313.16,20.05913577179905,3.684617161474464,0.0,0.0,41.400000000000006,852.0799999999999,890.9000000000001,39.15000000000009,0.0,39.15000000000009,485.295
2026-01-25 13:00:00,1601.886,0.0,438.804,98.104,5.564,121.029,0.0,0.0,685.271,4521.374,118.7,685.271,0.151562555984088,3836.103,2950.6579999999994,True,True,True,2,986.552,486.703,493.654,14.65,13.0655,-2.778,442.01,3611.37,4515.26,706.205,659.11,185.125,184.045,121.07,176.965,359.5285,14.596921213809877,4.076217990678558,4516.348,5501.812,1192.908,1152.764,199.775,197.1105,121.07,-348.9,20.952285699609163,3.5826892866320077,0.0,0.0,43.065,843.155,891.33,47.09500000000003,1.079999999999984,48.17500000000001,536.4935
2026-01-25 13:30:00,1572.425,0.0,416.308,88.96,0.0,121.526,0.0,0.0,651.473,4500.639,118.7,651.473,0.144751223104097,3849.166,2850.692,True,True,True,2,971.072,481.3275,488.227,10.2785,9.65,-2.761,441.9895,3541.905,4480.925,679.505,635.6300000000001,192.55,190.185,121.6,139.005,423.313,14.185462011475703,4.243880808082799,4440.621999999999,5451.997,1160.8325,1123.857,202.8285,199.835,121.6,-357.995,20.613529040911523,3.66502757429848,0.0,0.0,43.445,825.815,872.0550000000001,43.874999999999886,2.365000000000009,46.239999999999895,562.318
2026-01-25 14:00:00,1544.148,0.0,412.957,88.537,0.0,121.331,0.0,0.0,653.589,4475.326,118.94,653.589,0.1460427687279094,3821.737,2820.562,True,True,True,2,957.7625,457.982,464.6395,12.006,11.2265,-2.779,441.9755,3501.245,4460.155,670.205,631.115,166.64,164.71,121.83,178.72,403.7225,14.14990539447343,3.692958175272248,4387.085,5417.9175,1128.187,1095.7545,178.64600000000002,175.9365,121.83,-358.74,20.223868332065475,3.247368367984987,0.0,0.0,42.99,795.825,836.845,39.09000000000003,1.9299999999999784,41.02000000000001,582.4425
2026-01-25 14:30:00,1590.597,0.0,430.404,77.642,0.0,122.69,0.0,0.0,590.59,4456.641,118.94,590.59,0.1325190878062648,3866.051,2811.923,True,True,True,2,951.207,396.103,404.4545,10.197500000000002,9.908,-2.784,441.96400000000006,3451.59,4471.425,621.99,585.9300000000001,120.745,120.845,121.94,186.75,479.462,13.103935135734435,2.702736664838717,4308.9485,5422.632,1018.093,990.3845,130.9425,130.753,121.94,-335.58000000000004,18.264242228388134,2.411486744249152,0.0,0.0,41.400000000000006,706.7750000000001,742.735,36.059999999999945,0.0,36.059999999999945,666.212
2026-01-25 15:00:00,1615.315,0.0,431.074,86.376,0.0,121.716,0.0,0.0,570.961,4492.827,126.79,570.961,0.1270827921929778,3921.866,2825.442,True,True,True,2,972.2375,355.9995,364.898,5.771,5.053,-2.7775,441.936,3419.5600000000004,4512.935,606.9300000000001,572.0550000000001,98.365,98.005,121.685,297.355,467.356,12.675914971052388,2.1718546032975885,4275.8240000000005,5485.1725,962.9295,936.953,104.136,103.058,121.685,-311.425,17.081765197040465,1.87920270880403,0.0,0.0,41.0,670.0600000000001,705.2950000000001,34.875,0.3599999999999994,35.235,764.711
2026-01-25 15:30:00,1572.92,0.0,416.308,90.849,0.0,121.814,0.0,0.0,535.154,4504.366,126.79,535.154,0.1188078411034982,3969.212,2737.045,True,True,True,2,990.595,359.0085,371.2775,3.7605,1.824,-2.7825,441.943,3302.48,4551.26,567.9949999999999,528.375,59.025000000000006,59.09,121.78,447.37,464.3755,11.609545663864456,1.2988047317650648,4186.263,5541.855,927.0035,899.6524999999999,62.7855,60.914,121.78,-318.66,16.233869969052993,1.0996257229173907,0.0,0.0,41.51499999999999,587.465,627.0199999999999,39.61999999999989,0.0,39.61999999999989,911.7455
2026-01-25 16:00:00,1538.559,0.0,369.016,88.96,50.022,121.941,0.0,0.0,546.044,4597.982,156.1,546.044,0.1187573157093698,4051.938,2714.542,True,True,True,2,1028.0755,394.0415,402.096,2.781,0.8254999999999999,-1.8965,441.969,3326.355,4648.4400000000005,559.7950000000001,527.675,32.315,32.455,121.795,529.7950000000001,442.2635,11.353766645238869,0.6992052023339843,4257.637,5676.5155,953.8365,929.771,35.096000000000004,33.2805,121.795,-330.365,16.381858611750765,0.5872569005259031,0.0,0.0,41.535,560.13,592.1100000000001,32.12000000000012,0.0,32.12000000000012,972.0585
2026-01-25 16:30:00,1553.852,0.0,348.888,82.534,198.998,121.401,0.0,0.0,513.745,4716.492,156.1,513.745,0.10892523511118,4202.747,2819.418,True,True,True,2,1074.7785,395.7535,402.26,2.252,0.0425,3.847,441.9775,3450.44,4771.92,577.61,527.39,7.359999999999999,6.970000000000001,121.165,528.98,512.0899999999999,11.053774869077747,0.1466393701860552,4351.9875,5846.6985,973.3635,929.65,9.611999999999998,7.012500000000001,121.165,-259.71,15.902369786811557,0.1204777278786896,0.0,0.0,42.120000000000005,534.36,584.97,50.22000000000003,0.3899999999999988,50.61000000000003,1041.07
2026-01-25 17:00:00,1528.545,0.0,339.483,66.337,210.87,123.154,0.0,0.0,495.661,4851.481,169.7,495.661,0.1021669465468379,4355.82,2764.05,True,True,True,2,1148.917,426.64,434.3765,2.163,0.0,3.81,441.9325,3763.04,4972.445,543.665,508.59,0.62,0.28,133.35000000000002,465.38,484.209,10.228373499321124,0.0057029380314679,4717.521,6121.362000000001,970.305,942.9665,2.7829999999999995,0.28,133.35000000000002,-237.585,15.40529812528716,0.0046359519397485,0.0,0.0,42.94,508.87,544.285,35.07499999999993,0.3399999999999999,35.414999999999935,949.589
2026-01-25 17:30:00,1667.837,0.0,384.117,88.26,259.646,140.468,0.0,0.0,520.395,5082.228,169.7,520.395,0.1023950519339156,4561.8330000000005,3060.723,True,True,True,2,1165.141,405.1675,414.14,2.163,0.0,-2.189,441.823,3940.79,5107.02,564.975,521.735,0.62,0.05,144.985,520.395,449.688,10.216008074422891,0.0009788643607232,4855.726000000001,6272.161,970.1425,935.875,2.783,0.05,144.985,-175.285,14.920960623094176,0.0007978492537237,0.0,0.0,41.965,521.785,565.595,43.24000000000001,0.57,43.81000000000001,970.083
2026-01-25 18:00:00,1697.072,0.0,385.122,96.642,233.423,145.114,0.0,0.0,523.772,5099.469,177.785,523.772,0.102711086193484,4575.697,3081.1449999999995,True,True,True,2,1122.2965,390.5,397.4285,2.163,0.0,-2.368,441.8545,3898.48,5081.665,578.04,535.0150000000001,0.63,0.16,144.47,525.21,435.314,10.528855602454968,0.0031481045109412,4799.2945,6203.961499999999,968.54,932.4435,2.793,0.16,144.47,-203.75,15.031556747883304,0.0025783716350829,0.0,0.0,41.41,535.1750000000001,578.67,43.02499999999986,0.47,43.49499999999986,960.524
2026-01-25 18:30:00,1684.213,0.0,380.074,95.66,229.028,144.281,0.0,0.0,532.101,5053.626,177.785,532.101,0.1052909336781154,4521.525000000001,3065.3570000000004,True,True,True,2,1087.516,419.321,426.294,2.163,0.0,2.199,441.888,3791.615,5046.31,578.2149999999999,548.26,0.625,0.1699999999999999,145.47000000000003,497.01,445.952,10.865155509642104,0.0033692579824954,4741.283,6133.826,997.536,974.554,2.788,0.1699999999999999,145.47000000000003,-292.36,15.88921807471564,0.0027720781455444,0.0,0.0,40.57,548.43,578.8399999999999,29.954999999999927,0.455,30.40999999999993,942.962
2026-01-25 19:00:00,1617.109,0.0,346.878,110.186,293.345,145.242,0.0,0.0,568.504,5017.901,157.055,568.504,0.1132951805944358,4449.397,3081.264,True,True,True,2,1052.7905,443.461,450.6325,2.163,0.0,-2.185,441.895,3656.97,4992.965,615.97,584.3,0.635,0.16,144.945,528.7850000000001,447.882,11.703322775545647,0.0032031574016293,4623.238,6045.7555,1059.431,1034.9325,2.798,0.16,144.945,-340.895,17.119739974915575,0.0026451527555943,0.0,0.0,40.955000000000005,584.4599999999999,616.605,31.670000000000076,0.475,32.145000000000074,976.667
2026-01-25 19:30:00,1561.424,0.0,331.776,107.674,286.746,143.797,0.0,0.0,607.035,4939.326,157.055,607.035,0.1228983468594702,4332.291,3038.452,True,True,True,2,1015.3705,464.4945,471.5835,2.163,0.0,-2.345,441.883,3494.775,4887.389999999999,658.9749999999999,627.29,0.645,0.165,144.965,517.13,468.1695,12.837211669740048,0.003379084366399,4470.2495,5902.7605,1123.4695000000002,1098.8735,2.808,0.165,144.965,-387.485,18.618185442895225,0.0027981581685305,0.0,0.0,42.36,627.4549999999999,659.6199999999999,31.684999999999945,0.48,32.16499999999994,985.2995
2026-01-25 20:00:00,1616.005,0.0,348.218,110.537,80.052,145.226,0.0,0.0,656.109,4829.699,134.17,656.109,0.1358488386129239,4173.589999999999,2956.1470000000004,True,True,True,2,978.45,479.94,485.974,2.163,0.0,-2.358,441.883,3547.825,4791.505,747.075,710.775,0.65,0.175,144.575,392.875,434.348,14.838419212083153,0.0036542071889171,4490.719499999999,5769.955,1227.015,1196.749,2.813,0.175,144.575,-393.905,20.746069320598476,0.0030348454848453,0.0,0.0,42.42,710.9499999999999,747.725,36.30000000000007,0.475,36.77500000000007,827.223
2026-01-25 20:30:00,1624.824,0.0,374.377,108.443,5.488,144.215,0.0,0.0,784.094,4729.305,134.17,784.094,0.1657947626554007,3945.211,3041.4410000000003,True,True,True,2,931.7755,499.249,503.391,2.163,0.0,-2.3595,403.687,3661.775,4665.24,864.46,829.775,0.655,0.185,144.605,242.87,363.4025,17.790469831599715,0.0039682047623974,4576.874,5597.0155,1363.7089999999998,1333.166,2.818,0.185,144.605,-375.37,23.82494220500153,0.0033077834365404,0.0,0.0,41.65,829.9599999999999,865.115,34.68500000000006,0.47,35.15500000000006,606.2725
2026-01-25 21:00:00,1614.408,0.0,370.021,97.202,5.778,144.274,0.0,0.0,887.906,4602.507,122.52,887.906,0.1929179032210054,3714.601,3119.589,True,True,True,2,883.858,545.493,462.6725,2.163,0.0,-2.3315,397.9075,3706.11,4522.424999999999,973.36,945.395,0.63,0.18,145.07,92.87,322.36,20.911079807017103,0.0039841003280568,4582.1165,5406.282999999999,1518.853,1408.0675,2.793,0.18,145.07,-378.96,26.04873797542412,0.00333352752532,0.0,0.0,40.975,945.575,973.99,27.965000000000032,0.45,28.41500000000003,415.23
2026-01-25 21:30:00,1690.502,0.0,435.43,100.97,61.23,144.614,0.0,0.0,1001.932,4433.465,122.52,1001.932,0.2259929874263132,3431.5330000000004,3434.678,True,True,True,2,825.816,582.7764999999999,496.8025,2.163,0.0,-2.295,254.555,3818.77,4366.42,1094.045,1064.98,0.655,0.195,144.56,1.08,211.861,24.397774510556346,0.004467194404051,4723.706,5192.236,1676.8215,1561.7825,2.818,0.195,144.56,-321.125,30.09170402521415,0.0037568099374091,0.0,0.0,39.135,1065.175,1094.7,29.06500000000005,0.46,29.525000000000052,212.941
2026-01-25 22:00:00,1679.213,0.0,429.734,100.552,5.412,145.058,0.0,0.0,1110.28,4273.538,108.955,1110.28,0.2598034696310177,3163.258,3470.249,True,True,True,2,785.6385,636.4694999999999,619.861,2.163,0.0,-2.3005,106.075,3802.22,4185.84,1171.76,1130.6350000000002,0.635,0.1649999999999999,144.37,0.015,61.0975,27.01691236692997,0.0039461463840578,4825.8485,4971.4785,1808.2295,1750.496,2.798,0.1649999999999999,144.37,-331.16,35.22298023272062,0.0033225058286222,0.0,0.0,38.575,1130.8000000000002,1172.395,41.12499999999977,0.47,41.59499999999977,61.1125
2026-01-25 22:30:00,1647.719,0.0,428.393,99.992,0.0,144.301,0.0,0.0,1154.273,4094.965,108.955,1154.273,0.2818761576716773,2940.692,3474.678,True,True,True,2,725.4815000000001,688.9749999999999,605.967,2.163,0.0,-2.2885,0.0854999999999999,3824.205,4011.3,1238.9,1191.93,0.645,0.16,144.095,0.02,-72.0095,29.72745991853746,0.0039920859300103,4831.0355,4736.7815,1927.875,1797.8970000000002,2.808,0.16,144.095,-267.74,37.96972567728306,0.0033811984853252,0.0,0.0,37.535,1192.09,1239.545,46.97000000000003,0.485,47.45500000000003,-71.9895
2026-01-25 23:00:00,1582.469,0.0,375.718,97.621,0.0,143.392,0.0,0.0,1284.451,3939.14,107.65,1284.451,0.326073965383307,2654.689,3483.651,True,True,True,2,667.797,679.9565,586.338,2.163,0.0,-9.629,53.4605,3782.715,4035.335,1397.43,1329.5500000000002,0.65,0.1699999999999999,135.05,0.015,-79.9485,32.949051267253886,0.0042135991383784,4763.758,4703.132,2077.3865,1915.888,2.813,0.1699999999999999,135.05,-346.54,40.73936065704372,0.0036157916819317,0.0,0.0,41.08,1329.7200000000005,1398.0800000000002,67.87999999999988,0.48,68.35999999999989,-79.9335
2026-01-25 23:30:00,1425.717,0.0,337.473,96.151,0.0,129.308,0.0,0.0,1360.657,3987.84,107.65,1360.657,0.3412015025678061,2627.183,3349.306,True,True,True,2,615.9105,676.335,544.8015,2.163,0.0,-2.4515,12.982,3553.0150000000003,3927.99,1465.65,1382.81,0.645,0.165,130.225,0.02,66.9045,35.20583113969006,0.0042059370589939,4493.335,4543.9005,2141.985,1927.6115,2.808,0.165,130.225,-325.535,42.42364904319811,0.003636751457028,0.0,0.0,44.035,1382.975,1466.295,82.84000000000015,0.48,83.32000000000015,66.9245
2026-01-26 00:00:00,1372.655,0.0,207.637,96.501,0.0,129.063,0.0,0.0,1406.002,3861.801,105.76,1406.002,0.3640793505413666,2455.799,3211.858,True,True,True,2,579.9694999999999,702.498,505.1,2.163,0.0,-1.9045,55.904,3458.495,3844.55,1649.755,1548.135,0.62,0.1699999999999999,129.845,0.02,39.822,40.28187683970589,0.0044254048430693,4355.959,4424.5195,2352.253,2053.235,2.7829999999999995,0.1699999999999999,129.845,-362.09,46.417912128393645,0.0038459035752299,0.0,0.0,48.345000000000006,1548.305,1650.375,101.62000000000012,0.45,102.07000000000012,39.842
2026-01-26 00:30:00,1227.483,0.0,164.366,97.903,0.0,130.618,0.0,0.0,1708.814,3801.44,105.76,1708.814,0.4495175512437392,2092.626,3329.184,True,True,True,2,550.06,696.5505,484.6065,2.163,0.0,-12.9255,-42.514,3624.255,3764.86,1891.095,1825.22,0.615,0.155,130.745,0.02,-72.06649999999999,48.48745844119957,0.0041232382240412,4511.755999999999,4314.92,2587.6455,2309.8265,2.778,0.155,130.745,-272.55499999999995,53.53782273263111,0.0035977250658975,0.0,0.0,51.17499999999999,1825.375,1891.71,65.875,0.4599999999999999,66.335,-72.0465
2026-01-26 01:00:00,1224.472,0.0,167.717,99.783,0.0,130.775,0.0,0.0,1907.657,3713.508,102.98,1907.657,0.5137075239907926,1805.851,3530.404,True,True,True,2,577.1045,717.0450000000001,489.8755,2.163,0.0,-1.8755,-36.2095,3837.295,3702.955,2059.0550000000003,2024.45,0.645,0.16,130.6,0.02,-190.4825,54.67910152977423,0.0043241544096195,4739.682,4280.059499999999,2776.1000000000004,2514.3255,2.808,0.16,130.6,-278.105,58.74994125262399,0.0037403575992864,0.0,0.0,53.02,2024.61,2059.7000000000003,34.605000000000246,0.485,35.090000000000245,-190.4625
2026-01-26 01:30:00,1175.652,0.0,164.701,100.274,0.0,129.775,0.0,0.0,2055.537,3657.214,102.98,2055.537,0.5620499648092783,1601.677,3625.939,True,True,True,2,566.64,701.534,480.0485,2.163,0.0,-2.216,-3.5935,3854.02,3636.96,2200.495,2135.76,0.635,0.16,130.375,0.02,-199.9095,58.728102384506144,0.004401407607943,4737.311,4203.6,2902.0290000000005,2615.8085,2.798,0.16,130.375,-302.0,62.23198524380458,0.0038083578104331,0.0,0.0,55.140000000000015,2135.92,2201.13,64.73499999999967,0.475,65.20999999999967,-199.8895
2026-01-26 02:00:00,1059.976,0.0,164.366,99.992,0.0,131.472,0.0,0.0,2258.276,3633.092,102.465,2258.276,0.6215851401505934,1374.8160000000005,3714.082,True,True,True,2,566.9390000000001,673.0905,466.2815000000001,2.163,0.0,-5.8705,-3.57,3941.49,3710.225,2301.33,2261.925,0.65,0.145,131.365,0.015,-197.8035,60.9651855898136,0.0039089163592989,4826.251,4277.164,2974.4205,2728.2065,2.813,0.145,131.365,-300.13,63.7856372515306,0.0033907165851233,0.0,0.0,56.400000000000006,2262.07,2301.98,39.40499999999975,0.505,39.90999999999975,-197.7885
2026-01-26 02:30:00,1072.378,0.0,170.733,73.874,0.0,130.972,0.0,0.0,2273.143,3676.258,102.465,2273.143,0.618330650351526,1403.1149999999998,3721.1,True,True,True,2,561.887,637.6665,454.965,2.163,0.0,-2.417,-29.7115,3915.865,3646.0,2393.075,2331.565,0.62,0.14,130.42000000000002,0.02,-199.903,63.95627822775095,0.0038400280897106,4781.2025,4207.887,3030.7415,2786.53,2.7829999999999995,0.14,130.42000000000002,-262.505,66.22825446351149,0.0033272495283034,0.0,0.0,58.13,2331.7049999999995,2393.695,61.51000000000022,0.48,61.990000000000215,-199.883
2026-01-26 03:00:00,932.031,0.0,164.366,41.27,0.0,128.886,0.0,0.0,2435.795,3598.565,100.93,2435.795,0.6768795339253286,1162.77,3702.348,True,True,True,2,563.6265,626.8389999999999,511.1465,2.163,0.0,-2.2765,-32.408,3899.375,3608.45,2718.815,2538.99,0.645,0.12,130.345,0.02,-199.981,70.36572426533486,0.0033275513919898,4813.780000000001,4172.076499999999,3345.6540000000005,3050.1365,2.808,0.12,130.345,-307.785,73.11121364522822,0.0028771435591299,0.0,0.0,63.1,2539.11,2719.46,179.82500000000027,0.525,180.35000000000028,-199.961
2026-01-26 03:30:00,747.275,0.0,174.441,41.48,0.0,130.494,0.0,0.0,2631.538,3605.61,100.93,2631.538,0.7298454353077565,974.072,3725.228,True,True,True,2,557.9495,709.6435,588.9255,2.163,0.0,-9.9315,-165.3725,3892.9,3549.865,2760.545,2608.79,0.645,0.125,130.79500000000002,0.02,-200.0025,73.49238432575542,0.0035204943930766,4903.4035,4107.8145,3470.1885,3197.7155,2.808,0.125,130.79500000000002,-267.63,77.84736586890166,0.0030423743840344,0.0,0.0,65.025,2608.915,2761.19,151.7550000000001,0.52,152.27500000000012,-199.9825
2026-01-26 04:00:00,733.512,0.0,171.068,41.202,0.0,130.535,0.0,0.0,2605.358,3514.197,99.185,2605.358,0.7413807478635944,908.839,3681.675,True,True,True,2,556.0385,761.2280000000001,606.8045,2.163,0.0,-2.2595,-204.097,3901.04,3511.925,2918.04,2684.715,0.645,0.11,130.135,-46.535,-199.9665,76.44692076392151,0.0031314535746172,4914.637000000001,4067.9635,3679.268,3291.5195,2.808,0.11,130.135,-242.165,80.91481145627019,0.0027032917172987,0.0,0.0,66.905,2684.8250000000003,2918.685,233.32499999999985,0.535,233.8599999999998,-246.5015
2026-01-26 04:30:00,679.607,0.0,164.366,41.13,0.0,130.43,0.0,0.0,2742.134,3511.654,99.185,2742.134,0.7808667938242208,769.52,3757.667,True,True,True,2,558.643,795.4385,625.8405,2.163,0.0,-19.8955,-204.0965,4013.93,3508.865,3116.445,2820.965,0.6699999999999999,0.145,130.73,-177.66500000000002,-199.97,80.39469644464607,0.004132665590747,5047.2625,4067.508,3911.8835,3446.8055,2.833,0.145,130.73,-243.025,84.73921739630148,0.0035651753107771,0.0,0.0,68.22,2821.11,3117.115,295.48,0.5249999999999999,296.005,-377.635
2026-01-26 05:00:00,582.348,0.0,163.361,41.27,0.0,130.513,0.0,0.0,2812.734,3515.426,99.825,2812.734,0.8001118498867562,702.692,3730.226,True,True,True,2,578.1105,841.939,641.877,2.163,0.0,-2.2880000000000003,-204.1095,3963.83,3556.675,3326.91,2830.0950000000003,0.605,0.11,130.95499999999998,-199.975,-200.017,79.57089023393132,0.0030908799594821,5015.722,4134.7855,4168.849,3471.972,2.768,0.11,130.95499999999998,-259.5,83.96983075365986,0.0026587438109137,0.0,0.0,69.17,2830.2050000000004,3327.515,496.8149999999996,0.495,497.3099999999996,-399.992
2026-01-26 05:30:00,607.205,0.0,167.382,41.202,0.0,131.152,0.0,0.0,2853.803,3574.508,99.825,2853.803,0.79837644789157,720.7049999999999,3800.744,True,True,True,2,603.8230000000001,900.3415,643.685,2.163,0.0,-2.272,-204.0875,4050.565,3641.955,3518.085,2885.495,0.575,0.095,131.17000000000002,-199.98,-199.961,79.23011350047337,0.0026077565549139,5114.012500000001,4245.778,4418.4265,3529.18,2.7379999999999995,0.095,131.17000000000002,-245.705,83.12436115652068,0.0022367490486192,0.0,0.0,68.955,2885.59,3518.66,632.5900000000001,0.48,633.0700000000002,-399.941
2026-01-26 06:00:00,642.534,0.0,177.122,41.339,0.0,131.312,0.0,0.0,2935.563,3708.088,106.92,2935.563,0.7916648687949153,772.5250000000001,3927.87,True,True,True,2,686.518,924.4805,648.3095000000001,2.163,0.0,-2.2675,-204.074,4331.219999999999,3872.995,3696.675,3038.725,0.5700000000000001,0.1,130.85000000000002,-199.98,-199.9275,78.4688721912599,0.0025959583110522,5405.1915,4559.513,4621.1555,3687.0345,2.733,0.1,130.85000000000002,-173.13,80.87949769367766,0.0022062478254956,0.0,0.0,68.17,3038.825,3697.245,657.9500000000003,0.4700000000000001,658.4200000000003,-399.9075
2026-01-26 06:30:00,815.414,0.0,176.117,41.202,0.0,130.731,0.0,0.0,3118.573,3984.398,106.92,3118.573,0.7826961563578738,865.8250000000003,4282.037,True,True,True,2,775.03,899.1785,663.4369999999999,2.163,0.0,-2.2590000000000003,-204.0215,4562.455,4128.425,3821.475,3218.73,0.55,0.09,130.40499999999997,-199.975,-199.96,77.966033921289,0.0021765078607313,5662.354,4903.455,4720.6535,3882.167,2.713,0.09,130.40499999999997,-108.355,79.1798201989494,0.0018321887775304,0.0,0.0,68.52000000000001,3218.82,3822.025000000001,602.7450000000003,0.4600000000000001,603.2050000000004,-399.935
2026-01-26 07:00:00,799.423,0.0,171.426,41.202,0.0,130.394,0.0,0.0,3288.114,4300.808,129.175,3288.114,0.7645340131435767,1012.694,4430.559,True,True,True,2,905.349,912.869,672.364,2.163,0.0,-2.3440000000000003,-203.9285,4812.405000000001,4497.855,3898.425,3366.58,0.62,0.07,130.115,-199.98,-199.953,74.86471843928722,0.0015608188538403,6010.1435,5403.204,4811.294,4038.944,2.7829999999999995,0.07,130.115,-72.11,74.7748073307134,0.0013000275907598,0.0,0.0,67.21,3366.65,3899.045,531.8450000000003,0.55,532.3950000000002,-399.933
2026-01-26 07:30:00,967.067,0.0,245.882,41.27,0.0,130.004,0.0,0.0,3394.337,4615.8,129.175,3394.337,0.7353734997183586,1221.4630000000002,4778.56,True,True,True,2,997.512,909.639,672.6925,2.163,0.0,-2.428,-203.9035,5136.09,4749.155000000001,3906.495,3439.26,0.72,0.055,133.7,-199.98,-199.9575,72.42371415643582,0.0011593078440502,6350.566499999999,5746.667,4816.134,4111.952499999999,2.883,0.055,133.7,6.015,71.56142824480195,0.0009582295116738,0.0,0.0,64.805,3439.315,3907.215,467.2349999999997,0.6649999999999999,467.8999999999997,-399.9375
2026-01-26 08:00:00,1119.661,0.0,238.51,41.202,0.0,137.021,0.0,0.0,3444.8,4799.382,127.555,3444.8,0.7177590781479783,1354.5819999999994,4981.194,True,True,True,2,1056.2535,927.503,679.3115,2.1785,0.0,-2.617,-203.945,5313.745,4868.255,3967.335,3456.74,0.715,0.05,140.705,-199.985,-199.9495,71.00590044636459,0.0010292902841162,6528.1005000000005,5924.5085,4894.838,4136.0515,2.8935,0.05,140.705,66.225,69.81296012444966,0.0008459972092877,0.0,0.0,63.43000000000001,3456.79,3968.05,510.59500000000025,0.6649999999999999,511.2600000000003,-399.9345
2026-01-26 08:30:00,1189.31,0.0,253.612,41.339,0.0,143.083,0.0,0.0,3439.96,4885.885,127.555,3439.96,0.7040607791628333,1445.9250000000002,5067.304,True,True,True,2,1083.897,969.3695,697.5425,2.3975,0.1295,-2.902,-203.992,5366.504999999999,4918.74,3872.085,3384.185,1.505,0.915,144.14499999999998,-199.98,-199.9605,68.80384352021599,0.0185655206733982,6605.5555,6002.637000000001,4841.4545,4081.7275,3.9025,1.0445,144.14499999999998,68.79499999999999,68.0010747598353,0.0173568672868154,0.0,0.0,61.85499999999999,3385.1,3873.59,487.9000000000001,0.5899999999999999,488.49000000000007,-399.9405
2026-01-26 09:00:00,1292.048,0.0,260.983,41.339,0.0,144.344,0.0,0.0,3292.2,4949.685,129.305,3292.2,0.665133235751366,1657.4850000000006,5030.914,True,True,True,2,1121.592,963.337,695.5535,3.1295,1.268,-2.5585000000000004,-203.9965,5492.995000000001,5010.245000000001,3695.3,3273.285,6.775,6.29,145.03,-199.98,-199.9515,65.33599341968586,0.125394547772117,6735.2775,6131.837,4658.637,3968.8385,9.9045,7.558,145.03,103.745,64.7292790928578,0.1230961534658912,0.0,0.0,59.09,3279.575,3702.075,422.0150000000003,0.4850000000000003,422.50000000000034,-399.9315
2026-01-26 09:30:00,1413.431,0.0,250.596,41.48,0.0,145.066,0.0,0.0,3203.299,5048.006,129.305,3203.299,0.6345671934621313,1844.7070000000003,5053.872,True,True,True,2,1136.0414999999998,961.224,683.3655,4.698,3.3215000000000003,-2.3745000000000003,-203.9895,5566.280000000001,5056.965,3433.88,3078.82,16.8,17.125,145.375,-199.985,-199.937,60.8805812374722,0.3387336320871974,6796.5675,6193.0065,4395.103999999999,3762.1855,21.498,20.4465,145.375,129.725,60.74781887472902,0.3302099858703398,0.0,0.0,55.775,3095.945,3450.6800000000003,355.0600000000004,0.0,355.0600000000004,-399.922
2026-01-26 10:00:00,1597.78,0.0,257.632,41.27,0.0,146.936,0.0,0.0,2912.825,5052.443,120.945,2912.825,0.5765181319215278,2139.6180000000004,4956.442999999999,True,True,True,2,1137.8955,992.9635,688.069,5.3115000000000006,3.766,-2.075,-203.882,5579.625,5065.135,3074.94,2778.64,25.0,25.59,145.41,-199.98,-199.914,54.86050340487477,0.5051418443578325,6819.0695,6203.0305,4067.9035,3466.709,30.3115,29.356,145.41,122.37,55.88914385851699,0.4732124525067888,0.0,0.0,51.49999999999999,2804.23,3099.94,296.3000000000002,0.0,296.3000000000002,-399.894
2026-01-26 10:30:00,1743.772,0.0,315.67,41.27,0.0,144.522,0.0,0.0,2650.75,5086.683,120.945,2650.75,0.521115626824003,2435.933,4895.984,True,True,True,2,1158.0929999999998,1009.71,687.6759999999999,4.224,2.7670000000000003,-2.066,-203.837,5631.355,5091.219999999999,2764.8050000000003,2532.28,30.275,30.96,145.485,-201.21,-199.888,49.73980273425862,0.6080867076157274,6873.942499999999,6249.313,3774.515,3219.956,34.498999999999995,33.727000000000004,145.485,139.405,51.527322183246895,0.5396658956210049,0.0,0.0,47.655,2563.24,2795.0800000000004,232.52500000000052,0.0,232.52500000000052,-401.098
2026-01-26 11:00:00,1765.343,0.0,460.272,41.202,9.44,144.767,0.0,0.0,2436.245,5124.629,113.035,2436.245,0.4753992923195025,2688.384,4857.269,True,True,True,2,1167.103,1002.3765,696.706,3.765,2.29,-2.08,-203.7695,5646.23,5116.13,2602.965,2374.56,33.54,34.005,145.22,-154.6,-199.8925,46.41344667026785,0.6646314676399545,6877.470499999999,6283.233,3605.3415,3071.266,37.30500000000001,36.295,145.22,160.53500000000005,48.8804656795928,0.5776290328644444,0.0,0.0,45.545,2408.565,2636.505,228.4050000000002,0.0,228.4050000000002,-354.49249999999995
2026-01-26 11:30:00,1770.931,0.0,437.798,41.27,5.564,145.095,0.0,0.0,2322.584,5099.677,113.035,2322.584,0.4554374718241959,2777.093,4723.242,True,True,True,2,1171.855,1011.058,718.4575,4.3255,3.58,-2.085,-203.7805,5487.125,5104.675,2587.05,2345.7200000000003,35.035,35.795,144.715,-21.23,-199.887,45.952154341934765,0.7011776567755231,6730.9725,6276.530000000001,3598.108,3064.1775,39.3605,39.375,144.715,154.16,48.81941536278708,0.6272960814665988,0.0,0.0,46.64,2381.5150000000003,2622.085,241.32999999999996,0.0,241.32999999999996,-221.117
2026-01-26 12:00:00,1778.797,0.0,441.484,40.988,5.122,146.044,0.0,0.0,2321.755,5123.43,113.255,2321.755,0.4531641888344331,2801.675,4734.1900000000005,True,True,True,2,1179.7225,1018.023,719.251,4.449999999999999,4.351,-2.0975,-202.738,5504.37,5176.18,2400.045,2226.78,34.855000000000004,35.67,145.495,-0.02,-199.897,43.02251985172813,0.6892008780338761,6776.403,6355.9025,3418.068,2946.031,39.305,40.021,145.495,132.17000000000002,46.35328693516404,0.629732627749986,0.0,0.0,44.49999999999999,2262.45,2434.9,173.26500000000033,0.0,173.26500000000033,-199.917
2026-01-26 12:30:00,1791.949,0.0,447.181,41.27,55.515,145.205,0.0,0.0,2116.403,5181.111,113.255,2116.403,0.4084843964933389,3064.708,4597.522999999999,True,True,True,2,1182.7285,1010.2195,716.8545,5.285,5.304,-2.0475000000000003,-114.89,5403.335,5200.59,2188.96,2012.055,29.775,30.225,145.465,-0.02,-164.6105,38.69038660569174,0.5812937084175573,6666.5995,6383.318499999999,3199.1795,2728.9095,35.06,35.529,145.465,56.36,42.751577884133056,0.5566496234688171,0.0,0.0,42.995,2042.28,2218.735,176.90499999999997,0.0,176.90499999999997,-164.6305
2026-01-26 13:00:00,1777.599,0.0,439.139,41.548,50.098,145.59,0.0,0.0,1889.488,,111.29,1889.488,,,4343.462,True,False,True,2,1164.98,1013.0875,718.114,4.9285,4.805,-2.036,-7.9525,5174.155000000001,5218.6,1963.63,1814.615,27.595,28.08,145.255,-0.02,-30.7365,34.76737949995788,0.5382865883383499,6430.0615,6383.58,2976.7175,2532.7290000000003,32.5235,32.885000000000005,145.255,-63.0,39.6722350034187,0.5152857259973862,0.0,0.0,41.565,1842.695,1991.225,149.0150000000001,0.0,149.0150000000001,-30.7565
2026-01-26 13:30:00,1783.652,0.0,441.149,41.202,12.958,145.183,0.0,0.0,1695.059,,111.29,1695.059,,,4119.203,True,False,True,2,1152.5605,983.5415,709.3905,4.5735,4.3775,-2.0395,53.647000000000006,4922.52,5145.925,1707.235,1593.475,33.07,34.035,145.3,-0.02,71.9725,30.965511954014453,0.6614149762372066,6171.1965,6298.485500000001,2690.7765,2302.8655,37.6435,38.4125,145.3,-132.525,36.56181887249004,0.609897000332191,0.0,0.0,40.845,1627.51,1740.305,113.76000000000022,0.0,113.76000000000022,71.9525
2026-01-26 14:00:00,,,,,,,,,,5146.68,116.47,,,,,False,True,True,2,1151.433,956.9055,696.0285,4.1275,3.2925,-2.049,25.175,4818.81,5156.15,1538.065,1415.3200000000002,33.585,35.11,144.565,-0.02,221.915,27.44997234287769,0.6809458100046415,6060.504,6307.583,2494.9705,2111.3485,37.712500000000006,38.4025,144.565,-96.81,33.474034604497824,0.6088490179585003,0.0,0.0,38.905,1450.43,1571.65,122.74499999999988,0.0,122.74499999999988,221.895
2026-01-26 14:30:00,,,,,,,,,,5160.007,116.47,,,,,False,True,True,2,1144.1025,956.5105,696.7815,3.187,2.2725,-1.9915,148.39749999999998,4564.9400000000005,5148.915,1375.055,1257.615,28.37,29.585,143.24,-0.02,371.3005,24.424428480897475,0.5746194942472563,5782.3150000000005,6293.0175,2331.5655,1954.3965,31.557,31.8575,143.24,-204.97,31.05616398667152,0.5062771173770378,0.0,0.0,40.145,1287.2,1403.425,117.44000000000004,0.0,117.44000000000004,371.2805
2026-01-26 15:00:00,,,,,,,,,,,123.665,,,,,False,False,True,2,1156.927,951.766,706.522,2.7685,1.6525,-1.943,265.611,4268.75,5174.665,1363.5549999999998,1271.7,31.725,32.65,144.33499999999998,73.17,498.0615,24.576722817939796,0.6309379874851804,5510.4695,6331.592000000001,2315.321,1978.222,34.4935,34.3025,144.33499999999998,-335.545,31.24490288513797,0.5417571429831936,0.0,0.0,45.025000000000006,1304.35,1395.2799999999995,91.8549999999998,0.0,91.8549999999998,571.2315
2026-01-26 15:30:00,,,,,,,,,,,123.665,,,,,False,False,True,2,1176.3535,935.5705,707.768,2.2725,0.718,-2.027,342.7795,4058.445,5188.43,1092.4,1043.825,30.245,29.92,144.74,223.16000000000005,513.106,20.11946339184144,0.576849297649582,5296.120999999999,6364.7835,2027.9705,1751.5929999999998,32.5175,30.638,144.74,-390.135,27.521503611515108,0.4815828321804477,0.0,0.0,44.95,1073.745,1122.645,48.575000000000045,0.3249999999999993,48.90000000000005,736.2660000000001
2026-01-26 16:00:00,1601.466,0.0,436.436,60.189,15.005,143.763,0.0,0.0,996.833,5204.019,138.825,996.833,0.1915506073286819,4207.186000000001,3253.692,True,True,True,2,1205.118,938.15,692.267,1.859,0.0885,-1.994,439.056,4057.275,5285.57,1099.735,1045.68,15.84,14.94,144.54000000000002,373.16,513.105,19.78416069825113,0.2829781160175008,5173.4755000000005,6490.688,2037.885,1737.947,17.698999999999998,15.0285,144.54000000000002,-338.64,26.77616957010015,0.2318275439263936,0.0,0.0,47.260000000000005,1060.62,1115.575,54.055000000000064,0.9000000000000004,54.95500000000006,886.2650000000001
2026-01-26 16:30:00,1628.771,0.0,431.074,71.922,59.981,144.557,0.0,0.0,1019.003,5351.486,138.825,1019.003,0.1904149613770829,4332.483,3355.308,True,True,True,2,1259.5275,906.551,722.5325,1.864,0.031,-2.382,441.4665,4069.24,5404.96,1058.8049999999998,1007.745,6.69,5.605,144.76999999999998,507.66,513.1295,18.64563149584003,0.1037831215504454,5205.8685000000005,6664.487499999999,1965.356,1730.2775,8.554,5.636000000000001,144.76999999999998,-306.195,25.96320597321627,0.0846532718887704,0.0,0.0,47.755,1013.35,1065.495,51.05999999999983,1.084999999999999,52.14499999999983,1020.7895
2026-01-26 17:00:00,1635.639,0.0,377.058,92.451,149.414,145.472,0.0,0.0,961.543,5434.718,171.905,961.543,0.1769260152964698,4473.175,3361.577,True,True,True,2,1310.1945,895.2275,773.4010000000001,1.627,0.0,2.5685,441.54,4147.365,5521.735000000001,974.76,923.285,0.83,0.205,144.81,529.98,513.14,16.725578932106394,0.0037453662511441,5340.968000000001,6831.9295,1869.9875,1696.686,2.457,0.205,144.81,-317.795,24.839588667815192,0.0030263394873823,0.0,0.0,46.830000000000005,923.49,975.59,51.47499999999991,0.625,52.09999999999991,1043.12
2026-01-26 17:30:00,1776.113,0.0,343.862,108.576,181.939,145.603,0.0,0.0,887.415,5614.96,171.905,887.415,0.1580447590009545,4727.545,3443.508,True,True,True,2,1300.5845,875.4495,711.7545,1.621,0.0,27.007,441.4935,4301.75,5640.88,947.225,900.5450000000001,0.74,0.025,144.745,529.98,513.135,15.96471804773605,0.0004425992971523,5417.7185,6941.4645,1822.6745,1612.2995,2.361,0.025,144.745,-273.46000000000004,23.226868749202424,0.0003604025436923,0.0,0.0,47.145,900.57,947.965,46.67999999999995,0.715,47.39499999999995,1043.115
2026-01-26 18:00:00,1635.451,0.0,332.111,105.294,231.302,144.742,0.0,0.0,873.153,5638.706,178.01,873.153,0.1548498893185777,4765.553,3322.053,True,True,True,2,1245.4035,865.1455000000001,714.3444999999999,1.621,0.0,39.244,441.4805,4187.49,5587.285,924.98,878.63,0.6950000000000001,0.1149999999999999,144.05,529.985,513.1465000000001,15.725730943928893,0.0020580144963436,5296.5645,6832.6885,1790.1255,1592.9745,2.316,0.1149999999999999,144.05,-334.96500000000003,23.31491573639916,0.00168281071751,0.0,0.0,49.225,878.745,925.675,46.35000000000002,0.5800000000000001,46.93000000000002,1043.1315
2026-01-26 18:30:00,1572.639,0.0,340.824,107.324,235.552,144.527,0.0,0.0,892.993,5543.654,178.01,892.993,0.1610838266601775,4650.661,3293.859,True,True,True,2,1183.4685,860.4985,689.538,1.621,0.0,4.6045,441.448,4096.645,5502.344999999999,1001.035,945.32,0.69,0.125,143.95499999999998,529.98,513.1455000000001,17.182143865587562,0.0022729191106309,5184.6525,6685.8135,1861.5335,1634.858,2.311,0.125,143.95499999999998,-340.59,24.45420111804643,0.0018709488866904,0.0,0.0,49.415,945.445,1001.725,55.71500000000003,0.565,56.28000000000003,1043.1255
2026-01-26 19:00:00,1585.459,0.0,254.282,108.648,236.795,145.346,0.0,0.0,998.863,5452.918,169.005,998.863,0.1831795380014884,4454.054999999999,3329.393,True,True,True,2,1136.4435,891.706,664.232,1.621,0.0,-2.269,441.518,3972.19,5408.135,1023.79,969.79,0.665,0.125,144.975,529.98,513.0925,17.932255608183972,0.00231108486675,5052.139499999999,6544.5785,1915.496,1634.022,2.286,0.125,144.975,-372.25,24.96703031535653,0.0019097287262407,0.0,0.0,49.785,969.915,1024.455,54.0,0.54,54.54,1043.0725
2026-01-26 19:30:00,1558.325,0.0,178.127,109.768,234.666,144.939,0.0,0.0,976.62,5367.17,169.005,976.62,0.1819618160035922,4390.55,3202.445,True,True,True,2,1095.887,855.8430000000001,602.3425,1.621,0.0,3.292,441.4665,3896.815,5310.195,1052.465,1005.255,0.685,0.11,144.405,529.975,513.0815,18.93335175108272,0.0020726224518133,4909.9455,6406.082,1908.308,1607.5975,2.306,0.11,144.405,-352.31,25.096815696519144,0.0017181866299381,0.0,0.0,49.245,1005.365,1053.15,47.21000000000015,0.5750000000000001,47.78500000000015,1043.0565
2026-01-26 20:00:00,1507.61,0.0,167.717,108.648,215.547,144.041,0.0,0.0,1029.293,5230.056,158.375,1029.293,0.1968034376687362,4200.763,3172.856,True,True,True,2,1056.4430000000002,816.095,581.3525,1.621,0.0,-2.4975,441.438,3759.83,5188.049999999999,1147.33,1109.985,0.685,0.105,144.28500000000005,529.985,513.149,21.4001882224895,0.002024630567685,4752.85,6244.493,1963.425,1691.3375,2.306,0.105,144.28500000000005,-367.19,27.090598433236647,0.0016821362681854,0.0,0.0,51.13,1110.09,1148.015,37.3449999999998,0.5800000000000001,37.9249999999998,1043.134
2026-01-26 20:30:00,1475.857,0.0,173.101,109.486,83.122,144.993,0.0,0.0,1195.828,5115.111,158.375,1195.828,0.2337833919928619,3919.283,3182.387,True,True,True,2,1012.09,774.0364999999999,492.866,1.621,0.0,-2.4485,441.422,3691.43,5072.610000000001,1242.9,1208.91,0.7,0.11,144.865,529.96,502.432,23.833142224252,0.0021665229550427,4604.504,6084.700000000001,2016.9365,1701.7759999999998,2.321,0.11,144.865,-329.99,27.96874903928076,0.0018058433061338,0.0,0.0,52.05500000000001,1209.0199999999998,1243.6,33.99000000000024,0.59,34.58000000000024,1032.392
2026-01-26 21:00:00,1415.632,0.0,164.031,108.443,72.425,145.173,0.0,0.0,1246.307,5007.858,140.485,1246.307,0.2488702754750633,3761.551,3152.011,True,True,True,2,960.882,754.5885000000001,478.4325,1.621,0.0,-2.322,422.2415,3671.91,4915.969999999999,1426.6750000000002,1389.48,0.685,0.14,144.78500000000005,506.27,380.1675,28.283394605918115,0.0028481311067926,4558.9155,5876.852,2181.2635,1867.9125,2.306,0.14,144.78500000000005,-337.095,31.80310690463164,0.0023825085131282,0.0,0.0,54.13,1389.62,1427.36,37.19500000000016,0.545,37.740000000000165,886.4375
2026-01-26 21:30:00,1422.952,0.0,168.387,109.904,0.0,145.45,0.0,0.0,1543.893,4798.784,140.485,1543.893,0.3217258788893186,3254.891,3390.586,True,True,True,2,902.121,819.8325,504.0485,1.621,0.0,-2.4290000000000003,296.4735,3771.1,4693.385,1688.68,1657.725,0.6699999999999999,0.12,144.635,370.66,228.5815,35.337788367841696,0.0025592167137812,4690.1245,5595.505999999999,2508.5125000000003,2161.7735,2.291,0.12,144.635,-300.515,38.65429339438949,0.0021468605652424,0.0,0.0,54.585,1657.8449999999998,1689.35,30.955000000000155,0.5499999999999999,31.505000000000155,599.2415000000001
2026-01-26 22:00:00,1334.867,0.0,172.431,92.028,0.0,144.086,0.0,0.0,1768.143,4585.198,112.28,1768.143,0.3856197704003186,2817.0550000000003,3511.5550000000003,True,True,True,2,836.1505,831.928,535.2235,1.621,0.0,-13.268,202.361,3827.62,4493.835,1955.26,1910.72,0.665,0.145,144.26999999999998,220.645,128.438,42.54197796097496,0.0032308537931777,4782.362,5329.9855,2787.188,2445.9435,2.286,0.145,144.26999999999998,-297.08000000000004,45.91613997549106,0.0027245578303336,0.0,0.0,56.115,1910.865,1955.925,44.53999999999997,0.52,45.05999999999997,349.083
2026-01-26 22:30:00,1197.686,0.0,164.366,70.384,0.0,143.968,0.0,0.0,2073.727,4392.013,112.28,2073.727,0.4721586661970262,2318.286,3650.131,True,True,True,2,774.7985,817.7139999999999,591.0609999999999,1.621,0.0,-13.573,55.7405,3869.265,4299.09,2294.7,2219.355,0.6950000000000001,0.14,143.7,72.96,78.289,51.64710903147748,0.0032596299874293,4873.7375,5073.888499999999,3112.414,2810.416,2.316,0.14,143.7,-260.915,55.41743387000973,0.0027622334059383,0.0,0.0,59.30500000000001,2219.495,2295.395,75.3449999999998,0.555,75.8999999999998,151.249
2026-01-26 23:00:00,942.973,0.0,163.696,41.412,0.0,142.31,0.0,0.0,2375.313,4202.614,102.85,2375.313,0.5651989452278987,1827.3009999999997,3665.704,True,True,True,2,709.716,816.933,562.3285000000001,1.621,0.0,-2.575,65.065,3821.02,4283.135,2657.45,2502.98,0.6799999999999999,0.105,142.61,57.785,117.789,58.44751041784868,0.002456519391663,4793.3915,4992.851000000001,3474.383,3065.3085,2.301,0.105,142.61,-314.885,61.401141079794165,0.0021091726644346,0.0,0.0,65.45,2503.085,2658.13,154.47000000000023,0.575,155.04500000000024,175.57399999999998
2026-01-26 23:30:00,664.683,0.0,164.366,41.27,0.0,144.033,0.0,0.0,2597.089,4208.484,102.85,2597.089,0.6171079657187718,1611.3950000000004,3611.441,True,True,True,2,661.733,860.328,564.367,1.621,0.0,-26.796,25.533,3865.46,4143.8150000000005,3014.805,2656.005,0.62,0.11,144.07999999999998,8.9,77.088,64.10173218075708,0.0026585221562541,4870.03,4805.548000000001,3875.133,3220.372,2.241,0.11,144.07999999999998,-332.685,67.02753900009144,0.0022925598249159,0.0,0.0,66.815,2656.115,3015.425,358.7999999999997,0.51,359.3099999999997,85.988
2026-01-27 00:00:00,677.15,0.0,179.132,41.339,0.0,145.088,0.0,0.0,2693.734,4063.7,97.14,2693.734,0.662877180894259,1369.966,3736.443,True,True,True,2,638.1800000000001,942.0325,676.212,1.621,0.0,-43.589,-122.693,3944.755,4055.13,3244.82,2713.925,0.58,0.07,144.425,0.02,0.0335,66.9265291731275,0.0017262825308618,5087.6585,4693.31,4186.8525,3390.137,2.201,0.07,144.425,-329.94,72.23813046438043,0.0014915380600137,0.0,0.0,66.58,2713.9950000000003,3245.4,530.8949999999995,0.51,531.4049999999995,0.0535
2026-01-27 00:30:00,692.043,0.0,189.52,41.061,0.0,145.062,0.0,0.0,2663.631,3985.541,97.14,2663.631,0.6683235726341793,1321.9100000000003,3731.317,True,True,True,2,615.502,982.2725,679.808,1.896,0.0,3.8275,-199.0445,4006.06,3945.82,3255.4700000000003,2761.305,0.59,0.06,144.02,-57.76,-72.193,69.98976802849634,0.0015219726682993,5163.811000000001,4561.322,4237.7425,3441.113,2.486,0.06,144.02,-338.45,75.45117437567578,0.0013167433857549,0.0,0.0,66.67,2761.365,3256.0600000000004,494.1650000000004,0.5299999999999999,494.6950000000004,-129.953
2026-01-27 01:00:00,656.95,0.0,178.798,41.339,0.0,144.21,0.0,0.0,2814.229,3896.105,88.42,2814.229,0.7223185720097379,1081.8760000000002,3835.526,True,True,True,2,631.807,1043.4745,650.502,1.621,0.0,3.9514999999999993,-198.946,4061.835,3872.855,3165.7,2847.9300000000003,0.5900000000000001,0.1,144.33499999999998,-8.89,-190.6375,73.53766750280829,0.0025811559495527,5184.6715,4504.662,4209.1745,3498.432,2.2110000000000003,0.1,144.33499999999998,-287.245,77.66257837019218,0.0022192805488928,0.0,0.0,67.465,2848.03,3166.29,317.7699999999995,0.4900000000000001,318.25999999999954,-199.5275
2026-01-27 01:30:00,638.101,0.0,173.101,41.202,0.0,143.71,0.0,0.0,2888.518,3847.918,88.42,2888.518,0.7506703625181201,959.4,3884.632,True,True,True,2,622.2560000000001,1064.304,631.833,1.621,0.0,-2.67,-198.9205,4019.44,3805.785,3234.495,2838.175,0.6,0.11,144.355,-0.02,-199.94,74.57422237089213,0.0028904313064519,5115.4965,4428.041,4298.799,3470.008,2.221,0.11,144.355,-262.5,78.3639703261705,0.0024842482012336,0.0,0.0,67.815,2838.2850000000003,3235.095,396.3199999999997,0.49,396.8099999999997,-199.96
2026-01-27 02:00:00,619.368,0.0,176.117,41.27,0.0,144.818,0.0,0.0,2849.84,3811.581,75.815,2849.84,0.7476792438623238,961.741,3831.413000000001,True,True,True,2,617.95,1067.0265,632.2955,1.621,0.0,-2.6745,-198.8945,4123.945,3918.96,3319.085,3017.56,0.58,0.085,144.25,-0.015,-199.954,76.9983105822827,0.0021692321287084,5228.268,4536.91,4386.1115,3649.8555,2.201,0.085,144.25,-275.33,80.44782093562259,0.0018736137386601,0.0,0.0,69.75,3017.645,3319.665,301.5250000000001,0.4949999999999999,302.0200000000001,-199.969
2026-01-27 02:30:00,527.155,0.0,179.132,41.339,0.0,144.128,0.0,0.0,3027.39,3901.261,75.815,3027.39,0.7760029385370525,873.8710000000001,3919.144,True,True,True,2,605.2935,1021.2495,632.2284999999999,1.621,0.0,-2.6065,-198.925,4045.39,3850.015,3375.675,2990.005,0.565,0.105,144.375,-0.015,-199.916,77.66038411661589,0.0027266383612633,5138.948,4455.3085,4396.924499999999,3622.2335,2.186,0.105,144.375,-277.4,81.30037468045572,0.0023562053977445,0.0,0.0,70.395,2990.11,3376.24,385.6700000000001,0.4599999999999999,386.13000000000005,-199.931
2026-01-27 03:00:00,488.99,0.0,171.761,41.27,0.0,144.132,0.0,0.0,2945.84,3830.114,65.935,2945.84,0.7691259320218667,884.2739999999999,3791.993,True,True,True,2,597.73,1025.9805,623.9459999999999,1.621,0.0,-2.6645,-198.901,3964.725,3830.025,3320.885,2911.0950000000003,0.56,0.08,144.12,-0.02,-199.8775,76.00662651117283,0.002088774303553,5069.4275,4427.755,4346.8655,3535.041,2.181,0.08,144.12,-296.795,79.83780679942797,0.0018067960942834,0.0,0.0,69.66499999999999,2911.175,3321.445,409.79,0.48,410.27,-199.8975
2026-01-27 03:30:00,490.064,0.0,171.761,41.412,0.0,143.96,0.0,0.0,2930.825,3828.089,65.935,2930.825,0.7656104651694356,897.2640000000001,3778.022,True,True,True,2,595.445,1025.412,625.5905,1.621,0.0,-2.6235,-198.9165,3941.31,3796.145,3243.63,2868.62,0.55,0.075,144.3,-0.02,-199.8885,75.56369199749886,0.0019784717858277,5060.305,4391.59,4269.042,3494.2105,2.1710000000000003,0.075,144.3,-312.33,79.56370242136785,0.0017099158390662,0.0,0.0,69.025,2868.695,3244.1800000000003,375.0100000000002,0.475,375.4850000000002,-199.90850000000003
2026-01-27 04:00:00,604.128,0.0,184.829,41.339,0.0,145.239,0.0,0.0,2791.604,3754.513,64.475,2791.604,0.7435329162530533,962.909,3767.139,True,True,True,2,602.114,1028.5875,623.9269999999999,1.621,0.0,-2.678,-198.897,3937.47,3734.14,3065.05,2697.115,0.55,0.075,145.07999999999998,-0.02,-199.889,72.22430852069084,0.0020122334569148,5059.895,4336.254,4093.6375,3321.042,2.1710000000000003,0.075,145.07999999999998,-309.18,76.58502878677747,0.0017319176687081,0.0,0.0,65.67500000000001,2697.19,3065.6000000000004,367.9350000000004,0.475,368.4100000000004,-199.909
2026-01-27 04:30:00,629.685,0.0,344.867,41.339,0.0,145.935,0.0,0.0,2598.681,3707.267,64.475,2598.681,0.7009694742784914,1108.5859999999998,3760.507,True,True,True,2,604.6365000000001,1026.4265,580.8679999999999,1.621,0.0,-2.5595,-198.776,3957.83,3710.11,2915.5,2550.935,0.56,0.075,145.39499999999998,-0.02,-199.8985,68.75521088153869,0.0020226699647752,5027.4205,4314.7465,3941.9265,3131.803,2.181,0.075,145.39499999999998,-254.55,72.58281694966331,0.001738980347832,0.0,0.0,62.415,2551.01,2916.06,364.56500000000005,0.485,365.05000000000007,-199.9185
2026-01-27 05:00:00,641.294,0.0,440.814,41.339,0.0,145.836,0.0,0.0,2517.352,3714.559,78.625,2517.352,0.6776987523956409,1197.2070000000003,3786.635,True,True,True,2,631.3934999999999,1048.5375,583.56,1.621,0.0,-2.4895,-198.7555,3993.425,3744.23,2888.205,2532.28,0.55,0.065,145.41,-0.02,-199.8645,67.63167354930768,0.0017356582029151,5057.978,4375.6235,3936.7425,3115.84,2.1710000000000003,0.065,145.41,-220.375,71.20756051363513,0.0014850519200661,0.0,0.0,61.760000000000005,2532.345,2888.755,355.9250000000002,0.485,356.4100000000002,-199.88450000000003
2026-01-27 05:30:00,623.013,0.0,427.388,41.339,0.0,144.996,0.0,0.0,2566.367,3770.05,78.625,2566.367,0.6807249240726251,1203.683,3803.103,True,True,True,2,664.27,1056.2505,621.537,1.621,0.0,-2.2145,-198.7695,4051.735,3814.96,2946.315,2606.215,0.65,0.075,144.615,-0.02,-199.9175,68.31360135255322,0.0019652227688864,5144.2455,4479.23,4002.5655,3227.752,2.271,0.075,144.615,-216.235,72.05702063874065,0.001673616921873,0.0,0.0,62.85000000000001,2606.29,2946.965,340.0999999999999,0.575,340.6749999999999,-199.93750000000003
2026-01-27 06:00:00,601.013,0.0,284.797,41.339,0.0,144.859,0.0,0.0,2659.329,3885.835,104.86,2659.329,0.6843648791057778,1226.506,3731.337,True,True,True,2,746.558,1020.759,665.8824999999999,1.621,0.0,-2.0445,-198.7495,4147.64,4013.32,3075.655,2773.53,0.5800000000000001,0.08,145.135,-0.375,-199.896,69.09795613369698,0.0019903547107002,5292.219,4759.878000000001,4096.414,3439.4125,2.201,0.08,145.135,-185.32,72.25333278326048,0.001677918352547,0.0,0.0,65.065,2773.61,3076.235,302.125,0.5000000000000001,302.625,-200.271
2026-01-27 06:30:00,582.5,0.0,257.968,41.202,0.0,144.506,0.0,0.0,2854.868,4098.292,104.86,2854.868,0.6965994614341778,1243.4240000000004,3881.044,True,True,True,2,817.942,1009.3715,662.454,1.621,0.0,-1.7120000000000002,-201.2,4361.145,4236.675,3248.335,2955.95,0.565,0.065,145.36,-57.74,-199.9675,69.76679605016021,0.0015435069521121,5511.878500000001,5054.617,4257.7065,3618.404000000001,2.186,0.065,145.36,-116.44,71.58785276774529,0.001294414186032,0.0,0.0,65.69500000000001,2956.015,3248.9,292.3850000000002,0.4999999999999999,292.8850000000002,-257.7075
2026-01-27 07:00:00,736.655,0.0,270.388,41.339,0.0,144.907,0.0,0.0,2967.744,4369.084,110.945,2967.744,0.6792600004943828,1401.3399999999997,4161.033,True,True,True,2,921.065,1011.6185,692.895,1.621,0.0,-1.7494999999999998,-151.801,4636.25,4571.639999999999,3278.71,3007.655,0.5700000000000001,0.045,145.325,-3.345,-165.88049999999998,65.80175078141642,0.0009866089399374,5812.898499999999,5492.705,4290.3285,3700.55,2.191,0.045,145.325,-88.55000000000001,67.38670800747043,0.0008214137022057,0.0,0.0,63.84000000000001,3007.7,3279.28,271.0550000000003,0.525,271.58000000000027,-169.22549999999998
2026-01-27 07:30:00,842.048,0.0,243.201,41.27,0.0,143.928,0.0,0.0,3059.087,4725.292,110.945,3059.087,0.6473858123476813,1666.2050000000004,4329.534,True,True,True,2,1011.2815,1021.318,744.1315,1.621,0.0,-1.7915,-22.7995,4693.16,4845.225,3477.3450000000003,3173.5550000000003,0.575,0.055,145.105,-0.02,-31.974,65.49306356529866,0.0011387392828179,5906.951499999999,5856.5065,4498.6630000000005,3917.6865,2.196,0.055,145.105,-165.455,66.89129925264596,0.0009424952303137,0.0,0.0,66.45500000000001,3173.61,3477.92,303.79,0.5199999999999999,304.30999999999995,-31.994
2026-01-27 08:00:00,763.017,0.0,164.701,41.339,0.0,145.288,0.0,0.0,3268.057,4917.043,127.165,3268.057,0.6646386862998758,1648.986,4382.402,True,True,True,2,1081.7645,1033.6375,778.1725,1.621,0.0,-2.1655,0.365,4691.925,4946.045,3598.2,3289.25,1.165,0.42,145.73000000000002,-0.025,72.029,66.50351096138503,0.0084709526998136,5950.892,6027.8095,4631.8375,4067.4225,2.786,0.42,145.73000000000002,-164.465,67.47959335657714,0.0069419032120186,0.0,0.0,68.705,3289.67,3599.365,308.9499999999998,0.7450000000000001,309.6949999999998,72.00399999999999
2026-01-27 08:30:00,699.41,0.0,164.701,41.339,0.0,145.104,0.0,0.0,3260.553,4954.4,127.165,3260.553,0.6581125867915388,1693.8469999999998,4311.107,True,True,True,2,1128.7579999999998,1047.136,782.5550000000001,1.6885,0.0,-2.077,-3.4515,4634.545,4964.475,3536.87,3249.2200000000003,6.54,5.404999999999999,145.23,-0.02,197.66,65.44972426107569,0.1088211504443368,5894.5185,6093.233,4584.005999999999,4031.775,8.2285,5.404999999999999,145.23,-113.29,66.16927385003268,0.0886091070811701,0.0,0.0,69.49499999999999,3254.6250000000005,3543.41,287.64999999999964,1.135000000000001,288.7849999999996,197.64
2026-01-27 09:00:00,717.776,0.0,169.393,41.548,0.0,145.464,0.0,0.0,3212.836,4997.239,131.03,3212.836,0.6429222216507956,1784.4029999999998,4287.017,True,True,True,2,1175.254,1054.5765,775.4114999999999,1.831,0.0555,-2.0915,-3.4695,4598.1,5009.25,3363.69,3148.81,32.675,31.43,145.57999999999998,-0.02,321.3075,62.86057217382075,0.6273105462825693,5861.829,6184.504000000001,4418.2665,3924.2215,34.506,31.4855,145.57999999999998,-70.83,63.45405054369733,0.5088307147376028,0.0,0.0,69.21499999999999,3180.24,3396.365,214.8800000000001,1.2449999999999974,216.1250000000001,321.2875
2026-01-27 09:30:00,745.566,0.0,178.462,41.339,39.844,146.568,0.0,0.0,3030.2,5025.018,131.03,3030.2,0.6030227155405214,1994.818,4181.978999999999,True,True,True,2,1196.649,1045.3290000000002,775.8045,2.075,0.4415,-2.092,-3.507,4536.12,4991.424999999999,3151.565,2924.46,111.46,89.55,146.32,-0.02,376.927,58.58885516265171,1.7942186913800902,5808.764,6188.074,4196.894,3700.2645,113.535,89.9915,146.32,-58.19,59.79655689904312,1.4542969343458154,0.0,0.0,67.64,3014.01,3263.025,227.1049999999996,21.91000000000001,249.0149999999996,376.907
2026-01-27 10:00:00,785.938,0.0,177.122,41.339,73.238,146.776,0.0,0.0,2798.602,4965.444,125.955,2798.602,0.5636156605532153,2166.842000000001,4023.015,True,True,True,2,1195.284,1021.7565,778.4485,2.379,0.99,-2.1625,-3.53,4412.925,4957.15,3014.17,2755.12,187.625,158.01999999999998,146.10000000000002,-0.02,485.2405,55.57823872973837,3.188236582748972,5666.339,6152.434,4035.9265,3533.5685,190.004,159.01,146.10000000000002,-39.5,57.43351491678184,2.584806875791476,0.0,0.0,68.41000000000001,2913.14,3201.795,259.0500000000002,29.605000000000015,288.6550000000002,485.2205
2026-01-27 10:30:00,731.084,0.0,165.036,41.339,72.659,145.088,0.0,0.0,2730.241,4949.162,125.955,2730.241,0.5516572300522795,2218.9210000000003,3885.447,True,True,True,2,1201.3874999999998,1022.812,792.4295,2.8725,1.6284999999999998,-2.0845,-2.655,4374.05,4959.4400000000005,2880.795,2653.0150000000003,160.66,152.41500000000002,146.95499999999998,-0.02,497.5675,53.49476703936187,3.0733031170844525,5661.7405,6160.8275,3903.607,3445.4445,163.53249999999997,154.0435,146.95499999999998,-68.305,55.925874555597865,2.5004894296272138,0.0,0.0,66.93,2805.4300000000003,3041.455,227.77999999999972,8.244999999999976,236.0249999999997,497.5475
2026-01-27 11:00:00,862.248,0.0,165.707,41.48,117.482,147.637,0.0,0.0,2482.185,4950.652,118.84,2482.185,0.50138547407493,2468.467,3816.739,True,True,True,2,1200.9679999999998,1019.456,793.9955,3.7675,2.9295,2.062,16.996,4363.98,4932.17,2583.0,2339.065,175.24,156.995,146.94,-0.02,457.7635,47.41528640014887,3.189088903832708,5648.530500000001,6133.138,3602.456,3133.0605,179.0075,159.9245,146.94,-89.555,51.07749268424291,2.611827457216185,0.0,0.0,62.12,2496.06,2758.24,243.93499999999997,18.245000000000005,262.17999999999995,457.7435
2026-01-27 11:30:00,1067.292,0.0,174.776,41.339,119.389,146.898,0.0,0.0,2125.263,4887.338,118.84,2125.263,0.4348508329074028,2762.075,3674.957,True,True,True,2,1197.093,1012.5375,795.7484999999999,5.466,3.4325,-2.3485,0.0,4306.335,4892.04,2255.91,2063.66,254.755,226.78,146.765,-0.015,503.1135,42.18401844719104,4.6355944715648825,5582.485,6089.133,3268.4475,2859.4085,260.221,230.2125,146.765,-63.66,46.959202916112446,3.780632668155383,0.0,0.0,59.88,2290.44,2510.665,192.25,27.974999999999994,220.225,503.0985
2026-01-27 12:00:00,1068.46,0.0,164.366,41.202,113.965,147.313,0.0,0.0,2037.909,4889.685,115.17,2037.909,0.416777154356569,2851.7760000000003,3573.215,True,True,True,2,1199.4685,1007.691,788.1255,7.7965,4.512499999999999,-2.545,0.0,4300.15,4900.01,2088.35,1933.195,215.04,201.925,147.565,-0.02,513.184,39.45259067575191,4.120913807219513,5581.761,6099.478499999999,3096.041,2721.3205000000003,222.8365,206.4375,147.565,-66.07000000000001,44.61582352097232,3.3845079291093123,0.0,0.0,57.275,2135.1200000000003,2303.39,155.15499999999977,13.11499999999998,168.26999999999973,513.164
2026-01-27 12:30:00,1185.342,0.0,275.75,41.339,78.732,148.196,0.0,0.0,1895.604,4924.026,115.17,1895.604,0.3849703474352085,3028.422,3624.963,True,True,True,2,1200.675,1014.0575,789.745,9.349,6.198499999999999,-2.4725,0.0,4344.46,4946.299999999999,1982.17,1876.945,226.665,209.015,147.1,-0.02,513.1959999999999,37.94725134326009,4.225777360014882,5630.021000000001,6146.975,2996.2275,2666.69,236.014,215.2135,147.1,-69.47,43.38249621759014,3.5011545977351552,0.0,0.0,56.15,2085.96,2208.835,105.22500000000014,17.650000000000034,122.87500000000016,513.1759999999999
2026-01-27 13:00:00,1189.693,0.0,335.797,41.27,51.266,147.279,0.0,0.0,1896.71,4967.039,115.165,1896.71,0.3818592928301952,3070.329,3662.015,True,True,True,2,1176.3675,1004.87,767.905,13.13,8.8095,-2.4805,0.0,4398.58,4966.280000000001,2157.46,2031.72,200.635,184.21,146.675,-0.02,499.802,40.912982189727565,3.708342920341949,5639.468000000001,6142.647500000001,3162.33,2799.625,213.765,193.0195,146.675,-49.53,45.581043683564594,3.1409457420061626,0.0,0.0,57.675,2215.93,2358.0950000000003,125.74000000000024,16.42500000000001,142.16500000000025,499.782
2026-01-27 13:30:00,1085.292,0.0,308.968,41.339,9.883,145.524,0.0,0.0,2277.206,4930.305,115.165,2277.206,0.4618793360654158,2653.099,3868.212,True,True,True,2,1149.7815,1019.4015,761.0925,13.2845,8.8735,-2.5315000000000003,0.0,4484.48,4972.955,2672.21,2485.885,150.79,143.675,146.41500000000002,-0.02,417.557,49.98646825065912,2.88900599068046,5701.615,6122.7365,3691.6115,3246.9775,164.0745,152.5485,146.41500000000002,-51.955,53.03085325606416,2.491457300130835,0.0,0.0,62.88,2629.5600000000004,2823.0,186.32499999999985,7.114999999999981,193.4399999999998,417.537
2026-01-27 14:00:00,954.649,0.0,218.718,41.339,9.738,146.769,0.0,0.0,2673.443,5001.742,115.385,2673.443,0.5345023793710272,2328.299,4044.656,True,True,True,2,1138.9615,1033.6615000000002,765.229,14.565,10.308,-2.4855,0.0,4589.715,5047.0,3056.6800000000003,2888.525,130.84,127.575,147.01999999999998,-0.02,337.2115,57.22964575077776,2.528946307248493,5843.831999999999,6185.961499999999,4090.3415,3653.754,145.405,137.883,147.01999999999998,-101.03,59.06396837563344,2.2295397991132795,0.0,0.0,67.16499999999999,3016.0999999999995,3187.5200000000004,168.15500000000063,3.265000000000015,171.42000000000067,337.1915
2026-01-27 14:30:00,828.41,0.0,172.431,41.412,12.446,147.198,0.0,0.0,2973.628,5066.048,115.385,2973.628,0.5869719355205478,2092.42,4175.525,True,True,True,2,1124.8265,1020.131,733.4200000000001,9.0365,5.763,-2.466,0.0,4612.700000000001,5038.950000000001,3075.02,2914.54,90.705,86.93,146.805,-0.02,315.395,57.84047742510581,1.7252624050520102,5846.9525,6163.7765,4095.151,3647.96,99.7415,92.693,146.805,-94.865,59.18395433356756,1.5038515162268913,0.0,0.0,66.08000000000001,3001.47,3165.725,160.48000000000002,3.7750000000000057,164.25500000000002,315.375
2026-01-27 15:00:00,873.48,0.0,165.036,41.339,49.732,146.938,0.0,0.0,2946.822,5078.764,122.73,2946.822,0.5802242435364195,2131.942,4223.347,True,True,True,2,1122.684,1014.59,704.2819999999999,5.399,2.6495,-2.4725,0.0,4692.115,5137.254999999999,3285.895,3073.11,77.41499999999999,73.03999999999999,146.32999999999998,-0.02,400.8105,59.815943567841366,1.4221448714374785,5857.943,6259.938999999999,4300.485,3777.392,82.814,75.68950000000001,146.32999999999998,-26.195,60.339443936544576,1.2094213378290668,0.0,0.0,68.11,3146.15,3363.31,212.78499999999983,4.375,217.15999999999983,400.7905
2026-01-27 15:30:00,834.999,0.0,164.031,41.339,9.738,144.121,0.0,0.0,3197.848,5166.945,122.73,3197.848,0.6189049815703477,1969.097,4392.076,True,True,True,2,1144.201,1039.2065,707.662,4.569,1.444,-2.549,0.0,4855.695,5195.0650000000005,3444.405,3281.13,51.48,50.370000000000005,145.95,-0.015,285.022,63.15728888141421,0.9695151284951502,6047.029500000001,6339.266,4483.6115,3988.792,56.049,51.814,145.95,-30.93,62.92084856625703,0.8173057023757785,0.0,0.0,68.415,3331.5,3495.885,163.27499999999964,1.1099999999999994,164.38499999999965,285.007
2026-01-27 16:00:00,842.194,0.0,177.792,41.412,12.889,146.163,0.0,0.0,3349.111,5228.528,132.98,3349.111,0.6405456755706386,1879.4170000000004,4569.561,True,True,True,2,1183.342,1060.1460000000002,733.0105000000001,3.503,0.268,-2.4855,0.0,5074.25,5294.65,3499.42,3330.76,29.525,27.605000000000004,145.75,-0.02,166.97250000000005,62.90990930458835,0.5221004224141705,6304.3875,6477.992,4559.566000000001,4063.7705,33.028000000000006,27.873,145.75,-31.165,62.73395514691733,0.4310164304582186,0.0,0.0,65.925,3358.365,3528.945,168.65999999999983,1.9199999999999984,170.57999999999984,166.9525
2026-01-27 16:30:00,906.797,0.0,164.031,41.202,234.376,145.389,0.0,0.0,3316.786,5359.46,132.98,3316.786,0.6188657066196968,2042.674,4808.581,True,True,True,2,1252.526,1073.058,739.2915,3.174,0.0,-2.473,0.0,5204.17,5414.35,3470.645,3257.795,9.48,8.690000000000001,145.72500000000002,-0.02,237.058,60.173286966133546,0.1608799062047637,6425.3395,6666.876,4543.703,3997.0865,12.654,8.690000000000001,145.72500000000002,48.715,59.95910984007915,0.1307287935889785,0.0,0.0,64.89,3266.485,3480.125,212.8499999999999,0.7899999999999991,213.6399999999999,237.038
2026-01-27 17:00:00,945.382,0.0,182.148,41.339,226.541,145.177,0.0,0.0,3235.547,5466.282,142.415,3235.547,0.5919100039112508,2230.735,4776.134,True,True,True,2,1307.8765,1057.833,737.7975,3.003,0.0,-2.4965,0.0,5488.185,5547.185,3574.05,3342.67,1.67,1.02,145.565,-0.02,146.4735,60.25750849495889,0.0184773663482951,6700.764999999999,6855.0615,4631.883,4080.4675,4.673,1.02,145.565,112.725,59.524330692330615,0.0149507288392947,0.0,0.0,65.13,3343.69,3575.7200000000003,231.3800000000001,0.6499999999999999,232.0300000000001,146.4535
2026-01-27 17:30:00,989.703,0.0,201.271,41.339,238.695,145.459,0.0,0.0,3421.872,5619.885,142.415,3421.872,0.6088864807731831,2198.0130000000004,5038.339,True,True,True,2,1306.7165,1044.971,712.6569999999999,3.003,0.0,-2.533,0.0,5576.155,5639.91,3637.545,3397.68,1.57,0.5349999999999999,145.51999999999998,-0.015,169.0255,60.24371798504179,0.009478136750891,6774.9685,6946.6265,4682.516,4110.337,4.573,0.5349999999999999,145.51999999999998,126.895,59.170376801084544,0.0076982406986427,0.0,0.0,64.92,3398.215,3639.115,239.86500000000024,1.035,240.90000000000023,169.0105
2026-01-27 18:00:00,960.189,0.0,190.19,41.27,233.202,145.792,0.0,0.0,3434.96,5655.812,140.575,3434.96,0.6073327755590179,2220.852,5005.603,True,True,True,2,1255.6445,1025.3725,695.2695,3.003,0.0,-2.49,0.0,5478.405000000001,5618.02,3689.745,3437.725,1.52,0.92,145.66500000000002,-0.02,223.78,61.19134634822677,0.0163768821990582,6643.728,6873.664500000001,4715.1175,4132.9945,4.523,0.92,145.66500000000002,108.43,60.1286237384377,0.0133859577675002,0.0,0.0,65.49499999999999,3438.645,3691.265,252.02,0.6000000000000001,252.62,223.76
2026-01-27 18:30:00,986.052,0.0,200.6,41.27,208.818,145.29,0.0,0.0,3409.391,5572.564,140.575,3409.391,0.6118172891329736,2163.173,4991.421,True,True,True,2,1195.991,1006.7195,686.3795,3.003,0.0,-2.2095,0.0,5483.555,5545.055,3690.44,3470.27,1.5,0.885,145.365,-0.02,82.4605,62.5865523072134,0.0159600649757399,6651.6655,6741.046,4697.1595,4156.6495,4.503,0.885,145.365,45.4,61.666066155117335,0.0131285022362875,0.0,0.0,64.03,3471.155,3691.94,220.17000000000007,0.615,220.78500000000008,82.4405
2026-01-27 19:00:00,1001.339,0.0,189.855,41.202,204.782,145.128,0.0,0.0,3515.743,5482.211,132.84,3515.743,0.6413001980405351,1966.4680000000003,5098.049,True,True,True,2,1154.5755,971.6965,743.9369999999999,3.003,0.0,-2.2675,0.0,5352.615,5448.305,3782.26,3507.54,1.49,0.895,144.68,-0.02,41.0885,64.38015631803891,0.0164290068033011,6556.189,6602.8805,4753.9565,4251.477000000001,4.493,0.895,144.68,-34.25,64.38980734198812,0.0135565370999569,0.0,0.0,65.08999999999999,3508.435,3783.75,274.72000000000025,0.595,275.3150000000003,41.06849999999999
2026-01-27 19:30:00,940.552,0.0,165.036,41.202,201.486,144.658,0.0,0.0,3486.219,5379.621,132.84,3486.219,0.6480417486659377,1893.402,4979.153,True,True,True,2,1105.6665,973.398,733.9565,3.003,0.0,-2.476,0.0,5208.575,5298.655000000001,3696.48,3420.0950000000003,1.495,0.92,144.715,-0.02,-7.932499999999999,64.54730576801728,0.0173609627134392,6406.3145,6404.3215,4669.878000000001,4154.0515000000005,4.498,0.92,144.715,-77.38,64.86484215105916,0.0143636658465375,0.0,0.0,64.88,3421.0150000000003,3697.975,276.38499999999976,0.5750000000000002,276.9599999999997,-7.952499999999999
2026-01-27 20:00:00,940.013,0.0,164.366,41.202,139.229,145.056,0.0,0.0,3346.256,5209.537,124.255,3346.256,0.6423327063422334,1863.2810000000004,4776.122,True,True,True,2,1056.535,991.6485,748.1745,3.003,0.0,-2.488,0.0,4965.665,5175.305,3570.255,3328.045,1.465,0.935,144.91,-0.015,44.268,64.30354630770519,0.0180666520733837,6182.257,6231.84,4561.9035,4076.2195,4.468,0.935,144.91,-146.76,65.409751264995,0.0150037097197169,0.0,0.0,66.16499999999999,3328.98,3571.7200000000003,242.21000000000004,0.5299999999999998,242.74000000000004,44.253
2026-01-27 20:30:00,947.014,0.0,163.361,41.27,0.0,145.02,0.0,0.0,3231.661,5100.172,124.255,3231.661,0.6336376498674947,1868.5109999999995,4528.326,True,True,True,2,1018.211,997.959,760.3375,3.003,0.0,-2.4885,0.0,4753.32,5037.705,3530.46,3273.15,1.465,0.915,144.41000000000005,-0.02,76.405,64.9793299877056,0.018164136103332,5968.970499999999,6055.916,4528.419,4033.4875,4.468,0.915,144.41000000000005,-185.49,66.61047388093164,0.0151102511148428,0.0,0.0,67.945,3274.065,3531.925,257.30999999999995,0.5499999999999998,257.86,76.385
2026-01-27 21:00:00,842.827,0.0,164.366,41.202,0.0,145.444,0.0,0.0,3354.54,4980.842,117.03,3354.54,0.6734885386848248,1626.3019999999997,4548.379,True,True,True,2,963.539,946.318,715.933,3.003,0.0,-2.048,0.0,4684.635,4889.075,3487.04,3294.16,1.465,0.92,144.79,-0.02,-4.894,67.38017002711084,0.0188119619176929,5864.1900000000005,5852.614,4433.358,4010.093,4.468,0.92,144.79,-203.605,68.51819633336554,0.0157143283181267,0.0,0.0,68.345,3295.08,3488.505,192.8800000000001,0.5449999999999999,193.4250000000001,-4.914
2026-01-27 21:30:00,789.761,0.0,163.026,41.339,0.0,144.429,0.0,0.0,3258.486,4791.77,117.03,3258.486,0.6800171961509003,1533.2840000000006,4397.041,True,True,True,2,908.533,882.7105,656.9114999999999,3.003,0.0,-1.8875,0.0,4554.52,4696.1900000000005,3399.795,3201.7700000000004,1.47,0.925,144.94,-0.03,-70.634,68.17834904115854,0.0196982205130972,5681.845499999999,5604.723,4282.5055,3858.6815,4.473000000000001,0.925,144.94,-207.195,68.84833887667429,0.0165054278699421,0.0,0.0,67.825,3202.6950000000006,3401.265,198.02499999999964,0.5449999999999999,198.5699999999996,-70.664
2026-01-27 22:00:00,803.509,0.0,167.047,41.202,0.0,145.19,0.0,0.0,3112.919,4586.728,108.085,3112.919,0.6786796600975684,1473.8090000000002,4269.867,True,True,True,2,840.559,904.0215,580.1625,3.003,0.0,-1.696,0.0,4457.52,4504.205,3278.45,3063.9300000000003,1.46,0.905,145.29000000000002,-0.02,-174.0885,68.02937842706275,0.0200946023048188,5524.198,5344.764,4182.4715,3644.0925,4.463,0.905,145.29000000000002,-214.305,68.1858632895863,0.0169350661802513,0.0,0.0,65.93,3064.8350000000005,3279.91,214.51999999999956,0.5549999999999999,215.07499999999956,-174.10850000000002
2026-01-27 22:30:00,802.763,0.0,165.372,41.339,0.0,145.198,0.0,0.0,3045.175,4407.576,108.085,3045.175,0.690895630614197,1362.4009999999998,4199.847,True,True,True,2,768.1745000000001,895.1575,494.6205,3.003,0.0,-1.748,0.0,4285.365,4289.305,3120.645,2902.835,1.435,0.92,145.3,-0.02,-198.658,67.67489751493969,0.0214523261042143,5262.862500000001,5057.4795,4015.8025,3397.4555,4.438,0.92,145.3,-197.795,67.17400490977306,0.0181947550583096,0.0,0.0,64.53999999999999,2903.755,3122.08,217.80999999999997,0.515,218.32499999999996,-198.67800000000005
2026-01-27 23:00:00,846.967,0.0,177.457,41.412,0.0,145.788,0.0,0.0,2762.312,4182.767,103.09,2762.312,0.6604030298603771,1420.455,3973.936,True,True,True,2,700.146,870.6845000000001,433.388,3.003,0.0,-2.4795,0.0,4297.29,4274.91,2870.66,2663.55,1.475,0.93,145.365,57.755,-198.712,62.30470349582535,0.0217560131259769,5188.989,4975.056,3741.3445,3096.938,4.478,0.93,145.365,-178.785,62.24790360228823,0.0186950316625249,0.0,0.0,60.095,2664.48,2872.135,207.10999999999967,0.5450000000000002,207.6549999999997,-140.957
2026-01-27 23:30:00,1086.497,0.0,249.255,41.412,0.0,144.808,0.0,0.0,2590.372,4218.672,103.09,2590.372,0.6140254563521411,1628.2999999999995,4112.344,True,True,True,2,654.5815,913.5015,436.394,3.003,0.0,-6.2525,0.0,4450.155000000001,4165.27,2853.335,2634.855,1.47,0.935,144.71,18.03,-168.536,63.26226093953576,0.0224515377055927,5291.8975,4819.851500000001,3766.8365,3071.249,4.473000000000001,0.935,144.71,-171.66,63.72616738654487,0.0194033709570496,0.0,0.0,58.21000000000001,2635.79,2854.805,218.48,0.5349999999999999,219.015,-150.506
2026-01-28 00:00:00,1028.616,0.0,240.521,41.202,0.0,145.37,0.0,0.0,2692.998,4110.265,104.79,2692.998,0.6551884124259627,1417.2670000000005,4148.707,True,True,True,2,627.7175,879.5035,430.3135,3.003,0.0,-4.7010000000000005,0.0,4237.82,4096.3150000000005,2873.655,2701.27,1.455,0.955,144.64999999999998,85.895,-29.2005,65.94276755250317,0.0233110618844401,5080.2965,4724.032499999999,3753.1585,3131.5835,4.458,0.955,144.64999999999998,-200.925,66.28947538847108,0.0202133990710524,0.0,0.0,62.24000000000001,2702.225,2875.11,172.38499999999976,0.5,172.88499999999976,56.69449999999999
2026-01-28 00:30:00,935.435,0.0,174.106,41.412,0.0,145.536,0.0,0.0,2682.902,4046.83,104.79,2682.902,0.6629638507177222,1363.928,3979.391,True,True,True,2,603.9784999999999,836.9159999999999,392.374,3.003,0.0,-4.6965,0.0,4095.09,3982.415,2761.06,2609.4300000000003,1.44,0.955,145.07,6.65,68.4875,65.51762173255602,0.0239860031524147,4902.594999999999,4586.3935,3597.976,3001.804,4.443,0.955,145.07,-190.445,65.4457504595578,0.0208268712182754,0.0,0.0,61.75999999999999,2610.385,2762.5,151.62999999999963,0.485,152.11499999999967,75.1375
2026-01-28 01:00:00,912.225,0.0,164.366,41.412,0.0,145.054,0.0,0.0,2570.022,3938.196,104.995,2570.022,0.6525886471876972,1368.174,3833.079,True,True,True,2,626.4224999999999,791.825,387.8415,3.003,0.0,-4.7305,0.0,3957.55,3904.13,2633.745,2510.315,1.46,0.965,144.98000000000002,0.02,207.069,64.29510350532586,0.0247189400380672,4754.339,4530.5525,3425.57,2898.1565,4.463,0.965,144.98000000000002,-156.74,63.96619391832088,0.0213006863761912,0.0,0.0,62.485,2511.28,2635.205,123.42999999999984,0.495,123.92499999999984,207.08900000000003
2026-01-28 01:30:00,896.88,0.0,164.366,41.339,0.0,144.572,0.0,0.0,2419.876,3845.684,104.995,2419.876,0.6292446285238205,1425.808,3667.033,True,True,True,2,620.0065,740.9355,373.7105,3.003,0.0,-4.784,0.0,3855.355,3834.155,2592.3500000000004,2461.675,1.45,0.945,144.965,0.015,239.705,64.20429275160096,0.0246490034923012,4638.235500000001,4454.1615,3333.2855,2835.3855000000003,4.452999999999999,0.945,144.965,-147.66000000000005,63.65794078502126,0.0212179122482919,0.0,0.0,62.92500000000001,2462.6200000000003,2593.8,130.67500000000018,0.5049999999999999,131.18000000000018,239.72
2026-01-28 02:00:00,825.38,0.0,164.031,41.339,0.0,144.983,0.0,0.0,2413.625,3809.474,104.655,2413.625,0.6335848466218695,1395.8490000000002,3589.358,True,True,True,2,625.2115,686.5455,412.809,3.003,0.0,-4.8295,0.0,3825.78,3921.795,2655.2650000000003,2489.51,1.48,0.94,145.29000000000002,0.025,280.2755,63.47813038869816,0.0239697185582253,4646.036,4547.0065,3341.8105,2902.319,4.4830000000000005,0.94,145.29000000000002,-179.77499999999998,63.82855080258352,0.0206738251550262,0.0,0.0,64.435,2490.4500000000003,2656.7450000000003,165.7550000000001,0.54,166.2950000000001,280.3005
2026-01-28 02:30:00,761.162,0.0,164.366,41.13,0.0,145.357,0.0,0.0,2537.878,3931.349,104.655,2537.878,0.6455488942853967,1393.471,3649.893,True,True,True,2,626.7935,669.8145,417.1455,3.003,0.0,-4.82,0.0,3840.335,3906.195,2753.5150000000003,2595.62,1.44,0.95,145.02499999999998,0.015,204.683,66.44830015404936,0.0243206936902801,4666.2045,4532.9885,3423.3295,3012.7654999999995,4.443,0.95,145.02499999999998,-182.955,66.46307795262165,0.0209576934866427,0.0,0.0,65.86999999999999,2596.57,2754.9550000000004,157.89500000000044,0.49,158.38500000000045,204.698
2026-01-28 03:00:00,737.963,0.0,181.813,41.339,0.0,145.67,0.0,0.0,2493.84,3871.923,104.62,2493.84,0.6440830564037561,1378.0829999999996,3600.625,True,True,True,2,625.048,619.579,409.265,3.003,0.0,-4.875,0.0,3818.83,3860.56,2551.655,2435.245,1.455,0.945,145.125,0.015,148.613,63.07984394686743,0.0244781943414794,4648.8885,4485.608,3171.234,2844.51,4.458,0.945,145.125,-189.71,63.41381294886401,0.0210672753217806,0.0,0.0,62.25000000000001,2436.19,2553.11,116.40999999999984,0.5100000000000001,116.91999999999986,148.628
2026-01-28 03:30:00,848.385,0.0,169.393,41.412,0.0,145.654,0.0,0.0,2423.604,3836.97,104.62,2423.604,0.6316452826058061,1413.366,3628.448,True,True,True,2,615.701,672.386,410.328,3.003,0.0,-4.93,0.0,3834.64,3805.685,2522.33,2433.13,1.45,0.945,145.02999999999997,0.015,68.71950000000001,63.936169592224736,0.0248298054758214,4662.693499999999,4421.386,3194.7160000000003,2843.458,4.452999999999999,0.945,145.02999999999997,-196.825,64.31201637695456,0.0213721672928373,0.0,0.0,61.46,2434.0750000000003,2523.78,89.19999999999982,0.5049999999999999,89.70499999999981,68.73450000000001
2026-01-28 04:00:00,856.6,0.0,171.426,41.339,0.0,144.892,0.0,0.0,2402.325,3752.475,105.0,2402.325,0.6401974696700178,1350.15,3616.582,True,True,True,2,621.9035,651.109,390.1855,3.003,0.0,-4.918,0.0,3784.565,3731.695,2513.665,2400.915,1.45,0.935,145.125,0.02,77.48400000000001,64.34039564189655,0.0250543319538855,4585.3995,4353.5985,3164.7740000000003,2791.1005,4.452999999999999,0.935,145.125,-164.41,64.11202322767747,0.0214755365743511,0.0,0.0,61.42000000000001,2401.85,2515.115,112.75,0.5149999999999999,113.265,77.504
2026-01-28 04:30:00,833.646,0.0,164.366,41.061,0.0,143.6,0.0,0.0,2432.509,3701.754,105.0,2432.509,0.6571233528754207,1269.245,3615.182,True,True,True,2,635.4275,624.3634999999999,415.2815,3.003,0.0,-4.933,0.0,3816.74,3697.6,2562.835,2438.12,1.47,0.93,145.20499999999998,0.025,2.3125,65.93791233249883,0.0251516383338531,4642.3205,4333.0275,3187.1985000000004,2853.4015,4.473,0.93,145.20499999999998,-175.57,65.8522623187564,0.0214635503356945,0.0,0.0,61.355,2439.05,2564.305,124.71500000000016,0.54,125.25500000000017,2.3375
2026-01-28 05:00:00,835.235,0.0,163.026,41.27,0.0,145.401,0.0,0.0,2454.939,3701.959,113.975,2454.939,0.6631459181476618,1247.02,3639.871,True,True,True,2,662.58,616.7995000000001,434.685,3.003,0.0,-4.9255,0.0,3797.495,3752.515,2585.025,2475.145,1.46,0.94,145.55,-57.73,-71.179,65.96170101655632,0.0250523340123798,4653.123,4415.095,3201.8245,2909.83,4.463,0.94,145.55,-177.89999999999998,65.90801630909536,0.0212929863811842,0.0,0.0,62.395,2476.085,2586.485,109.87999999999964,0.52,110.39999999999964,-128.909
2026-01-28 05:30:00,807.87,0.0,170.733,41.339,0.0,145.265,0.0,0.0,2454.928,3780.711,113.975,2454.928,0.649329716024314,1325.783,3620.135,True,True,True,2,700.802,536.9984999999999,478.8625,3.003,0.0,-4.93,0.0,3846.465,3829.0,2492.9700000000003,2382.635,1.465,0.955,145.79500000000002,-8.885,-177.837,62.233124065717696,0.0249412817884991,4740.0125,4529.802,3029.9685,2861.4975000000004,4.468,0.955,145.79500000000002,-178.24,63.17906034977094,0.0210829934534259,0.0,0.0,60.21000000000001,2383.59,2494.4350000000004,110.33500000000004,0.5099999999999999,110.84500000000004,-186.722
2026-01-28 06:00:00,1021.792,0.0,164.366,41.202,0.0,145.438,0.0,0.0,2383.458,3906.647,135.635,2383.458,0.6101032419873104,1523.189,3756.256,True,True,True,2,788.3465,491.537,502.456,3.003,0.0,-2.599,0.0,4167.38,4076.945,2619.355,2463.5950000000003,1.46,0.935,145.42000000000002,-0.015,-193.6475,60.43926362176981,0.022933605239046,5080.5425000000005,4865.291499999999,3110.892,2966.0510000000004,4.463,0.935,145.42000000000002,-113.095,60.979451510770375,0.0192179015218519,0.0,0.0,58.17000000000001,2464.53,2620.815,155.75999999999976,0.5249999999999999,156.28499999999977,-193.6625
2026-01-28 06:30:00,1203.661,0.0,220.058,41.412,10.394,145.497,0.0,0.0,2522.753,4198.708,135.635,2522.753,0.6008403061132139,1675.9549999999997,4143.775000000001,True,True,True,2,873.374,487.3775,493.356,3.003,0.0,-2.4845,0.0,4505.195,4318.85,2743.7200000000003,2593.395,1.44,0.98,145.815,-20.475,-193.6665,60.0511560436682,0.0226859698874473,5409.9645,5192.224,3231.0975,3086.751,4.443,0.98,145.815,-17.05,59.455523161622416,0.0188699810306872,0.0,0.0,56.90500000000001,2594.375,2745.1600000000003,150.32500000000027,0.4599999999999999,150.78500000000028,-214.1415
2026-01-28 07:00:00,1339.599,0.0,243.201,41.48,154.541,144.876,0.0,0.0,2609.798,4446.06,151.425,2609.798,0.58699117870654,1836.2620000000009,4533.495,True,True,True,2,1003.321,513.2735,515.1005,3.003,0.0,-2.477,0.0,5012.3150000000005,4660.014999999999,2746.925,2617.66,1.465,0.965,145.935,-121.755,-193.743,56.191333459492256,0.0207217712162403,5974.5405,5663.335999999999,3260.1985,3132.7605000000003,4.468,0.965,145.935,57.195,55.33930498880616,0.0170525353596589,0.0,0.0,52.38499999999999,2618.625,2748.3900000000003,129.26500000000033,0.4999999999999999,129.76500000000033,-315.498
2026-01-28 07:30:00,1579.188,0.0,313.324,41.339,262.651,145.185,0.0,0.0,2647.195,4805.77,151.425,2647.195,0.5508368065887465,2158.5750000000003,4988.882,True,True,True,2,1099.672,476.6185,481.664,3.003,0.0,-2.5485,0.0,5283.790000000001,4923.965,2803.99,2642.85,1.45,0.995,145.815,-28.01,-193.7175,53.67645521236509,0.020212273103118,6247.006,6023.637,3280.6085000000003,3124.514,4.453,0.995,145.815,155.16,51.87816117163266,0.0165231062483582,0.0,0.0,49.970000000000006,2643.845,2805.44,161.13999999999987,0.4549999999999999,161.59499999999989,-221.7275
2026-01-28 08:00:00,1659.027,0.0,359.946,41.339,258.478,145.039,0.0,0.0,2643.199,4961.059,159.82,2643.199,0.5327892693878464,2317.86,5107.028,True,True,True,2,1137.7525,493.7355,495.0075000000001,3.108,0.097,-2.435,0.0,5318.71,4994.41,2819.13,2641.605,2.855,2.23,145.39999999999998,-1.675,-193.7565,52.89183598535698,0.0446036339696232,6336.856,6132.1625,3312.8655,3136.6125,5.963,2.327,145.39999999999998,138.68,51.15034140964414,0.0378999342762779,0.0,0.0,49.595,2643.835,2821.985,177.5250000000001,0.625,178.1500000000001,-195.43150000000003
2026-01-28 08:30:00,1649.982,0.0,356.93,41.339,284.991,144.826,0.0,0.0,2588.791,4974.418,159.82,2588.791,0.5204208813975827,2385.6269999999995,5066.859,True,True,True,2,1151.031,536.8910000000001,535.7114999999999,4.5915,2.7190000000000003,-2.5355,0.0,5278.0650000000005,4979.035,2620.47,2500.45,21.135,20.595,145.505,-65.74000000000001,-147.27499999999998,50.2202527941067,0.4135587317546442,6345.868,6130.066,3157.361,3036.1615,25.7265,23.314,145.505,101.66,49.529712670401246,0.380232240085796,0.0,0.0,48.57,2521.045,2641.605,120.01999999999998,0.5399999999999991,120.55999999999996,-213.015
2026-01-28 09:00:00,1697.643,0.0,405.585,41.339,291.438,144.729,0.0,0.0,2353.288,4991.751,150.475,2353.288,0.4714353740801574,2638.463,4934.022,True,True,True,2,1166.4435,531.1745000000001,531.1745000000001,10.461,9.586,-2.5675,0.0,5140.700000000001,5025.3150000000005,2375.91,2279.925,69.765,65.405,145.44,-4.025,-18.9005,45.37194818624679,1.3003154114596729,6217.6695,6191.7585,2907.0845,2811.0995000000003,80.226,74.991,145.44,107.475,45.40318190169637,1.20997542023533,0.0,0.0,47.045,2345.3300000000004,2445.675,95.98499999999969,4.359999999999999,100.34499999999969,-22.9255
2026-01-28 09:30:00,1749.285,0.0,421.022,41.339,31.561,146.145,0.0,0.0,2197.151,5035.89,150.475,2197.151,0.4362984497278534,2838.7390000000005,4586.503000000001,True,True,True,2,1167.0595,536.5764999999999,534.36,16.0955,13.898,-2.5585,0.0,4994.325000000001,5014.235000000001,2174.36,2118.515,142.265,124.9,146.16500000000002,-0.02,0.939,42.24839384339416,2.49170224682355,6196.544,6181.2945,2710.9365,2652.875,158.3605,138.798,146.16500000000002,-15.45,42.91651546088333,2.246140196523484,0.0,0.0,45.745000000000005,2243.415,2316.625,55.845000000000255,17.36499999999998,73.21000000000024,0.919
2026-01-28 10:00:00,1726.943,0.0,403.91,41.339,15.593,146.436,0.0,0.0,2112.871,4978.135,135.4,2112.871,0.424430233410705,2865.264,4447.092000000001,True,True,True,2,1150.848,527.931,529.3035,22.87,21.245,-1.8995,0.0,4959.9,4946.3,2138.195,2085.595,181.26,165.17000000000002,146.425,-0.025,-57.1295,42.16431695514107,3.34058831987348,6166.3045,6097.148,2666.126,2614.8985,204.13,186.415,146.425,-36.74,42.88701802638264,3.058602023039746,0.0,0.0,46.330000000000005,2250.765,2319.455,52.60000000000037,16.089999999999975,68.69000000000034,-57.1545
2026-01-28 10:30:00,1710.322,0.0,400.894,60.54,5.854,146.445,0.0,0.0,2079.695,4914.503,135.4,2079.695,0.4231750392664325,2834.8079999999995,4403.75,True,True,True,2,1136.038,495.539,495.1135,32.106500000000004,30.928,-1.7155,0.0,4995.049999999999,4876.715,2185.91,2108.925,261.725,207.715,146.66,-0.02,-105.169,43.24764518297224,4.260658692668427,6126.106,6012.753,2681.449,2604.0385,293.8315,238.643,146.66,22.735,43.3107937287384,3.970331528765314,0.0,0.0,47.625,2316.6400000000003,2447.635,76.98499999999967,54.01000000000005,130.99499999999972,-105.189
2026-01-28 11:00:00,1719.403,0.0,402.569,66.888,5.488,146.888,0.0,0.0,2220.228,4873.779,123.87,2220.228,0.4555454812374545,2653.5510000000004,4561.464,True,True,True,2,1110.312,473.299,477.559,40.008,38.9095,-1.6880000000000002,0.0,5073.71,4852.75,2336.27,2245.405,295.67,236.53500000000005,146.635,-0.02,-135.6595,46.27195635508695,4.874451891470242,6100.4035,5963.062,2809.569,2722.964,335.678,275.4445,146.635,100.69,45.665275630715655,4.619409399964085,0.0,0.0,50.51,2481.94,2631.94,90.86500000000024,59.134999999999934,150.00000000000017,-135.67950000000002
2026-01-28 11:30:00,1660.44,0.0,385.458,58.096,0.0,146.017,0.0,0.0,2304.28,4820.747,123.87,2304.28,0.4779923111501184,2516.467,4554.291,True,True,True,2,1101.5715,464.876,465.7575,35.761,34.848,-1.6795,0.0,5065.305,4793.655000000001,2511.105,2377.33,302.81,248.88,146.16,-0.02,-180.151,49.59696033322616,5.191317059676118,6071.4025,5895.226500000001,2975.981,2843.0875000000005,338.571,283.72799999999995,146.16,111.275,48.22948203505314,4.812367153059319,0.0,0.0,53.785,2626.21,2813.915,133.7750000000001,53.93000000000001,187.7050000000001,-180.171
2026-01-28 12:00:00,1563.923,0.0,295.877,41.202,0.0,146.528,0.0,0.0,2479.054,4765.547,118.78,2479.054,0.5202034519856797,2286.4929999999995,4526.584,True,True,True,2,1100.7,441.9965,443.1435,37.369,34.9275,-1.673,0.0,5065.36,4771.025,2630.17,2511.6450000000004,389.255,293.635,146.28,-0.015,-194.1785,52.64443392667416,6.155210026604798,6059.8135,5871.725,3072.1665000000003,2954.7885,426.624,328.5625,146.28,123.57,50.322643213620566,5.5961972387971,0.0,0.0,56.755,2805.2800000000007,3019.425,118.52499999999964,95.62,214.14499999999964,-194.1935
2026-01-28 12:30:00,1522.921,0.0,258.638,41.202,0.0,146.509,0.0,0.0,2529.07,4750.287,118.78,2529.07,0.5324036210864733,2221.217,4498.34,True,True,True,2,1096.2089999999998,426.0755,426.7565,38.173,36.543,-2.361,0.0,5055.924999999999,4750.615,2622.495,2499.505,434.05,352.615,146.32,-0.02,-198.697,52.613943418891054,7.422824161272993,6039.843,5846.824,3048.5705,2926.2615,472.223,389.158,146.32,130.39,50.04845837205516,6.656178804427321,0.0,0.0,57.92,2852.12,3056.545,122.98999999999978,81.435,204.42499999999976,-198.717
2026-01-28 13:00:00,1543.683,0.0,187.845,41.202,0.0,147.07,0.0,0.0,2469.436,4729.354,118.925,2469.436,0.5221508053742646,2259.918,4389.236,True,True,True,2,1078.7965,436.947,438.694,31.6105,29.027,-6.789,0.0,5001.725,4721.405000000001,2605.81,2485.945,348.875,335.635,146.66500000000002,-0.02,-198.673,52.65317019679543,7.108997176365012,5996.0160000000005,5800.2015,3042.757,2924.639,380.4855,364.662,146.66500000000002,105.725,50.42411857672525,6.287272606257352,0.0,0.0,57.655,2821.58,2954.685,119.86500000000024,13.240000000000007,133.10500000000025,-198.693
2026-01-28 13:30:00,1499.194,0.0,164.366,41.202,0.0,146.982,0.0,0.0,2435.8,4688.961,118.925,2435.8,0.51947542323342,2253.161,4287.544,True,True,True,2,1058.195,456.5845000000001,462.4865,27.05,24.549,-6.792,0.0,4951.025,4700.365,2654.285,2503.25,310.925,297.345,146.45,-0.02,-198.72000000000003,53.25402919993161,6.327175405393912,5954.136,5758.56,3110.8695,2965.7365,337.975,321.894,146.45,75.855,51.500339237068026,5.590265191642449,0.0,0.0,57.08,2800.5950000000003,2965.21,151.03499999999983,13.579999999999984,164.61499999999984,-198.74000000000004
2026-01-28 14:00:00,1422.975,0.0,164.701,41.48,0.0,146.238,0.0,0.0,2615.284,4732.431,120.0,2615.284,0.5526301387172894,2117.1469999999995,4390.678,True,True,True,2,1053.618,500.127,504.7975,20.905,21.2075,-2.1585,0.0,4952.285,4758.610000000001,2776.13,2667.455,242.025,223.945,146.425,-0.02,-198.712,56.053420967874686,4.70684783246687,6002.4985,5812.228,3276.257,3172.2525,262.92999999999995,245.15250000000003,146.425,18.34,54.577528243017895,4.218302477214905,0.0,0.0,58.02499999999999,2891.4,3018.155,108.67500000000018,18.079999999999984,126.75500000000017,-198.732
2026-01-28 14:30:00,1288.308,0.0,177.457,41.339,0.0,146.636,0.0,0.0,2670.991,4783.958,120.0,2670.991,0.5583224183824357,2112.967,4324.731,True,True,True,2,1056.717,536.307,537.2265,23.096,21.66,-2.553,0.0,4988.0,4815.42,2801.415,2707.185,169.3,159.135,146.24,-53.34,-165.315,56.21932608075946,3.3056747502243784,6085.2765,5872.137000000001,3337.722,3244.4115,192.396,180.795,146.24,-25.535,55.2507629306606,3.0794908535535117,0.0,0.0,57.185,2866.32,2970.715,94.23000000000002,10.16500000000002,104.39500000000004,-218.655
2026-01-28 15:00:00,1386.959,0.0,165.707,41.339,0.0,146.278,0.0,0.0,2721.313,4873.705,133.08,2721.313,0.5583663762989348,2152.392,4461.5960000000005,True,True,True,2,1065.661,529.7149999999999,537.2049999999999,18.112,16.1735,-2.5565,0.0,4936.08,4907.3150000000005,2788.45,2694.29,93.145,87.755,146.765,-17.625,-32.4675,54.903491646434375,1.7899545171024835,6018.8955000000005,5972.976000000001,3318.165,3231.495,111.257,103.9285,146.765,-2.2750000000000004,54.10264838748354,1.74151162618979,0.0,0.0,56.05,2782.045,2881.595,94.15999999999984,5.390000000000001,99.54999999999986,-50.0925
2026-01-28 15:30:00,1404.037,0.0,167.382,41.339,0.0,145.903,0.0,0.0,2706.03,4943.715,133.08,2706.03,0.5473677184060974,2237.685,4464.691000000001,True,True,True,2,1097.0705,564.8875,571.166,9.7615,8.1495,-2.5435,0.0,4945.905,4991.110000000001,2790.26,2710.17,61.44,59.61,146.485,-17.465,31.723,54.30089741958125,1.1947581475323357,6066.672,6088.1805,3355.1475,3281.336,71.2015,67.7595,146.485,-8.46,53.89570205429962,1.1134922111283063,0.0,0.0,55.885000000000005,2769.78,2851.7000000000003,80.09000000000015,1.8299999999999983,81.92000000000014,14.258
2026-01-28 16:00:00,1497.097,0.0,192.894,41.339,4.466,146.683,0.0,0.0,2743.42,5057.712,147.64,2743.42,0.5424231352042188,2314.2920000000004,4625.898999999999,True,True,True,2,1147.14,629.8695,631.8395,8.155000000000001,5.5355,-2.5515,0.0,5188.575,5117.785,2805.63,2705.135,35.38,34.105000000000004,146.975,-111.975,9.806,52.85932386820449,0.6675288850737182,6362.898999999999,6264.924999999999,3435.4995,3336.9745000000003,43.535,39.6405,146.975,-12.96,53.266123784774734,0.6340540438119294,0.0,0.0,54.075,2739.24,2841.01,100.49499999999988,1.2749999999999986,101.7699999999999,-102.169
2026-01-28 16:30:00,1551.241,0.0,167.717,41.48,138.062,146.896,0.0,0.0,2721.53,5205.69,147.64,2721.53,0.5227990909946617,2484.1599999999994,4766.926,True,True,True,2,1215.2575,612.917,618.7595,3.4295,0.827,-2.513,0.0,5234.955,5256.035,2751.705,2662.155,9.935,8.91,146.60000000000002,-19.595,102.393,50.65358232403532,0.1702091150283306,6394.264499999999,6471.2925,3364.6220000000003,3280.9145,13.3645,9.737,146.60000000000002,72.155,50.706171245446455,0.1511929362323934,0.0,0.0,53.400000000000006,2671.065,2761.64,89.55000000000018,1.0250000000000004,90.5750000000002,82.798
2026-01-28 17:00:00,1538.321,0.0,163.026,41.339,234.819,146.62,0.0,0.0,2698.06,5338.511,158.36,2698.06,0.5053956056286106,2640.4510000000005,4822.185,True,True,True,2,1291.428,597.7395,607.6590000000001,2.7475,0.0,-2.4855,0.0,5476.0,5411.875,2746.035,2655.43,1.645,0.9,146.89999999999998,-0.02,77.0395,49.06902877707768,0.0167150434712411,6622.4275,6703.303,3343.7745,3263.089,4.3925,0.9,146.89999999999998,163.645,48.6812903025615,0.0135045373999277,0.0,0.0,52.760000000000005,2656.33,2747.68,90.60500000000002,0.745,91.35000000000002,77.01950000000001
2026-01-28 17:30:00,1593.386,0.0,200.6,41.412,276.934,148.076,0.0,0.0,2702.075,5510.617,158.36,2702.075,0.490339829460113,2808.5420000000004,4962.483,True,True,True,2,1323.246,628.06,633.5705,2.707,0.0,14.5115,0.0,5519.865,5561.344999999999,2900.855,2807.035,1.875,0.49,147.065,-0.02,185.001,50.47159482797306,0.0087838698807307,6675.136,6884.591,3528.915,3440.6055,4.582,0.49,147.065,167.405,49.97425575289643,0.0071011537097965,0.0,0.0,55.725,2807.525,2902.73,93.81999999999972,1.385,95.20499999999971,184.981
2026-01-28 18:00:00,1541.82,0.0,180.138,41.13,170.8,146.541,0.0,0.0,2852.369,5553.788,151.45,2852.369,0.5135898237383206,2701.4189999999994,4932.798000000001,True,True,True,2,1297.939,647.223,655.011,2.707,0.0,-1.7095,0.0,5453.469999999999,5557.88,2968.735,2900.475,1.505,1.02,146.865,-0.02,220.9845,52.18748526936285,0.0183529664185796,6629.33,6855.819,3615.958,3555.486,4.212,1.02,146.865,138.13,51.862339958234,0.0148786188162251,0.0,0.0,55.89999999999999,2901.495,2970.24,68.25999999999976,0.4849999999999999,68.74499999999976,220.9645
2026-01-28 18:30:00,1610.548,0.0,203.281,41.339,139.45,146.439,0.0,0.0,2944.634,5518.88,151.45,2944.634,0.533556446235468,2574.246,5085.691000000001,True,True,True,2,1247.3335,596.9694999999999,601.5785,2.707,0.0,-2.617,0.0,5450.41,5478.475,3028.285,2969.83,1.495,0.98,146.70999999999998,-0.02,139.804,54.21086931041527,0.0178877584300584,6586.0215,6725.808499999999,3625.2545,3571.4085,4.202,0.98,146.70999999999998,130.285,53.10063141386261,0.0145703599020775,0.0,0.0,55.62499999999999,2970.81,3029.78,58.45499999999993,0.5150000000000001,58.96999999999993,139.784
2026-01-28 19:00:00,1626.111,0.0,289.176,41.339,47.68,146.209,0.0,0.0,3050.437,5456.863,132.32,3050.437,0.5590092696114966,2406.4260000000004,5200.952,True,True,True,2,1204.7315,530.456,535.9855,2.707,0.0,-2.657,0.0,5270.315,5434.58,3100.965,2995.045,1.48,0.995,146.95,57.845,251.5595,55.10714143984765,0.0183103429905251,6332.019499999999,6639.3115,3631.421,3531.0305,4.186999999999999,0.995,146.95,162.38,53.18067651102598,0.0149878935414048,0.0,0.0,57.56999999999999,2996.04,3102.445,105.92000000000009,0.485,106.40500000000009,309.4045
2026-01-28 19:30:00,1619.554,0.0,175.782,41.339,9.296,146.141,0.0,0.0,2890.143,5368.832,132.32,2890.143,0.5383187628147053,2478.6890000000003,4882.255,True,True,True,2,1179.377,536.5955,541.4225,2.707,0.0,-2.6385,0.0,5131.3150000000005,5335.56,2972.38,2881.63,1.495,0.975,146.365,8.975000000000001,282.1195,54.007113929954585,0.0182773978926232,6218.5005,6514.937,3508.9755,3423.0525,4.202,0.975,146.365,110.48,52.540674281844346,0.0149694062266993,0.0,0.0,56.85,2882.605,2973.875,90.75,0.52,91.27,291.09450000000004
2026-01-28 20:00:00,1596.203,0.0,307.628,41.27,0.0,146.829,0.0,0.0,2785.117,5265.73,121.67,2785.117,0.5289137498504481,2480.6129999999994,4877.0470000000005,True,True,True,2,1128.6205,507.4385,514.7515,2.707,0.0,-2.6285,0.0,5148.89,5197.77,2752.84,2672.04,1.52,0.98,146.73,34.815,160.966,51.40658563010542,0.0188557573035777,6125.767500000001,6326.3905,3260.2785000000003,3186.7915,4.227,0.98,146.73,170.925,50.37191383565806,0.0154921666217642,0.0,0.0,53.3,2673.02,2754.36,80.80000000000018,0.54,81.34000000000019,195.781
2026-01-28 20:30:00,1717.246,0.0,422.362,41.27,0.0,146.198,0.0,0.0,2634.947,5150.056,121.67,2634.947,0.5116346307690636,2515.1089999999995,4962.023,True,True,True,2,1089.3674999999998,523.3375000000001,528.501,2.707,0.0,-2.639,0.0,5192.685,5075.525,2620.63,2548.045,1.475,0.96,146.235,0.025,24.327,50.2017034300451,0.0189178694562874,6135.888499999999,6164.8925,3143.9675,3076.546,4.182,0.96,146.235,164.735,49.905141318402,0.0155750292131563,0.0,0.0,50.265,2549.005,2622.105,72.58500000000004,0.5150000000000001,73.10000000000004,24.352
2026-01-28 21:00:00,1704.584,0.0,416.643,41.202,0.0,147.091,0.0,0.0,2510.592,5021.256,117.57,2510.592,0.4999928304790674,2510.664,4820.112,True,True,True,2,1041.18,539.154,544.0065,2.707,0.0,-2.7030000000000003,0.0,4981.03,4894.625,2494.59,2382.6800000000003,1.49,0.975,146.115,0.02,6.885,48.67569158071807,0.0199260190693714,5925.1900000000005,5935.805,3033.744,2926.6865000000003,4.196999999999999,0.975,146.115,114.46,49.30357825654868,0.0164313262305395,0.0,0.0,49.385,2383.655,2496.08,111.90999999999984,0.515,112.42499999999986,6.904999999999999
2026-01-28 21:30:00,1611.197,0.0,408.601,41.27,0.0,146.524,0.0,0.0,2322.011,4785.796,117.57,2322.011,0.4851880439533987,2463.7850000000003,4529.602999999999,True,True,True,2,986.097,560.2425,563.7909999999999,2.707,0.0,-2.776,0.0,4768.545,4683.83,2456.0950000000003,2324.38,1.465,0.985,146.10000000000002,0.02,-68.9525,49.6286391110379,0.0210363434032839,5731.5935,5669.927,3016.3375,2888.171,4.172000000000001,0.985,146.10000000000002,40.235,50.94380463565713,0.0173780506506781,0.0,0.0,50.34,2325.365,2457.5600000000004,131.71500000000017,0.4799999999999998,132.19500000000014,-68.9325
2026-01-28 22:00:00,1500.592,0.0,403.24,45.321,0.0,146.225,0.0,0.0,2335.993,4581.274,112.53,2335.993,0.509900302841524,2245.2810000000004,4431.371,True,True,True,2,926.542,579.7885,581.5835,2.707,0.0,-2.734,0.0,4512.77,4499.200000000001,2520.57,2375.275,1.47,0.98,146.09,0.02,-51.812,52.80391477691939,0.0217850944295485,5485.394,5425.742,3100.3585,2956.8585,4.177,0.98,146.09,-30.84,54.5091772990931,0.0180654457612932,0.0,0.0,53.855,2376.255,2522.0399999999995,145.29499999999962,0.49,145.78499999999963,-51.792
2026-01-28 22:30:00,1322.966,0.0,188.515,41.339,0.0,146.009,0.0,0.0,2449.131,4405.108,112.53,2449.131,0.5559752451018226,1955.9770000000003,4147.96,True,True,True,2,859.3910000000001,566.144,568.9105,2.707,0.0,-2.6795,0.0,4277.495,4320.125,2650.875,2504.085,1.485,0.935,146.04,0.015,-61.922,57.97555217481855,0.0216417843706896,5252.282499999999,5179.516,3217.019,3072.9955,4.192,0.935,146.04,-101.445,59.34368720124781,0.0180512069961921,0.0,0.0,58.360000000000014,2505.02,2652.36,146.78999999999996,0.5499999999999998,147.33999999999995,-61.907
2026-01-28 23:00:00,1114.651,0.0,170.733,41.27,0.0,145.93,0.0,0.0,2554.694,4222.486,109.135,2554.694,0.6050213073530617,1667.792,4027.278,True,True,True,2,786.1145,558.0795,563.587,2.707,0.0,-9.8405,0.0,4376.02,4316.92,2740.195,2557.435,1.465,0.955,146.235,-15.985,-140.8715,59.24292429143343,0.0221200595051797,5353.023,5103.0345,3298.2745,3121.022,4.172000000000001,0.955,146.235,-171.345,61.163117382968494,0.0187118443004298,0.0,0.0,58.15999999999999,2558.39,2741.6600000000003,182.76000000000025,0.5099999999999998,183.2700000000002,-156.85649999999998
2026-01-28 23:30:00,1274.656,0.0,164.031,41.412,0.0,146.316,0.0,0.0,2539.065,4255.331,109.135,2539.065,0.5966786132500621,1716.266,4165.48,True,True,True,2,731.9590000000001,594.7660000000001,536.6825,2.707,0.0,-2.7565,0.0,4374.915,4186.7,2782.695,2547.5,1.5,0.945,145.935,-0.03,-198.6975,60.85384443990659,0.0225679794989764,5309.396000000001,4918.659,3377.461,3084.1825,4.207,0.945,145.935,-190.95,62.705038602012685,0.0192093583057254,0.0,0.0,57.93999999999999,2548.445,2784.195,235.19500000000016,0.5549999999999999,235.75000000000017,-198.7275
2026-01-29 00:00:00,1301.473,0.0,163.361,41.339,0.0,145.477,0.0,0.0,2526.511,4099.746,107.11,2526.511,0.6162603732036082,1573.235,4178.161,True,True,True,2,685.951,646.424,475.637,2.707,0.0,-2.5435,0.0,4400.76,4079.065,2794.075,2560.275,1.475,0.945,146.26,-0.89,-198.7675,62.76795809468601,0.0231640308045814,5283.098,4765.016,3440.499,3035.9120000000003,4.182,0.945,146.26,-185.335,63.71388359884791,0.0198292213629435,0.0,0.0,57.325,2561.2200000000003,2795.55,233.79999999999973,0.53,234.32999999999973,-199.6575
2026-01-29 00:30:00,1271.492,0.0,164.701,41.27,0.0,145.732,0.0,0.0,2559.429,4021.737,107.11,2559.429,0.6363988992815791,1462.308,4182.624,True,True,True,2,657.819,660.004,438.826,2.707,0.0,-2.497,0.0,4361.014999999999,3979.38,2774.225,2568.2200000000003,1.465,0.955,146.10000000000002,-61.54,-198.66,64.54133759849795,0.023998649144172,5209.0695,4637.1990000000005,3434.229,3007.0460000000003,4.172,0.955,146.10000000000002,-178.905,64.84948821512397,0.020594325514438,0.0,0.0,57.61000000000001,2569.175,2775.69,206.00499999999963,0.5099999999999999,206.51499999999965,-260.2
2026-01-29 01:00:00,1166.728,0.0,164.701,41.339,0.0,145.543,0.0,0.0,2588.439,3943.332,106.195,2588.439,0.6564090976869307,1354.893,4106.75,True,True,True,2,676.0775000000001,644.8655,432.0575,2.707,0.0,-2.487,0.0,4279.365,3918.78,2908.855,2657.5950000000003,1.45,0.95,145.63,-3.605,-198.752,67.82486407541495,0.0242401356345495,5109.7745,4594.8575,3553.7205000000004,3089.6525,4.157,0.95,145.63,-142.195,67.24694291610611,0.0206737137064779,0.0,0.0,60.325,2658.545,2910.305,251.25999999999976,0.5,251.75999999999976,-202.357
2026-01-29 01:30:00,938.286,0.0,164.366,41.339,0.0,145.608,0.0,0.0,2738.2,3878.396,106.195,2738.2,0.7060135169281321,1140.1960000000004,4027.799,True,True,True,2,664.9945,638.2004999999999,429.0175,2.707,0.0,-2.497,0.0,4184.38,3834.36,3010.44,2745.195,1.47,0.945,145.195,-33.945,-191.6285,71.59597092948769,0.0246456153616007,5019.0825,4499.3545,3648.6405,3174.2125,4.177,0.945,145.195,-157.16500000000002,70.54931016791667,0.0210030312280046,0.0,0.0,63.065000000000005,2746.14,3011.9099999999994,265.2449999999999,0.525,265.76999999999987,-225.5735
2026-01-29 02:00:00,777.709,0.0,164.366,41.412,0.0,144.446,0.0,0.0,2774.042,3809.999,104.7,2774.042,0.728095204224463,1035.957,3901.975,True,True,True,2,654.5775,636.831,417.56,2.707,0.0,-2.4725,0.0,4093.89,3892.27,3080.41,2819.01,1.47,0.95,145.35000000000002,-0.03,-79.0425,72.42602502294459,0.0244071342321368,4926.1085,4546.8475,3717.241,3236.57,4.177,0.95,145.35000000000002,-164.95499999999998,71.18282066428827,0.0208932841165881,0.0,0.0,65.505,2819.96,3081.88,261.39999999999964,0.52,261.9199999999996,-79.0725
2026-01-29 02:30:00,667.15,0.0,172.766,41.48,0.0,145.945,0.0,0.0,2806.88,3872.216,104.7,2806.88,0.7248769180231682,1065.3359999999998,3834.221,True,True,True,2,642.4755,618.0285,414.484,2.707,0.0,-2.487,0.0,4028.275,3840.68,3033.405,2768.54,1.4249999999999998,0.965,145.29,-0.02,-81.56649999999999,72.08553442187622,0.02513070163667,4872.1855,4483.1555,3651.4335,3183.024,4.132,0.965,145.29,-188.15,71.00059795299165,0.0215291087230007,0.0,0.0,65.125,2769.505,3034.83,264.8649999999998,0.4599999999999997,265.32499999999976,-81.58649999999999
2026-01-29 03:00:00,742.385,0.0,170.063,41.339,0.0,145.41,0.0,0.0,2727.229,3791.519,104.155,2727.229,0.719297199882158,1064.29,3826.426,True,True,True,2,633.375,670.7305,428.569,2.707,0.0,-2.4770000000000003,0.0,3987.09,3793.03,2928.575,2647.865,1.4449999999999998,0.93,145.82999999999998,-0.02,-52.179,69.80503491195178,0.0245213675733039,4832.6855,4426.405000000001,3599.3054999999995,3076.434,4.151999999999999,0.93,145.82999999999998,-200.06,69.49940003428242,0.0210125453348298,0.0,0.0,63.495000000000005,2648.795,2930.02,280.71000000000004,0.5149999999999999,281.225,-52.199000000000005
2026-01-29 03:30:00,847.167,0.0,169.393,41.339,0.0,145.529,0.0,0.0,2595.631,3766.64,104.155,2595.631,0.6891104538793195,1171.009,3799.059,True,True,True,2,620.8534999999999,671.107,409.554,2.707,0.0,-2.4965,0.0,4015.51,3747.965,2797.74,2513.805,1.43,0.95,145.93,-0.02,-66.5635,67.06788207789558,0.0253464384581017,4849.742,4368.818499999999,3468.847,2923.3589999999995,4.1370000000000005,0.95,145.93,-201.52,66.90968506701324,0.0217444376514467,0.0,0.0,60.150000000000006,2514.755,2799.17,283.93499999999995,0.48,284.415,-66.5835
2026-01-29 04:00:00,1062.671,0.0,179.468,41.412,0.0,144.816,0.0,0.0,2476.667,3728.571,103.02,2476.667,0.6642402679203373,1251.904,3905.034,True,True,True,2,615.8415,631.239,377.105,2.707,0.0,-2.5125,0.0,4155.66,3717.26,2677.605,2405.165,1.47,0.935,145.54500000000002,-0.02,-147.5735,64.69887179356925,0.0251542889662478,4951.136,4333.1015,3308.844,2782.27,4.177,0.935,145.54500000000002,-166.66,64.20676731601056,0.0215791088963411,0.0,0.0,56.08500000000001,2406.1,2679.075,272.44000000000005,0.5349999999999999,272.9750000000001,-147.5935
2026-01-29 04:30:00,1146.865,0.0,299.898,41.202,0.0,145.266,0.0,0.0,2317.657,3693.119,103.02,2317.657,0.6275608774047086,1375.462,3950.888,True,True,True,2,611.8489999999999,642.29,375.929,2.707,0.0,-10.0425,0.0,4171.17,3692.865,2539.725,2271.55,1.465,0.915,145.72,-50.535,-198.723,61.51146067080202,0.0247773814406535,4969.004,4304.714,3182.0150000000003,2647.4790000000003,4.172,0.915,145.72,-165.505,61.50137894233516,0.0212556489901302,0.0,0.0,53.23,2272.465,2541.19,268.1749999999997,0.5499999999999998,268.72499999999974,-249.258
2026-01-29 05:00:00,1201.19,0.0,308.968,41.339,0.0,145.296,0.0,0.0,2226.026,3696.287,105.375,2226.026,0.602232997600024,1470.261,3922.819,True,True,True,2,627.0840000000001,675.8215,379.8345000000001,2.707,0.0,-2.5145,0.0,4140.360000000001,3717.395,2472.2,2211.78,1.435,0.92,145.97,-180.3,-198.712,59.49863353181721,0.0247489033618991,4935.098,4344.478999999999,3148.0215,2591.6145,4.142,0.92,145.97,-154.275,59.653922461792334,0.0211769674270355,0.0,0.0,52.575,2212.7000000000003,2473.635,260.4199999999996,0.515,260.9349999999996,-379.012
2026-01-29 05:30:00,1182.816,0.0,266.345,41.339,0.0,145.91,0.0,0.0,2170.914,3723.357,105.375,2170.914,0.5830528740596188,1552.4429999999998,3807.324000000001,True,True,True,2,656.9545,696.4885,392.69000000000005,2.707,0.0,-2.4645,0.0,4084.365,3795.97,2494.17,2232.565,1.4449999999999998,0.89,145.835,-199.98,-198.689,58.81187458775335,0.0234508875198683,4885.851500000001,4452.9245,3190.6584999999995,2625.255,4.151999999999999,0.89,145.835,-131.66,58.95181404933586,0.0199916221422054,0.0,0.0,53.760000000000005,2233.455,2495.615,261.605,0.5549999999999998,262.16,-398.669
2026-01-29 06:00:00,1281.598,0.0,168.722,41.27,0.0,145.947,0.0,0.0,2265.392,3880.206,113.2,2265.392,0.5838329202109372,1614.8140000000003,3902.929,True,True,True,2,743.0519999999999,747.7545,485.4335,2.707,0.0,-2.607,0.0,4262.855,4023.675,2503.57,2252.82,1.45,0.905,145.81,-199.98,-198.7105,55.99782584286955,0.0224946370967869,5158.982,4766.727,3251.3245,2738.2535000000003,4.157,0.905,145.81,-140.32999999999998,57.4499440357834,0.0189891272034167,0.0,0.0,53.13,2253.7250000000004,2505.0199999999995,250.74999999999957,0.5449999999999999,251.29499999999956,-398.6905
2026-01-29 06:30:00,1508.403,0.0,168.052,41.27,0.0,144.922,0.0,0.0,2272.535,4127.792,113.2,2272.535,0.5505449402489272,1855.2570000000003,4135.182,True,True,True,2,827.8065,827.565,580.348,2.707,0.0,-2.5780000000000003,0.0,4485.245,4258.875,2546.315,2327.5,1.4049999999999998,0.9,145.66,-199.985,-198.709,54.65266001800308,0.0211492742095178,5477.8215,5086.681500000001,3373.88,2907.848,4.112,0.9,145.66,-151.97500000000002,57.16355520304648,0.017710179398049,0.0,0.0,53.155,2328.4,2547.7200000000003,218.81500000000003,0.5049999999999998,219.32000000000005,-398.694
2026-01-29 07:00:00,1650.757,0.0,174.441,41.27,7.174,145.182,0.0,0.0,2396.747,4412.524,140.32,2396.747,0.5431691702979972,2015.7770000000005,4415.571,True,True,True,2,966.181,850.5129999999999,713.7760000000001,2.707,0.0,-2.5115,0.0,4851.52,4621.31,2614.925,2416.5950000000003,1.465,0.92,145.55,-199.98,-198.7195,52.29787362898808,0.0199174192870768,5976.1005000000005,5587.491,3465.438,3130.371,4.172000000000001,0.92,145.55,-146.42000000000002,56.03287204956304,0.0164749109564672,0.0,0.0,52.455000000000005,2417.5150000000003,2616.3900000000003,198.32999999999996,0.5449999999999998,198.87499999999991,-398.6995
2026-01-29 07:30:00,1698.347,0.0,348.553,41.339,48.702,145.395,0.0,0.0,2520.741,4770.451,140.32,2520.741,0.5284072721845376,2249.71,4803.077,True,True,True,2,1051.091,894.9870000000001,747.5015000000001,2.707,0.0,-2.5035,0.0,5155.34,4867.379999999999,2801.02,2590.8900000000003,1.44,0.92,145.14999999999998,-199.985,-198.7285,53.22825468597034,0.0189025670298053,6308.1385,5918.471,3696.007,3338.3915,4.146999999999999,0.92,145.14999999999998,-88.065,56.40318709161062,0.0155460583375264,0.0,0.0,53.005,2591.8100000000004,2802.46,210.12999999999963,0.5199999999999999,210.6499999999997,-398.7135
2026-01-29 08:00:00,1699.126,0.0,348.888,41.339,48.923,145.169,0.0,0.0,2665.812,4911.505,144.05,2665.812,0.5427688661622049,2245.693,4949.257,True,True,True,2,1092.5275,928.5715,791.7675,2.841,0.057,-2.589,0.0,5239.93,4943.25,3041.83,2760.11,2.765,1.925,145.195,-199.985,-198.7355,55.83155771952043,0.0388508456116155,6423.519,6035.7775,3970.4015,3551.8775000000005,5.606,1.982,145.195,-77.535,58.844733923932125,0.0327737264341975,0.0,0.0,55.465,2762.0350000000003,3044.595,281.7199999999998,0.8400000000000001,282.5599999999998,-398.7205
2026-01-29 08:30:00,1616.943,0.0,338.143,41.412,86.865,145.115,0.0,0.0,2843.641,4963.586,144.05,2843.641,0.5729005199063741,2119.945,5072.119000000001,True,True,True,2,1097.419,939.5475,772.9025,3.3845,0.989,-2.2715,0.0,5217.51,4968.75,3155.445,2886.9,11.395,10.605,145.08999999999995,-131.72,-198.73,58.10037012432444,0.2133210134095902,6387.8805,6066.169,4094.9925,3659.8025,14.7795,11.594,145.08999999999995,-59.155,60.33066158706626,0.1910164138695886,0.0,0.0,57.68,2897.505,3166.84,268.5450000000001,0.7899999999999991,269.3350000000001,-330.45000000000005
2026-01-29 09:00:00,1563.876,0.0,164.701,41.13,104.443,145.726,0.0,0.0,2911.95,4972.881,137.51,2911.95,0.5855659928319217,2060.9310000000005,4931.825999999999,True,True,True,2,1126.1425,903.081,787.0585,5.67,4.5045,-2.272,0.0,5202.995,5039.389999999999,3218.735,2952.975,30.445,30.085,145.455,-29.13,-198.752,58.59617952190119,0.5967301979949449,6402.067999999999,6165.532499999999,4121.816,3740.0335,36.115,34.5895,145.455,-59.905,60.65898828333189,0.5606719556264806,0.0,0.0,59.010000000000005,2983.06,3249.18,265.75999999999976,0.3599999999999994,266.1199999999998,-227.882
2026-01-29 09:30:00,1596.378,0.0,165.036,41.27,104.443,145.355,0.0,0.0,3005.324,5057.09,137.51,3005.324,0.5942793187386421,2051.766,5057.8060000000005,True,True,True,2,1139.841,875.948,778.263,9.5505,9.2955,-2.081,0.0,5372.85,5068.895,3381.89,3089.035,51.785,51.875,145.39999999999998,-147.22,-198.7465,60.94069718262798,1.0232832347760588,6569.55,6208.736,4257.838,3867.298,61.3355,61.1705,145.39999999999998,-45.285,62.28778831500345,0.9851213317461692,0.0,0.0,59.9,3140.91,3433.675,292.855,0.0,292.855,-345.9665
2026-01-29 10:00:00,1596.98,0.0,164.701,41.27,90.672,145.679,0.0,0.0,3134.166,5093.688,124.42,3134.166,0.615303881980993,1959.522,5173.468000000001,True,True,True,2,1136.7865,872.9705,823.9675,17.504,15.2855,-1.8355,0.0,5393.725,5088.110000000001,3583.25,3183.925,70.47,68.16499999999999,145.28,-199.975,-189.1215,62.57589286083155,1.3397016373789563,6629.495,6224.896500000001,4456.2205,4007.8925,87.97400000000002,83.4505,145.28,-87.92500000000001,64.38507728584416,1.3406188585284105,0.0,0.0,61.88,3252.09,3653.72,399.3249999999998,2.305000000000007,401.6299999999998,-389.0965
2026-01-29 10:30:00,1529.937,0.0,164.031,40.852,5.343,144.442,0.0,0.0,3212.187,5074.321,124.42,3212.187,0.6330279460049926,1862.134,5096.792,True,True,True,2,1131.121,889.0619999999999,827.846,29.358,25.038,-1.756,0.0,5362.33,5082.92,3535.33,3225.55,117.61,108.375,145.085,-196.785,-188.776,63.4585192829219,2.1317625047503093,6615.4225,6214.040999999999,4424.392,4053.396,146.96800000000002,133.413,145.085,-111.74,65.22956241599817,2.146766000820638,0.0,0.0,63.585,3333.925,3652.94,309.77999999999975,9.235,319.01499999999976,-385.561
2026-01-29 11:00:00,1453.663,0.0,163.696,41.202,0.0,144.831,0.0,0.0,3206.958,5077.799,116.345,3206.958,0.6315645814259289,1870.841,5010.35,True,True,True,2,1115.4555,933.5175,824.867,39.6825,32.2345,-1.824,0.0,5337.43,5085.475,3485.655,3223.435,101.26,99.205,145.335,-190.015,-188.7855,63.38523328698383,1.9504304154079048,6594.5830000000005,6200.9305,4419.1725,4048.302,140.9425,131.4395,145.335,-132.26,65.28527257963314,2.1194496770371893,0.0,0.0,63.695,3322.64,3586.915,262.2199999999998,2.0549999999999784,264.2749999999997,-378.8005
2026-01-29 11:30:00,1468.94,0.0,164.366,41.412,0.0,144.816,0.0,0.0,3236.749,5072.04,116.345,3236.749,0.6381552590279256,1835.291,5056.282999999999,True,True,True,2,1101.5195,946.6365,811.4495,44.356,38.1425,-1.86,0.0,5315.805,5066.25,3542.445,3259.1000000000004,117.99,107.34,145.23,-190.02,-188.7755,64.33018923627498,2.1190460781441525,6560.6625,6167.7695,4489.0815,4070.5495,162.346,145.4825,145.23,-133.64,65.99752603877698,2.3590074118431503,0.0,0.0,64.63,3366.4400000000005,3660.435,283.34499999999935,10.650000000000006,293.9949999999993,-378.7955
2026-01-29 12:00:00,1347.864,0.0,164.701,41.13,0.0,146.048,0.0,0.0,3314.1,5055.392,113.445,3314.1,0.6555574721010754,1741.292,5013.843,True,True,True,2,1106.005,967.6935,798.4749999999999,39.2585,36.4135,-1.862,0.0,5335.045,5075.075,3611.66,3353.695,125.445,125.605,145.755,-190.02,-188.7875,66.08110631580611,2.4748915996187875,6574.759,6181.08,4579.3535,4152.17,164.7035,162.01850000000002,145.755,-123.88,67.17510680056385,2.621168769391132,0.0,0.0,65.95,3479.3,3737.105,257.9649999999997,0.0,257.9649999999997,-378.8075
2026-01-29 12:30:00,1298.229,0.0,175.112,41.061,0.0,145.514,0.0,0.0,3358.002,5084.706,113.445,3358.002,0.6604122244235949,1726.7040000000002,5017.918,True,True,True,2,1110.9185,994.539,820.013,32.813,30.005,-1.848,0.0,5346.9,5114.615,3602.045,3384.26,113.62,115.25,146.07,-190.02,-188.772,66.16856493505236,2.2534713908239343,6614.198,6225.5335,4596.584,4204.273,146.433,145.255,146.07,-147.02,67.53273736045358,2.333370398622768,0.0,0.0,66.03999999999999,3499.51,3715.665,217.78499999999983,0.0,217.78499999999983,-378.792
2026-01-29 13:00:00,,,,,,,,,,5106.392,111.79,,,,,False,True,True,2,1112.3275,1011.9,835.326,25.685,23.8565,-1.8735,-15.557,5337.285,5106.805,3535.17,3312.94,90.795,90.725,145.89,-190.02,-188.7875,64.8728874094785,1.7765202198423429,6614.286,6219.1325,4547.07,4148.266,116.48,114.5815,145.89,-139.23,66.70184801582613,1.8422558460675689,0.0,0.0,64.73,3403.665,3625.965,222.23,0.0700000000000073,222.3,-378.8075
2026-01-29 13:30:00,,,,,,,,,,5084.535,111.79,,,,,False,True,True,2,1104.8490000000002,1026.3565,847.8425,16.245,14.435,-1.9155,-156.751,5435.985,5077.23,3398.6400000000003,3213.455,78.88,80.08500000000001,145.935,-190.02,-188.7685,63.2910954678441,1.577301854461971,6721.3915,6182.079,4424.9965,4061.2975,95.125,94.52,145.935,-12.015,65.69440763668983,1.5288869555584133,0.0,0.0,62.07,3293.54,3477.5200000000004,185.1850000000004,0.0,185.1850000000004,-378.7885
2026-01-29 14:00:00,1621.084,0.0,293.867,41.202,0.0,145.661,0.0,0.0,3135.561,5077.382,113.64,3135.561,0.617554676799973,1941.8209999999997,5237.375,True,True,True,2,1112.0,1016.719,837.856,10.7845,9.089,-2.3225,-204.368,5501.165,5066.71,3263.735,3036.99,63.35,64.16,145.685,-190.025,-188.792,59.93898115471804,1.2661156026525813,6770.1965,6178.71,4280.454,3874.846,74.1345,73.249,145.685,61.845,62.71228591164972,1.1853928536316942,0.0,0.0,58.585,3101.15,3327.085,226.7449999999999,0.0,226.7449999999999,-378.817
2026-01-29 14:30:00,1691.837,0.0,421.022,41.27,0.0,146.568,0.0,0.0,2934.794,5055.626,113.64,2934.794,0.5805006145628652,2120.8320000000003,5235.491,True,True,True,2,1117.5145,1034.226,850.9694999999999,7.619999999999999,5.99,-2.8835,-200.8815,5424.305,5060.385,3127.6850000000004,2848.965,52.605,52.425,145.555,-120.655,-188.7775,56.30040054613848,1.036150198985261,6700.1515,6177.8995,4161.911,3699.9345,60.225,58.415000000000006,145.555,58.68,59.89038626662527,0.9456474011273568,0.0,0.0,56.365,2901.3900000000003,3180.2900000000004,278.72000000000025,0.1800000000000068,278.90000000000026,-309.4325
2026-01-29 15:00:00,1694.453,0.0,428.058,41.339,0.0,145.433,0.0,0.0,2734.687,5075.638,120.985,2734.687,0.5387868480770299,2340.951,5043.969999999999,True,True,True,2,1127.7334999999998,1038.995,838.069,5.5825,3.6435,-10.176,-132.73950000000002,5307.835,5100.165,2959.81,2626.5150000000003,29.89,30.11,145.435,-51.620000000000005,-188.7815,51.50178511591442,0.5905611081217806,6619.931500000001,6227.8985,3998.805,3464.584,35.4725,33.7535,145.435,-27.125,55.633603932650246,0.5421577269083605,0.0,0.0,53.48,2656.6250000000005,2989.7,333.2949999999996,0.0,333.2949999999996,-240.4015
2026-01-29 15:30:00,1731.876,0.0,425.713,41.202,11.493,145.509,0.0,0.0,2497.994,5110.509,120.985,2497.994,0.4887955387614032,2612.515,4853.787,True,True,True,2,1145.323,1027.635,834.383,5.156499999999999,2.2555,-2.353,-59.01,5234.83,5135.53,2803.965,2447.5950000000003,19.555,19.33,145.54,-17.39,-188.7895,47.66226039643245,0.3764296951809971,6553.4155,6280.853,3831.6,3281.978,24.7115,21.585500000000003,145.54,-96.29,52.25537936122598,0.3437094720418424,0.0,0.0,51.09,2466.925,2823.52,356.3699999999999,0.2250000000000014,356.5949999999999,-206.1795
2026-01-29 16:00:00,1765.426,0.0,430.404,41.27,63.048,145.212,0.0,0.0,2359.99,5158.835,131.84,2359.99,0.4574656875050277,2798.8450000000003,4805.349999999999,True,True,True,2,1178.478,1036.052,844.764,4.4575,1.3095,-2.017,-4.4535,5288.32,5217.105,2727.915,2346.43,12.41,11.845,145.43,-111.41,-189.539,44.97934719451219,0.2273608228184485,6695.48,6395.5830000000005,3763.967,3191.194,16.8675,13.1545,145.43,-209.035,49.90082106950282,0.2059949701312594,0.0,0.0,48.54,2358.275,2740.325,381.4850000000001,0.5649999999999995,382.0500000000001,-300.949
2026-01-29 16:30:00,1764.427,0.0,439.139,41.27,180.398,145.331,0.0,0.0,2304.595,5260.79,131.84,2304.595,0.4380701377549759,2956.195,4875.16,True,True,True,2,1225.956,1023.8305,839.469,3.6885,0.109,-2.0235,-76.3535,5364.995,5320.23,2765.63,2339.6800000000003,4.234999999999999,3.58,145.855,-19.395,-142.62,43.97583124827037,0.06745962307226,6781.2365,6546.186,3789.4605,3179.1490000000003,7.923500000000001,3.689,145.855,-96.53,48.56481938428534,0.0565263053591108,0.0,0.0,48.5,2343.26,2769.865,425.9499999999998,0.6549999999999994,426.6049999999998,-162.015
2026-01-29 17:00:00,1737.924,0.0,433.755,41.27,197.022,146.604,0.0,0.0,2398.259,5396.028,144.23,2398.259,0.4444489539342642,2997.769,4954.834,True,True,True,2,1273.9965,1036.601,846.869,3.451,0.0,-2.0410000000000004,-51.274,5431.57,5468.455,2790.425,2469.0950000000003,1.61,0.225,145.48,-0.015,-16.315,45.15051119435815,0.0041428147940836,6801.253000000001,6742.4515,3827.026,3315.964,5.061,0.225,145.48,-28.155,49.17988269303903,0.0033608484753249,0.0,0.0,51.065000000000005,2469.32,2792.0350000000003,321.3299999999999,1.3849999999999998,322.7149999999999,-16.330000000000002
2026-01-29 17:30:00,1734.885,0.0,443.495,41.202,256.212,146.243,0.0,0.0,2495.155,5535.522,144.23,2495.155,0.4507533345545371,3040.367,5117.192,True,True,True,2,1277.04,1049.11,850.4265,3.448,0.0,23.1265,-21.4015,5411.475,5561.5,2678.755,2424.55,1.47,0.175,145.985,-0.025,24.009,43.59610386366507,0.003143734659995,6802.0875,6838.54,3727.865,3274.9765,4.917999999999999,0.175,145.985,-101.565,47.89012889093031,0.0025585495636643,0.0,0.0,50.83,2424.7250000000004,2680.225,254.20499999999996,1.295,255.49999999999991,23.984
2026-01-29 18:00:00,1718.525,0.0,416.643,41.27,278.178,146.178,0.0,0.0,2395.131,5559.513,138.47,2395.131,0.4308166920375939,3164.382,4995.924999999999,True,True,True,2,1240.9245,1056.084,852.012,3.448,0.0,7.254,-3.648,5160.73,5528.235000000001,2673.125,2371.925,1.435,0.51,145.73000000000002,57.68,160.298,42.90552590747744,0.0092260354756176,6537.5425,6769.1595,3729.209,3223.937,4.883,0.51,145.73000000000002,-126.135,47.62710276829804,0.0075350136973464,0.0,0.0,52.535,2372.4350000000004,2674.56,301.1999999999998,0.925,302.12499999999983,217.978
2026-01-29 18:30:00,1697.359,0.0,411.952,41.339,115.506,146.047,0.0,0.0,2377.1,5493.086,138.47,2377.1,0.4327439985465364,3115.9860000000003,4789.303,True,True,True,2,1198.183,1059.5985,850.0335,3.448,0.0,-1.964,-3.5515,4967.665,5453.925,2639.485,2330.5,1.4449999999999998,0.525,145.37,8.965,286.32050000000004,42.729648344548586,0.0096266434650314,6350.647499999999,6652.108,3699.0835,3180.5335,4.893000000000001,0.525,145.37,-166.905,47.81197327982793,0.0078927751586603,0.0,0.0,52.89999999999999,2331.025,2640.93,308.9849999999997,0.9199999999999998,309.9049999999997,295.2855
2026-01-29 19:00:00,1726.07,0.0,415.973,41.27,72.804,145.896,0.0,0.0,2291.187,5414.633,119.42,2291.187,0.4231472382338747,3123.446,4693.2,True,True,True,2,1163.5415,1063.704,855.841,3.448,0.0,-9.6215,-3.583,4860.055,5387.01,2562.26,2260.07,1.455,0.54,145.3,0.02,301.4495,41.953686127965575,0.0100242974078077,6252.66,6550.5515,3625.964,3115.911,4.9030000000000005,0.54,145.3,-204.365,47.56710829940682,0.0082437482832369,0.0,0.0,52.28,2260.61,2563.715,302.19000000000005,0.915,303.1050000000001,301.4695
2026-01-29 19:30:00,1754.568,0.0,409.271,41.27,0.0,144.857,0.0,0.0,2252.508,5341.302,119.42,2252.508,0.4217151548442683,3088.794,4602.474,True,True,True,2,1123.433,1059.168,841.9165,3.448,0.0,-1.969,-3.591,4834.825,5284.54,2634.115,2253.7,1.455,0.525,145.125,0.015,193.754,42.64811965826116,0.0099334876897693,6210.395,6407.973,3693.283,3095.6165,4.903,0.525,145.125,-234.49,48.3091959380286,0.0081918347494045,0.0,0.0,51.545,2254.225,2635.57,380.415,0.93,381.345,193.769
2026-01-29 20:00:00,1748.116,0.0,410.611,41.202,0.0,139.923,0.0,0.0,2252.072,5225.991,114.065,2252.072,0.4309368309283349,2973.919,4591.924,True,True,True,2,1078.4255,1059.8885,824.9955,3.448,0.0,-2.0915,12.496,4844.165,5169.465,2581.71,2233.605,1.47,0.545,131.57,0.025,78.801,43.20727536205568,0.0105416340668675,6148.9205,6247.8905,3641.5985,3058.6005,4.918,0.545,131.57,-224.445,48.954250051748645,0.0087219414646455,0.0,0.0,50.69999999999999,2234.15,2583.18,348.105,0.925,349.03000000000003,78.82600000000001
2026-01-29 20:30:00,1752.697,0.0,414.968,41.202,0.0,131.139,0.0,0.0,2215.295,5131.66,114.065,2215.295,0.4316916943055464,2916.365,4555.301,True,True,True,2,1039.381,1059.9915,812.3645,3.448,0.0,-2.3725,-3.6105,4886.985,5052.475,2470.98,2174.195,1.45,0.54,131.255,-57.75,-24.8015,43.031812720310604,0.0106870222842642,6170.6875,6091.856,3530.9715,2986.5595000000003,4.898,0.54,131.255,-225.95,49.02459117465827,0.008863593173052,0.0,0.0,48.67,2174.735,2472.43,296.78499999999985,0.91,297.6949999999999,-82.5515
2026-01-29 21:00:00,1732.116,0.0,411.952,41.202,44.086,131.163,0.0,0.0,2104.905,4986.406,110.535,2104.905,0.4221286834646036,2881.501,4465.424000000001,True,True,True,2,977.798,1062.8065,797.616,3.448,0.0,-2.081,-3.6035,4629.084999999999,4906.225,2399.1850000000004,2098.87,1.45,0.54,131.315,-8.91,55.788,42.783016256768335,0.011007325968815,5832.612499999999,5884.023,3461.9915,2896.4860000000003,4.898,0.54,131.315,-209.14,49.23109338290168,0.009178356662092,0.0,0.0,50.38,2099.41,2400.635,300.3150000000005,0.91,301.22500000000053,46.878
2026-01-29 21:30:00,1525.002,0.0,414.297,41.202,7.174,131.22,0.0,0.0,2071.38,4810.219,110.535,2071.38,0.4306207264159906,2738.839,4190.275,True,True,True,2,920.8095,1059.8095,785.4490000000001,3.448,0.0,-2.3645,7.5835,4371.93,4724.674999999999,2347.15,2079.0,1.475,0.5549999999999999,131.04,-0.025,72.923,44.00940272657359,0.0117508410814641,5553.9475,5645.4845000000005,3406.9595,2864.449,4.923,0.5549999999999999,131.04,-257.29,50.74533501989891,0.0098347563175525,0.0,0.0,52.505,2079.555,2348.625,268.1500000000001,0.9200000000000002,269.0700000000001,72.898
2026-01-29 22:00:00,1411.495,0.0,346.878,41.202,0.0,130.734,0.0,0.0,2108.338,4625.137,102.605,2108.338,0.4558433620452757,2516.7989999999995,4038.647,True,True,True,2,855.4894999999999,1059.6615,742.8235,3.448,0.0,-0.3814999999999999,86.9705,4105.014999999999,4542.754999999999,2359.655,2097.715,1.435,0.56,131.05,-0.02,45.22,46.18400218672806,0.0123263530959309,5251.382,5398.244499999999,3419.3165,2840.5385,4.883,0.56,131.05,-369.83,52.62320817640867,0.0103730132074934,0.0,0.0,55.38000000000001,2098.275,2361.09,261.9399999999996,0.875,262.8149999999996,45.2
2026-01-29 22:30:00,1390.908,0.0,210.676,41.13,0.0,130.987,0.0,0.0,2136.957,4446.844,102.605,2136.957,0.4805558728842298,2309.887,3910.658,True,True,True,2,783.165,1067.2885,713.816,3.448,0.0,-1.7345000000000002,3.9505,4084.995,4358.58,2431.835,2142.07,1.435,0.56,131.175,-10.805,-72.2825,49.14824072279274,0.0128538737868444,5208.464,5141.745000000001,3499.1235,2855.886,4.883,0.56,131.175,-333.87,55.5479236746262,0.0108970083938819,0.0,0.0,55.07500000000001,2142.63,2433.27,289.7650000000003,0.875,290.6400000000003,-83.0875
2026-01-29 23:00:00,1401.976,0.0,238.51,41.339,0.0,131.264,0.0,0.0,2088.051,4281.628,105.155,2088.051,0.4876768836526667,2193.577,3901.14,True,True,True,2,718.034,1071.5955,661.886,3.448,0.0,-2.3005,-4.118,4089.545,4357.49,2419.275,2080.035,1.435,0.5549999999999999,131.37,-1.045,-77.46199999999999,47.734279328151445,0.0127388928430434,5155.2955,5075.523999999999,3490.8705,2741.921,4.883,0.5549999999999999,131.37,-332.595,54.01947204253872,0.0109379603998459,0.0,0.0,53.435,2080.59,2420.71,339.24000000000024,0.8800000000000001,340.12000000000023,-78.50699999999999
2026-01-29 23:30:00,1376.479,0.0,189.52,41.202,0.0,131.074,0.0,0.0,2051.308,4303.952,105.155,2051.308,0.4766103339442447,2252.644,3789.583,True,True,True,2,665.13,1078.021,635.999,3.448,0.0,-5.0965,-4.103999999999999,3930.37,4225.455,2404.665,2083.285,1.435,0.55,130.85500000000002,-0.02,-39.234,49.311683815262256,0.0130174161357902,4969.165,4890.585,3482.686,2719.284,4.883,0.55,130.85500000000002,-355.105,55.61178514461807,0.0112471761287661,0.0,0.0,54.945,2083.835,2406.1,321.3800000000001,0.885,322.2650000000001,-39.254000000000005
2026-01-30 00:00:00,1251.506,0.0,164.366,40.92,0.0,130.995,0.0,0.0,2092.089,4140.878,102.875,2092.089,0.5052283597826355,2048.789,3679.876,True,True,True,2,628.1025,1076.799,595.042,3.448,0.0,-2.3085,-4.124499999999999,3914.04,4111.335,2357.905,2046.15,1.465,0.56,131.675,-0.015,-2.5915000000000004,49.76648801386431,0.0136254771332368,4917.6155,4739.4375,3434.704,2641.192,4.913,0.56,131.675,-361.105,55.723765513046686,0.0118203577289241,0.0,0.0,53.955,2046.71,2359.37,311.7549999999999,0.9049999999999998,312.65999999999985,-2.6065000000000005
2026-01-30 00:30:00,1260.024,0.0,346.878,41.202,0.0,131.591,0.0,0.0,2057.283,4056.873,102.875,2057.283,0.5071105257670131,1999.59,3836.978,True,True,True,2,596.917,1066.3735,531.7484999999999,3.448,0.0,-2.3055,-4.164,3998.29,3997.28,2411.085,2078.605,1.44,0.5700000000000001,131.15,-0.02,-87.62899999999999,52.00757603833765,0.0142623566194391,4934.826499999999,4594.197,3477.4585,2610.3535,4.888,0.5700000000000001,131.15,-324.0,56.82530250963793,0.0124093448253922,0.0,0.0,53.17000000000001,2079.175,2412.525,332.48,0.8699999999999999,333.35,-87.64899999999999
2026-01-30 01:00:00,1138.461,0.0,402.569,41.202,0.0,131.279,0.0,0.0,2110.477,3947.876,97.63,2110.477,0.5345854327744842,1837.3990000000003,3823.988,True,True,True,2,617.5185,1059.7015,530.6005,3.448,0.0,-2.281,-4.1705,3947.025,3930.805,2474.83,2151.025,1.4449999999999998,0.58,131.57,-0.02,-77.6465,54.72665856652519,0.0147556204029305,4893.2970000000005,4548.3235,3534.5315,2681.6255,4.893,0.58,131.57,-313.52,58.96119366703834,0.0127521188978421,0.0,0.0,55.035,2151.605,2476.275,323.8050000000003,0.8649999999999999,324.6700000000003,-77.6665
2026-01-30 01:30:00,937.072,0.0,355.255,41.202,0.0,131.372,0.0,0.0,2199.134,3893.653,97.63,2199.134,0.5647996881078001,1694.5189999999998,3664.035,True,True,True,2,612.142,1061.679,529.6495,3.448,0.0,-2.285,-2.672,3753.765,3850.61,2522.3900000000003,2186.065,1.4249999999999998,0.57,131.315,-0.02,32.6325,56.77393710428955,0.0148034409050499,4696.568,4462.752,3584.0690000000004,2715.7145,4.873,0.57,131.315,-317.17999999999995,60.85487719187189,0.012772869009117,0.0,0.0,58.275,2186.635,2523.8150000000005,336.3250000000003,0.8549999999999999,337.1800000000003,32.6125
2026-01-30 02:00:00,765.686,0.0,360.616,41.202,0.0,130.742,0.0,0.0,2174.032,3825.111,93.32,2174.032,0.5683578855620138,1651.0789999999995,3472.278,True,True,True,2,606.8225,1055.7530000000002,485.33,3.448,0.0,-5.207,61.6305,3666.505,3913.655,2688.505,2280.94,1.43,0.55,131.20499999999998,-0.02,172.4375,58.28264496253852,0.0140536581303761,4554.335499999999,4520.4775,3744.258,2766.27,4.878,0.55,131.20499999999998,-328.35,61.19523303174539,0.0121671413480726,0.0,0.0,62.68500000000002,2281.49,2689.935,407.5650000000005,0.8799999999999999,408.4450000000005,172.4175
2026-01-30 02:30:00,661.185,0.0,240.521,41.202,0.0,130.923,0.0,0.0,2376.366,3908.796,93.32,2376.366,0.6079534465344316,1532.4299999999998,3450.197,True,True,True,2,595.723,1046.491,516.049,3.448,0.0,-5.3025,0.2255000000000002,3611.35,3871.82,2840.215,2439.945,1.44,0.5700000000000001,131.1,-0.02,246.275,63.02083899245703,0.0147235609484634,4536.0160000000005,4467.543,3886.706,2955.994,4.888,0.5700000000000001,131.1,-314.885,66.1701472048009,0.0127603824061043,0.0,0.0,66.925,2440.515,2841.655,400.2700000000005,0.8699999999999999,401.1400000000005,246.255
2026-01-30 03:00:00,615.741,0.0,168.387,41.27,0.0,131.011,0.0,0.0,2483.657,3843.051,91.43,2483.657,0.6462721936294887,1359.3939999999998,3440.0660000000003,True,True,True,2,584.9605,1036.6570000000002,534.0564999999999,3.448,0.0,-27.5235,-4.109999999999999,3608.805,3827.76,2851.345,2450.52,1.42,0.57,131.195,-0.025,216.2345,64.0198532648667,0.0148913822698778,4565.1945,4412.720499999999,3888.002,2984.5765,4.868,0.57,131.195,-331.58500000000004,67.63614991390718,0.0129173834631393,0.0,0.0,66.855,2451.09,2852.765,400.8249999999998,0.85,401.67499999999984,216.2095
2026-01-30 03:30:00,722.397,0.0,178.462,41.202,0.0,131.176,0.0,0.0,2424.639,3797.364,91.43,2424.639,0.6385058161398276,1372.725,3497.876,True,True,True,2,576.0225,1037.123,491.75,3.448,0.0,-5.355,11.2505,3666.625,3780.77,2863.2650000000003,2448.535,1.43,0.5700000000000001,130.93,-0.02,180.3765,64.76334248873653,0.0150778050732309,4572.1445,4356.7925,3900.388,2940.285,4.878,0.5700000000000001,130.93,-326.645,67.4870222965483,0.0130843073574835,0.0,0.0,65.72,2449.105,2864.695,414.7300000000005,0.8599999999999999,415.5900000000005,180.3565
2026-01-30 04:00:00,621.412,0.0,163.696,41.13,0.0,130.723,0.0,0.0,2432.017,3746.129,92.715,2432.017,0.6492080224679929,1314.112,3388.978,True,True,True,2,575.2065,1027.888,400.7965,3.448,0.0,-5.3175,119.168,3592.63,3740.835,2965.94,2464.37,1.44,0.5549999999999999,130.945,-0.02,223.7175,65.87847333420721,0.0148371684541543,4399.67,4316.041499999999,3993.828,2865.1665000000003,4.888,0.5549999999999999,130.945,-338.015,66.38400464225529,0.0128599493875034,0.0,0.0,67.53500000000001,2464.925,2967.38,501.57000000000016,0.885,502.45500000000015,223.6975
2026-01-30 04:30:00,643.388,0.0,164.366,41.202,0.0,130.888,0.0,0.0,2486.481,3725.991,92.715,2486.481,0.6673341400985672,1239.5099999999998,3466.3250000000003,True,True,True,2,574.3145,1013.8,396.296,3.448,0.0,-5.322,74.6325,3716.52,3728.1,3055.635,2552.69,1.4249999999999998,0.5700000000000001,130.785,-0.02,79.2035,68.47172666376493,0.0152893631245167,4526.545,4302.414500000001,4069.435,2948.986,4.872999999999999,0.5700000000000001,130.785,-297.48,68.54265801618737,0.0132484070437601,0.0,0.0,66.24,2553.26,3057.0600000000004,502.94500000000016,0.8549999999999998,503.8000000000002,79.18350000000001
2026-01-30 05:00:00,687.753,0.0,176.787,41.339,0.0,131.396,0.0,0.0,2586.832,3726.134,97.78,2586.832,0.6942401964073218,1139.302,3624.107,True,True,True,2,593.6185,1005.291,469.282,3.448,0.0,-2.4115,-61.1535,3699.78,3768.65,3083.675,2555.1,1.45,0.56,130.965,-0.02,-17.840999999999998,67.79960859637441,0.014859872691493,4584.644,4362.2685,4088.966,3024.382,4.898,0.56,130.965,-218.29,69.33112476396516,0.0128379619556788,0.0,0.0,65.94,2555.66,3085.125,528.5750000000003,0.8899999999999999,529.4650000000003,-17.860999999999997
2026-01-30 05:30:00,602.798,0.0,164.031,41.339,0.0,130.965,0.0,0.0,2503.725,3767.412,97.78,2503.725,0.6645742488477502,1263.687,3442.858,True,True,True,2,629.4794999999999,1001.6205,562.0365,3.448,0.0,-2.3835,-40.331,3673.87,3827.01,3024.255,2491.3500000000004,1.38,0.545,130.97,-17.450000000000003,-146.634,65.10093920475445,0.0142423512748491,4651.324500000001,4456.4895,4025.8755,3053.3865,4.827999999999999,0.545,130.97,-296.485,68.50754892444712,0.0122313368077219,0.0,0.0,65.86,2491.8950000000004,3025.635,532.9049999999997,0.8349999999999999,533.7399999999998,-164.084
2026-01-30 06:00:00,782.797,0.0,170.063,41.339,0.0,131.648,0.0,0.0,2514.249,3905.258,110.305,2514.249,0.6438112411523131,1391.009,3640.096,True,True,True,2,731.992,1002.221,734.4705,3.448,0.0,-2.4435,-149.5325,4048.24,4022.955,3007.135,2495.6,1.4,0.555,131.685,-112.44,-199.915,62.05317118220619,0.0137992512711771,5205.75,4754.947,4009.356,3230.0705,4.848,0.555,131.685,-266.835,67.95266521148811,0.0116763776475541,0.0,0.0,62.52,2496.155,3008.5350000000003,511.5350000000003,0.8449999999999999,512.3800000000003,-312.355
2026-01-30 06:30:00,1157.914,0.0,170.398,41.621,0.0,131.72,0.0,0.0,2447.494,4114.873,110.305,2447.494,0.5947921114454809,1667.3789999999997,3949.147,True,True,True,2,819.8330000000001,984.258,738.7139999999999,3.448,0.0,-2.3865,-112.5485,4242.235000000001,4250.585,2889.615,2486.535,1.395,0.565,130.66500000000002,-20.1,-199.9145,58.49241381175485,0.0133011380010713,5393.6625,5070.418,3873.873,3225.249,4.843,0.565,130.66500000000002,-208.34,63.60815747437372,0.0111517638832446,0.0,0.0,59.885,2487.1,2891.01,403.0799999999999,0.8300000000000001,403.9099999999999,-220.0145
2026-01-30 07:00:00,1334.624,0.0,176.117,41.27,0.0,131.08,0.0,0.0,2578.258,4402.33,125.97,2578.258,0.5856575949553986,1824.072,4261.349,True,True,True,2,939.4655,975.121,771.4495,3.448,0.0,-2.1215,-199.802,4789.27,4603.67,2878.16,2634.16,1.4,0.595,131.34,-46.620000000000005,-199.875,57.23271103072756,0.0129306811380631,5981.3935,5543.1355,3853.281,3405.6095000000005,4.848,0.595,131.34,-38.235,61.459784803547365,0.0107404392511836,0.0,0.0,57.25,2634.755,2879.56,244.0,0.8049999999999999,244.805,-246.495
2026-01-30 07:30:00,1609.534,0.0,275.08,41.339,0.0,132.838,0.0,0.0,2636.0,4770.498,125.97,2636.0,0.552562856121101,2134.498,4694.791,True,True,True,2,1037.1375,976.2055,771.3489999999999,3.448,0.0,-2.2995,-89.8765,4910.34,4851.965,2856.8,2593.85,1.36,0.56,136.14999999999998,-1.58,-199.9755,53.466300967726056,0.0115458322030078,6175.3395,5889.102500000001,3833.0055,3365.199,4.808,0.56,136.14999999999998,-122.145,57.1525553882104,0.0095139741804827,0.0,0.0,54.82499999999999,2594.41,2858.1600000000003,262.9500000000003,0.7999999999999998,263.7500000000003,-201.5555
2026-01-30 08:00:00,1640.916,0.0,273.069,41.27,0.0,139.153,0.0,0.0,2500.0,4852.738,135.05,2500.0,0.5151730837312873,2352.7380000000003,4594.407999999999,True,True,True,2,1091.8114999999998,966.737,760.6785,3.482,0.0,-2.301,-4.065,4849.35,4883.385,2679.81,2417.11,3.82,3.05,141.46,-0.02,-172.8955,49.500899047379136,0.0623504379998206,6144.7215,5975.1965,3646.547,3177.7885,7.302,3.05,141.46,-182.775,53.1875642989212,0.0509334762907508,0.0,0.0,52.150000000000006,2420.16,2683.63,262.7000000000003,0.7700000000000005,263.47000000000025,-172.9155
2026-01-30 08:30:00,1719.73,0.0,382.777,41.339,0.0,143.889,0.0,0.0,2327.84,4899.807,135.05,2327.84,0.4750881004088529,2571.967,4615.575000000001,True,True,True,2,1112.3525,955.994,742.142,3.7975,0.2385,-2.293,-3.66,4770.195,4907.825,2402.3900000000003,2173.6800000000003,20.385,19.82,145.27499999999998,-0.02,-39.4675,44.29443477643211,0.4035915204101701,6055.793,6020.1775,3358.384,2915.822,24.1825,20.0585,145.27499999999998,-152.81,48.4388251786802,0.3329423791963705,0.0,0.0,48.81999999999999,2193.5000000000005,2422.7750000000005,228.71000000000004,0.5649999999999977,229.27500000000003,-39.4875
2026-01-30 09:00:00,1759.73,0.0,417.648,41.202,10.104,145.595,0.0,0.0,2030.886,4958.994,128.79,2030.886,0.4095358857058508,2928.108,4405.165,True,True,True,2,1150.0030000000002,942.1515,728.965,4.128,1.0865,-2.1775,57.474500000000006,4698.43,4979.0650000000005,2136.9,1950.765,51.11,49.385000000000005,145.155,-0.02,72.31,39.18028263758271,0.9915180958546546,5990.197,6129.068,3079.0515,2679.73,55.238,50.4715,145.155,-184.1,43.72265314559027,0.8230440799591131,0.0,0.0,47.12,2000.15,2188.01,186.13500000000025,1.7249999999999943,187.8600000000002,72.29
2026-01-30 09:30:00,1745.68,0.0,410.276,41.202,0.0,145.818,0.0,0.0,1895.097,4999.471,128.79,1895.097,0.3790595044955757,3104.374,4238.073,True,True,True,2,1163.678,948.725,739.4639999999999,6.0535,3.467,-1.87,10.816,4638.764999999999,4993.030000000001,2002.525,1869.225,85.66,83.51,145.285,-0.02,222.2715,37.43512219880846,1.672537454122116,5915.305,6156.7080000000005,2951.25,2608.689,91.7135,86.977,145.285,-108.11,42.37045301480501,1.4127297327955333,0.0,0.0,48.155,1952.735,2088.185,133.30000000000018,2.1499999999999915,135.45000000000016,222.2515
2026-01-30 10:00:00,1722.345,0.0,408.266,41.202,0.0,145.489,0.0,0.0,1822.853,4950.033,120.36,1822.853,0.3682506763086225,3127.1800000000003,4140.155000000001,True,True,True,2,1160.7179999999998,948.6705,735.912,6.246,4.2395,-1.862,-3.7425,4477.49,4948.74,1872.865,1764.715,105.305,95.205,145.075,-0.02,364.9935,35.65987064442931,1.923833925295615,5739.7985,6109.4580000000005,2821.5355,2500.627,111.551,99.4445,145.075,-81.3,40.93035775092707,1.6277739330973735,0.0,0.0,49.115,1859.92,1978.17,108.14999999999986,10.100000000000009,118.24999999999989,364.9735
2026-01-30 10:30:00,1728.986,0.0,408.936,41.412,0.0,144.552,0.0,0.0,1735.869,4939.579,120.36,1735.869,0.3514204348184329,3203.71,4059.755,True,True,True,2,1163.686,943.456,745.5989999999999,11.2425,9.3685,-2.5330000000000004,-3.728,4400.84,4901.110000000001,1739.91,1667.08,148.16000000000005,136.865,145.16000000000005,-0.02,378.8745,34.013356429161256,2.7925049415815426,5682.611000000001,6064.796,2683.366,2412.679,159.40250000000003,146.2335,145.16000000000005,-97.52,39.781345022736645,2.4112283627754043,0.0,0.0,49.23,1803.945,1888.07,72.82999999999993,11.295000000000016,84.12499999999994,378.8545
2026-01-30 11:00:00,1674.983,0.0,404.245,41.27,5.122,145.738,0.0,0.0,1615.984,4885.344,118.34,1615.984,0.330782028860199,3269.36,3887.342,True,True,True,2,1164.6005,910.242,775.3675000000001,10.709,10.336,-6.907,-2.685,4344.215,4869.565,1659.915,1597.755,185.975,179.785,145.81,-0.02,370.6085,32.81128043358353,3.69187310649439,5663.1255,6034.165499999999,2570.157,2373.1225,196.684,190.121,145.81,-130.47,39.32832307023018,3.1505974779759582,0.0,0.0,49.515,1777.5400000000002,1845.89,62.159999999999854,6.189999999999998,68.34999999999985,370.5885
2026-01-30 11:30:00,1739.635,0.0,425.378,41.27,7.175,145.769,0.0,0.0,1595.99,4851.039,118.34,1595.99,0.3289996225550856,3255.049,3955.217,True,True,True,2,1162.5695,871.3530000000001,754.2525,10.5425,10.461,-6.8685,89.876,4362.545,4847.93,1679.56,1612.9299999999998,184.485,170.125,146.22,-0.02,264.704,33.27039079318489,3.5091067526420576,5651.612999999999,6010.4995,2550.913,2367.1825,195.0275,180.586,146.22,-197.295,39.38417124054085,3.004399859126492,0.0,0.0,49.195,1783.0549999999998,1864.045,66.63000000000011,14.360000000000014,80.99000000000012,264.684
2026-01-30 12:00:00,1658.044,0.0,409.941,41.202,0.0,147.455,0.0,0.0,1578.394,4844.764,118.07,1578.394,0.3257937847952965,3266.37,3835.036,True,True,True,2,1160.3895,808.0165,703.6935000000001,11.6115,12.139,-1.8745,240.128,4152.74,4849.555,1537.16,1484.205,179.91,177.015,146.87,-0.02,356.0465,30.6055518851434,3.6503270648513055,5402.426,6009.9445,2345.1765,2187.8985,191.5215,189.154,146.87,-316.59000000000003,36.40481154872936,3.147390034214013,0.0,0.0,50.28,1661.2199999999998,1717.07,52.95499999999993,2.8950000000000102,55.84999999999994,356.0265
2026-01-30 12:30:00,1667.798,0.0,413.627,41.339,0.0,145.807,0.0,0.0,1441.165,4862.402,118.07,1441.165,0.2963895210638692,3421.237,3709.736,True,True,True,2,1150.4830000000002,738.3135,620.2270000000001,10.6915,11.5475,-2.019,274.3185,4196.935,4855.615,1498.065,1449.09,187.03,184.71,146.66,-0.02,362.1345,29.84333354136147,3.80394253928228,5360.36,6006.098,2236.3785,2069.317,197.7215,196.2575,146.66,-273.13,34.45262707572766,3.267516959593061,0.0,0.0,49.13,1633.8000000000002,1685.095,48.97499999999991,2.319999999999993,51.2949999999999,362.1145
2026-01-30 13:00:00,1686.067,0.0,406.925,41.27,0.0,147.637,0.0,0.0,1386.883,4831.847,121.505,1386.883,0.2870295768885066,3444.964,3668.782,True,True,True,2,1125.7595,660.288,558.7795,14.072,12.652,-2.1435,376.2455,4104.41,4843.915,1342.635,1298.775,172.27499999999998,165.995,147.235,1.225,372.213,26.810253728418,3.4268057095383,5206.6810000000005,5969.674499999999,2002.923,1857.5545,186.347,178.647,147.235,-339.69500000000005,31.113468490045197,2.992474514174716,0.0,0.0,47.465,1464.77,1514.91,43.8599999999999,6.279999999999973,50.13999999999987,373.438
2026-01-30 13:30:00,1704.106,0.0,405.25,41.27,0.0,146.881,0.0,0.0,1191.708,4822.921,121.505,1191.708,0.2470925814459743,3631.213,3489.215,True,True,True,2,1097.391,632.4655,524.946,11.2685,8.2255,-2.1295,420.753,3930.3,4833.46,1167.81,1127.1999999999998,125.82,112.59,146.725,63.63,439.8655,23.320817511511464,2.3293968864576167,4991.779500000001,5930.851000000001,1800.2755,1652.146,137.0885,120.8155,146.725,-371.49,27.856737437308432,2.0370491320271564,0.0,0.0,45.955,1239.7899999999995,1293.63,40.61000000000013,13.22999999999999,53.84000000000012,503.4955
2026-01-30 14:00:00,1742.01,0.0,417.983,41.339,0.0,147.136,0.0,0.0,1100.74,4844.617,121.84,1100.74,0.2272088794635365,3743.877,3449.208,True,True,True,2,1095.0225,606.845,585.002,9.365,7.5945,-2.0645,311.232,4040.995,4865.385,1060.41,1026.29,91.76,89.14,147.10500000000002,3.785,410.5205,21.09537182959639,1.8324556186455656,5223.785,5960.4075,1667.255,1611.292,101.125,96.7345,147.10500000000002,-384.765,27.033796325443483,1.6231919929907457,0.0,0.0,41.295,1115.43,1152.1699999999998,34.11999999999989,2.6200000000000045,36.739999999999895,414.3055
2026-01-30 14:30:00,1719.685,0.0,415.303,72.832,0.0,146.815,0.0,0.0,948.18,4869.886,121.84,948.18,0.1947027096732859,3921.7060000000006,3302.815,True,True,True,2,1090.7905,601.0095,606.748,6.993,7.02,-1.853,394.833,3929.575,4881.935,962.71,934.77,72.22,72.11500000000001,147.13,39.86,505.2035,19.147710213182243,1.4772290618696364,5021.813,5972.7255,1563.7195,1541.518,79.213,79.13499999999999,147.13,-384.885,25.80930884775209,1.324943437526696,0.0,0.0,43.05,1006.885,1034.93,27.94000000000005,0.1049999999999897,28.045000000000044,545.0635
2026-01-30 15:00:00,1739.437,0.0,431.409,77.296,0.0,146.917,0.0,0.0,871.697,4889.095,140.695,871.697,0.1782941423719522,4017.398,3266.756,True,True,True,2,1090.13,550.344,556.2435,8.706,8.491499999999998,-1.656,441.8785,3840.27,4918.49,896.875,868.775,49.325,48.28,146.805,184.35,513.192,17.663047975528016,0.9819234426056404,4859.08,6008.62,1447.219,1425.0185,58.031,56.7715,146.805,-358.85,23.71631802856572,0.945052020496448,0.0,0.0,43.59,917.055,946.2,28.100000000000023,1.0450000000000017,29.145000000000024,697.542
2026-01-30 15:30:00,1646.824,0.0,431.744,88.537,10.326,147.522,0.0,0.0,906.651,4958.93,140.695,906.651,0.182831981899321,4052.279000000001,3231.604,True,True,True,2,1102.4285,559.5409999999999,563.211,6.8475,4.452,-1.6605,441.921,3749.26,4993.635,967.04,934.075,30.82,30.025,146.85500000000002,334.35,513.279,18.706012405946627,0.6014873859945526,4796.007,6096.0635,1526.581,1497.286,37.6675,34.477,146.85500000000002,-375.14,24.561998897705564,0.5657892611848427,0.0,0.0,46.09,964.1,997.86,32.96499999999992,0.7950000000000017,33.75999999999992,847.629
2026-01-30 16:00:00,1634.054,0.0,392.494,87.076,10.326,146.7,0.0,0.0,915.364,5010.737,155.01,915.364,0.1826805118688129,4095.373,3186.014,True,True,True,2,1125.3605,568.4784999999999,578.79,5.1015,1.5139999999999998,-1.671,441.9235,3678.23,5040.639999999999,926.04,893.815,15.505,15.565,160.345,450.885,513.144,17.73245831290492,0.3088634448237731,4749.6855,6166.0005,1494.5185,1472.605,20.6065,17.079,160.345,-376.17,23.883116361044955,0.277127516500249,0.0,0.0,46.685,909.38,941.545,32.22499999999991,0.0,32.22499999999991,964.029
2026-01-30 16:30:00,1611.335,0.0,208.308,107.465,158.936,162.467,0.0,0.0,887.501,5067.115,155.01,887.501,0.1751491726554459,4179.614,3136.0120000000006,True,True,True,2,1170.732,552.2249999999999,562.582,4.0675,0.0545,-1.6835,441.8905,3715.915,5120.49,912.49,867.145,7.955,7.79,162.905,529.775,513.1424999999999,16.935789441694116,0.1522983896958716,4796.5775,6291.222,1464.715,1429.727,12.0225,7.8445,162.905,-339.65,22.72820764139026,0.1248492962788748,0.0,0.0,46.56,874.935,920.445,45.34500000000003,0.165,45.510000000000026,1042.9175
2026-01-30 17:00:00,1648.24,0.0,212.016,112.417,227.052,163.713,0.0,0.0,837.221,5159.559,176.755,837.221,0.1622659998654923,4322.338,3200.659,True,True,True,2,1225.8685,506.6765,516.0374999999999,3.789,0.0,-1.6725,441.8925,3956.01,5258.58,887.335,845.01,1.99,1.305,163.11,529.98,513.087,16.070923537566784,0.0250207375888795,4990.9775,6484.4485,1394.0115,1361.0475,5.779,1.305,163.11,-237.315,20.99220767124565,0.0202900579262673,0.0,0.0,45.855,846.3149999999999,889.325,42.325000000000045,0.6850000000000003,43.01000000000005,1043.067
2026-01-30 17:30:00,1621.42,0.0,246.887,111.588,293.116,162.52,0.0,0.0,827.59,5363.061,176.755,827.59,0.1543129940159174,4535.471,3263.121,True,True,True,2,1242.793,488.8545,501.9205,3.777,0.0,24.699,441.7000000000001,4109.465,5403.55,842.235,812.365,1.295,0.3,162.78,529.975,513.1635,15.03459213983901,0.0055438379148711,5126.4375,6646.343000000001,1331.0895,1314.2855,5.072,0.3,162.78,-227.685,19.775155062114216,0.0045099164633281,0.0,0.0,46.785,812.665,843.53,29.870000000000005,0.995,30.86500000000001,1043.1385
2026-01-30 18:00:00,1577.711,0.0,295.877,108.785,292.018,163.44,0.0,0.0,806.053,5417.314,183.505,806.053,0.1487920028264929,4611.261,3243.884,True,True,True,2,1213.0124999999998,497.1455,506.266,3.777,0.0,21.9635,441.686,4078.215,5390.26,836.625,794.75,1.295,0.715,162.92000000000002,529.98,513.1625,14.743934590172625,0.0132640229073688,5085.4205,6603.2725,1333.7705,1301.016,5.072,0.715,162.92000000000002,-245.725,19.703008842873025,0.0108272929564234,0.0,0.0,47.4,795.465,837.92,41.875,0.58,42.455,1043.1425
2026-01-30 18:30:00,1552.819,0.0,248.25,107.187,287.699,163.564,0.0,0.0,783.599,5367.131,183.505,783.599,0.1459996038852042,4583.532,3143.118,True,True,True,2,1175.529,527.8195000000001,536.1005,3.777,0.0,6.179,441.661,3947.65,5309.764999999999,801.545,757.62,1.295,0.67,165.8,529.975,513.1524999999999,14.26685549584742,0.0126184547971464,4983.3915,6485.294,1329.3645,1293.7205,5.072,0.67,165.8,-296.695,19.94715820953545,0.0103312942120338,0.0,0.0,46.805,758.29,802.8399999999999,43.92499999999996,0.6249999999999999,44.54999999999996,1043.1275
2026-01-30 19:00:00,1562.059,0.0,305.282,105.995,281.55,167.188,0.0,0.0,709.635,5272.082,181.62,709.635,0.1346024208272936,4562.447,3131.709,True,True,True,2,1134.194,501.9795,511.0525,3.777,0.0,21.691000000000003,441.6805,3852.715,5255.765,760.49,724.72,1.31,0.69,166.94,529.98,513.1245,13.789329593961403,0.0131291720048578,4872.905,6389.959000000001,1262.4695,1235.7725,5.087,0.69,166.94,-337.97,19.33857831391148,0.0107989570645518,0.0,0.0,44.03,725.4100000000001,761.8,35.76999999999998,0.6200000000000001,36.38999999999998,1043.1045
2026-01-30 19:30:00,1594.619,0.0,321.701,110.255,289.385,166.885,0.0,0.0,747.77,5218.168,181.62,747.77,0.1433012505538342,4470.397999999999,3230.615,True,True,True,2,1091.454,463.283,468.663,3.777,0.0,22.722,441.6695,3761.565,5166.450000000001,760.615,722.4749999999999,1.32,0.73,166.60000000000002,529.98,512.9835,13.982129472279386,0.0141289719959426,4741.0975,6257.904,1223.898,1191.138,5.097,0.73,166.60000000000002,-339.665,19.032277295397027,0.011664700458471,0.0,0.0,43.495,723.2049999999999,761.9350000000001,38.1400000000001,0.5900000000000001,38.7300000000001,1042.9635
2026-01-30 20:00:00,1558.394,0.0,310.978,107.396,283.312,167.41,0.0,0.0,661.138,5093.775,183.55,661.138,0.1297933261677243,4432.637,3088.628,True,True,True,2,1046.6045,468.7535,475.6775,3.777,0.0,-2.2945,441.5265,3605.195,5032.81,715.0899999999999,676.975,1.33,0.72,166.775,529.98,513.088,13.452759142455712,0.0143066702312067,4587.339,6079.4145,1183.8435,1152.6525,5.107,0.72,166.775,-362.795,18.96183053861813,0.0118438172927911,0.0,0.0,43.825,677.695,716.42,38.114999999999895,0.6100000000000001,38.724999999999895,1043.068
2026-01-30 20:30:00,1584.378,0.0,319.356,109.768,96.527,167.06,0.0,0.0,709.237,4980.896,183.55,709.237,0.1423914492492917,4271.659,2986.326,True,True,True,2,1010.869,445.7645,449.7865,3.777,0.0,-2.6665,441.4795,3508.07,4932.780000000001,743.46,709.275,1.37,0.725,166.51,529.935,513.175,14.37875598070849,0.0146974604117059,4452.7645,5943.649,1189.2245,1159.0614999999998,5.147,0.725,166.51,-361.095,19.500107256540964,0.0121978356720393,0.0,0.0,44.065,710.0,744.83,34.18500000000006,0.6450000000000001,34.83000000000006,1043.11
2026-01-30 21:00:00,1607.036,0.0,324.404,111.515,43.14,166.46,0.0,0.0,703.849,4884.49,151.365,703.849,0.1440987697794447,4180.641,2956.404,True,True,True,2,964.3195,391.986,399.011,3.777,0.0,-0.2154999999999999,441.4615,3408.21,4814.885,677.94,636.8,1.35,0.72,166.84,529.895,513.215,13.22194182545916,0.0149529080110386,4285.327499999999,5779.2045,1069.926,1035.811,5.127000000000001,0.72,166.84,-342.74,17.917530634618046,0.0124578639637684,0.0,0.0,43.385,637.52,679.2900000000001,41.1400000000001,0.6300000000000001,41.7700000000001,1043.11
2026-01-30 21:30:00,1660.936,0.0,389.478,107.255,1.971,167.254,0.0,0.0,585.123,4741.829,151.365,585.123,0.1233960566692725,4156.706,2912.017,True,True,True,2,920.736,363.3665,368.7615,3.777,0.0,-1.098,441.463,3272.0950000000003,4674.445,564.1800000000001,528.39,1.36,0.725,167.105,529.885,513.213,11.299964610123784,0.0155116650073145,4104.5445,5595.181,927.5465,897.1514999999999,5.1370000000000005,0.725,167.105,-340.30499999999995,16.03043865759728,0.0129591826141899,0.0,0.0,42.025,529.115,565.5400000000001,35.79000000000008,0.6349999999999999,36.42500000000008,1043.098
2026-01-30 22:00:00,1664.927,0.0,412.622,107.883,7.03,166.76,0.0,0.0,484.536,4583.741,136.345,484.536,0.1057075432490622,4099.205,2843.758,True,True,True,2,870.2035000000001,337.3195,340.02750000000003,3.777,0.0,-2.299,435.7605,3086.125,4502.52,508.63,466.975,1.35,0.6699999999999999,166.48000000000002,529.92,513.2895000000001,10.370696120980137,0.0148776439662067,3888.143,5372.7235,845.9495000000001,807.0025,5.127000000000001,0.6699999999999999,166.48000000000002,-353.875,15.021302467816117,0.0124678713770308,0.0,0.0,41.945,467.645,509.98,41.65499999999997,0.6800000000000002,42.33499999999997,1043.2095
2026-01-30 22:30:00,1511.074,0.0,416.308,106.905,0.0,166.379,0.0,0.0,459.6,4412.347,136.345,459.6,0.1041622519715698,3952.747,2660.266,True,True,True,2,818.534,333.804,337.0285,3.777,0.0,-2.487,344.8135,2996.77,4337.53,475.425,442.745,1.375,0.73,165.095,529.9,513.137,10.20651465627517,0.0168273066796214,3815.7795,5156.064,809.229,779.7735,5.152,0.73,165.095,-330.825,15.122013009694609,0.0141557554037717,0.0,0.0,41.010000000000005,443.475,476.8,32.68000000000001,0.645,33.32500000000001,1043.0369999999998
2026-01-30 23:00:00,1604.263,0.0,414.968,99.223,0.0,150.448,0.0,0.0,421.266,4282.396,116.535,421.266,0.0983715658243656,3861.13,2690.168,True,True,True,2,762.409,295.767,299.2085,3.777,0.0,-2.5215,324.5485,3104.715,4370.83,455.725,430.675,1.3849999999999998,0.72,151.13,529.97,513.039,9.853101760392144,0.0164694975603956,3916.3435,5133.239,751.492,729.8835,5.162,0.72,151.13,-359.08500000000004,14.217463027297285,0.0140222420391208,0.0,0.0,39.02,431.395,457.11,25.050000000000068,0.6649999999999998,25.715000000000067,1043.009
2026-01-30 23:30:00,1622.8,0.0,417.983,99.992,0.0,150.72,0.0,0.0,439.403,4343.034,116.535,439.403,0.1011742021821611,3903.631,2730.898,True,True,True,2,716.044,282.74850000000004,285.6755,3.777,0.0,-2.4825,324.544,3100.52,4274.245000000001,478.185,450.29,1.355,0.715,150.845,529.975,513.2115,10.536114819963505,0.0167280827269387,3888.167,4990.289000000001,760.9335,735.9655,5.132000000000001,0.715,150.845,-381.84,14.749311084589166,0.0143279343308838,0.0,0.0,39.34,451.005,479.54,27.89500000000004,0.64,28.53500000000004,1043.1865
2026-01-31 00:00:00,1618.01,0.0,409.606,98.031,0.0,150.638,0.0,0.0,453.865,,113.285,453.865,,,2730.15,True,False,True,2,679.8555,283.97450000000003,291.1705,3.777,0.0,-2.5315000000000003,324.5245,3047.14,4181.45,508.845,472.035,1.4,0.735,146.87,529.98,513.2049999999999,11.291269971695865,0.0175759325371209,3794.204,4861.3055,792.8195000000001,763.2055,5.1770000000000005,0.735,146.87,-379.79,15.7028514356351,0.0151179091244059,0.0,0.0,40.58,472.77,510.245,36.81000000000006,0.6649999999999999,37.47500000000006,1043.185
2026-01-31 00:30:00,1471.765,0.0,413.962,98.313,0.0,146.559,0.0,0.0,481.065,,113.285,481.065,,,2611.664,True,False,True,2,652.0495000000001,274.1645,277.128,3.777,0.0,-2.4995000000000003,324.5265,2922.945,4050.585,541.655,520.64,1.41,0.73,146.48000000000002,528.99,513.1759999999999,12.85630938913171,0.0180228390379319,3633.3275,4702.6345,815.8195000000001,797.768,5.186999999999999,0.73,146.48000000000002,-371.8,16.966096053935242,0.0155239905300243,0.0,0.0,42.55,521.37,543.0649999999999,21.014999999999983,0.6799999999999999,21.694999999999983,1042.166
2026-01-31 01:00:00,1328.394,0.0,423.032,100.552,0.0,147.111,0.0,0.0,548.144,3993.737,110.64,548.144,0.1372509005976107,3445.593,2547.233,True,True,True,2,670.8115,246.4315,249.9775,3.777,0.0,-4.9155,324.534,2906.42,3959.43,566.965,547.15,1.415,0.69,146.62,529.905,513.077,13.819660159905792,0.0174294616373458,3574.3995,4630.2415,813.3965000000001,797.1275,5.192,0.69,146.62,-307.725,17.215680904994702,0.0149036595904753,0.0,0.0,43.02,547.84,568.38,19.81500000000005,0.7250000000000001,20.540000000000056,1042.982
2026-01-31 01:30:00,1307.975,0.0,427.388,102.295,0.0,146.768,0.0,0.0,545.925,3894.38,110.64,545.925,0.1401827762057118,3348.455,2530.351,True,True,True,2,659.5315,231.5555,235.428,3.777,0.0,-28.1005,324.5155,2874.615,3854.37,558.86,540.565,1.39,0.725,146.51999999999998,475.4,513.3924999999999,14.025042514347913,0.0188055704817013,3567.9685,4513.9015,790.4155000000001,775.9929999999999,5.167,0.725,146.51999999999998,-318.63,17.192096693642895,0.0160575583804383,0.0,0.0,42.07,541.2900000000001,560.25,18.29499999999996,0.6650000000000001,18.95999999999996,988.7925
2026-01-31 02:00:00,1309.045,0.0,418.676,100.552,0.0,146.447,0.0,0.0,548.195,3836.029,106.975,548.195,0.1429068966892586,3287.834,2522.9150000000004,True,True,True,2,649.917,232.945,235.9145,3.777,0.0,-5.5760000000000005,324.5255,2903.3900000000003,3922.765,575.885,558.145,1.41,0.725,146.60000000000002,521.685,513.1575,14.228500379923068,0.018480796483327,3595.3135,4572.682000000001,808.8299999999999,794.0595000000001,5.186999999999999,0.725,146.60000000000002,-350.1,17.365480406224716,0.0158536333290753,0.0,0.0,42.690000000000005,558.87,577.295,17.74000000000001,0.6849999999999999,18.425000000000008,1034.8425
2026-01-31 02:30:00,1326.762,0.0,426.048,100.411,0.0,146.483,0.0,0.0,565.325,3908.554,106.975,565.325,0.1446378891016984,3343.2290000000003,2565.029,True,True,True,2,636.8215,251.657,256.658,3.777,0.0,-5.0395,324.516,2856.31,3873.76,590.7049999999999,569.615,1.4249999999999998,0.73,146.595,529.975,513.063,14.70580757192332,0.0188451432773275,3565.1015,4510.5815,842.362,826.273,5.202,0.73,146.595,-381.37,18.320511650839087,0.0161845024334613,0.0,0.0,43.72,570.345,592.1299999999999,21.08999999999992,0.6949999999999998,21.78499999999992,1043.038
2026-01-31 03:00:00,1274.349,0.0,403.575,103.064,0.0,146.202,0.0,0.0,572.027,3839.37,105.66,572.027,0.148989808223745,3267.343,2499.217,True,True,True,2,625.3620000000001,264.32,270.314,3.777,0.0,-5.042999999999999,324.5065,2845.895,3826.105,586.0699999999999,567.05,1.42,0.73,146.915,487.8250000000001,513.156,14.820676499262392,0.0190796691833326,3543.6000000000004,4451.467000000001,850.39,837.3639999999999,5.197,0.73,146.915,-383.985,18.811166268248048,0.0163993006851279,0.0,0.0,43.68,567.78,587.4899999999999,19.019999999999985,0.69,19.709999999999983,1000.981
2026-01-31 03:30:00,1268.582,0.0,428.393,101.522,0.0,146.668,0.0,0.0,568.473,3795.923,105.66,568.473,0.1497588333588431,3227.45,2513.638,True,True,True,2,612.9235000000001,259.3485,256.7985,3.777,0.0,-6.452500000000001,324.5065,2860.505,3761.04,597.08,577.395,1.4249999999999998,0.735,146.345,428.165,513.14,15.352490428324115,0.0195446399663596,3527.6305,4373.9635,856.4285,834.1935000000001,5.202,0.735,146.345,-362.855,19.07190599102352,0.0168058989223236,0.0,0.0,43.11000000000001,578.13,598.505,19.68500000000006,0.6899999999999998,20.37500000000006,941.305
2026-01-31 04:00:00,1237.365,0.0,424.372,100.06,0.0,146.02,0.0,0.0,589.568,3733.195,105.255,589.568,0.157925851716827,3143.6270000000004,2497.385,True,True,True,2,605.7665,259.796,225.5025,3.777,0.0,-32.782,324.506,2817.0,3708.19,604.77,586.935,1.415,0.72,146.23000000000002,460.22,513.2370000000001,15.828089551488434,0.0194173533050069,3451.135,4313.9565,864.566,812.4375,5.192,0.72,146.23000000000002,-309.84000000000003,18.83264174869973,0.0166907911773662,0.0,0.0,43.7,587.655,606.185,17.835000000000036,0.6950000000000001,18.53000000000004,973.457
2026-01-31 04:30:00,1164.674,0.0,417.648,98.804,0.0,146.109,0.0,0.0,573.716,3684.302,105.255,573.716,0.1557190480042081,3110.586,2400.951,True,True,True,2,603.1245,235.684,211.8945,3.777,0.0,-33.7245,324.4915,2740.76,3658.51,600.9100000000001,581.12,1.41,0.755,146.135,438.565,513.1105,15.88432314827209,0.020637438523179,3363.3100000000004,4261.6345,836.594,793.0145,5.187,0.755,146.135,-300.45000000000005,18.60816435488516,0.01771665108511,0.0,0.0,43.875,581.875,602.32,19.79000000000008,0.6549999999999999,20.44500000000008,951.6755
2026-01-31 05:00:00,1160.972,0.0,418.318,103.205,0.0,146.377,0.0,0.0,603.528,3644.079,102.89,603.528,0.1656188024463794,3040.5510000000004,2432.4,True,True,True,2,610.9200000000001,213.587,215.9025,3.777,0.0,-38.1085,322.3955,2731.9300000000003,3648.135,628.44,610.5450000000001,1.44,0.77,146.34,288.585,496.184,16.735788963932873,0.0211067089781344,3366.8830000000003,4259.055,842.027,826.4475,5.2170000000000005,0.77,146.34,-298.105,19.40445992807937,0.0180791337233739,0.0,0.0,42.59499999999999,611.315,629.8800000000001,17.894999999999982,0.6699999999999999,18.564999999999984,784.769
2026-01-31 05:30:00,1214.472,0.0,377.393,99.014,0.0,145.737,0.0,0.0,603.41,3629.118,102.89,603.41,0.1662690493943707,3025.708,2440.026,True,True,True,2,628.3945,217.778,222.9775,3.777,0.0,-0.5545,389.086,2787.685,3660.935,666.835,635.53,1.47,0.73,146.425,138.58,513.296,17.35901996411498,0.0199390872284999,3418.6405,4289.3295,884.613,858.5074999999999,5.247,0.73,146.425,-382.25,20.0140159164543,0.0170178109421755,0.0,0.0,42.080000000000005,636.26,668.3050000000001,31.305000000000064,0.74,32.045000000000066,651.8760000000001
2026-01-31 06:00:00,1340.333,0.0,378.398,99.082,0.0,146.864,0.0,0.0,636.639,3696.779,109.06,636.639,0.1722145143109718,3060.14,2601.3160000000003,True,True,True,2,666.0705,204.6205,208.345,3.777,0.0,-4.29,338.506,3010.885,3751.37,667.165,647.5250000000001,1.42,0.775,146.725,13.485,513.1945,17.262301427790096,0.0206577724051304,3664.2275,4417.4405,871.7855,855.87,5.197,0.775,146.725,-310.905,19.37764290957162,0.0175427250895606,0.0,0.0,37.565,648.3000000000001,668.5849999999999,19.639999999999876,0.6449999999999999,20.284999999999872,526.6795
2026-01-31 06:30:00,1488.489,0.0,380.074,100.411,0.0,146.076,0.0,0.0,630.664,3788.968,109.06,630.664,0.1664474337075425,3158.304,2745.714,True,True,True,2,705.9105,178.79649999999998,183.5375,3.777,0.0,-4.98,399.603,3023.0,3825.16,642.7049999999999,620.435,1.4249999999999998,0.775,146.66,0.02,513.201,16.22054210412869,0.0202604079997437,3659.291,4531.0705,821.5015000000001,803.9725000000001,5.202,0.775,146.66,-314.185,17.74484256772859,0.0171040563322663,0.0,0.0,37.11000000000001,621.2099999999999,644.1299999999999,22.269999999999985,0.6499999999999998,22.91999999999998,513.221
2026-01-31 07:00:00,1485.124,0.0,378.063,99.714,0.0,146.168,0.0,0.0,605.431,3863.616,114.69,605.431,0.1567006141397074,3258.185,2714.5,True,True,True,2,761.5065,168.6445,174.538,3.777,0.0,-2.683,293.074,3226.045,3942.06,611.885,587.5350000000001,1.43,0.755,146.355,2.88,486.1485,14.907588577522446,0.0191558254236068,3920.7205,4703.5665,780.5295000000001,762.0730000000001,5.207000000000001,0.755,146.355,-210.12,16.206336144964247,0.0160554222234192,0.0,0.0,32.45,588.2900000000001,613.3149999999999,24.34999999999991,0.6749999999999999,25.02499999999991,489.0285
2026-01-31 07:30:00,1625.323,0.0,385.793,96.501,0.0,145.929,0.0,0.0,542.704,4005.329,114.69,542.704,0.1354954861385918,3462.625,2796.25,True,True,True,2,814.115,155.6085,161.397,3.777,0.0,-2.9465,365.0545,3241.31,4068.49,564.9549999999999,505.11,1.4449999999999998,0.75,146.64,104.35,513.278,12.418678499903562,0.0184431721627757,3900.5055,4882.605,720.5635,666.5070000000001,5.222,0.75,146.64,-193.12,13.65534956047294,0.0153700388132294,0.0,0.0,33.155,505.86,566.4,59.84499999999992,0.6949999999999998,60.53999999999992,617.628
2026-01-31 08:00:00,1603.381,0.0,363.319,94.34,0.0,145.917,0.0,0.0,463.833,4081.539,126.92,463.833,0.1136416925086346,3617.706,2670.79,True,True,True,2,861.511,146.70600000000002,148.202,3.822,0.0,-2.5525,441.836,3147.88,4157.645,521.2149999999999,481.0700000000001,1.945,1.305,146.875,254.34,513.2125,11.571986880813853,0.031253612486348,3805.914,5019.156000000001,667.921,629.272,5.767,1.305,146.875,-221.74,12.53961718064954,0.0258791908659776,0.0,0.0,35.99,482.37500000000006,523.16,40.14499999999987,0.6399999999999999,40.78499999999987,767.5525
2026-01-31 08:30:00,1642.144,0.0,357.936,78.766,0.0,147.335,0.0,0.0,471.496,4228.575,126.92,471.496,0.1115023382581602,3757.079,2697.677,True,True,True,2,914.2335,147.4995,148.364,4.0475,0.742,-2.252,441.6435,3190.46,4306.745,479.995,462.44,14.64,14.11,148.76999999999998,399.425,513.255,10.7394787397786,0.3261643891856943,3862.579,5220.9785,627.4945,610.804,18.6875,14.852,148.76999999999998,-184.19,11.700753276598183,0.2831339268741832,0.0,0.0,37.275,476.55,494.635,17.555000000000007,0.5300000000000011,18.085000000000008,912.68
2026-01-31 09:00:00,1674.845,0.0,369.351,82.116,0.0,155.081,0.0,0.0,443.909,4397.802,157.5,443.909,0.1009388326259345,3953.893,2725.302,True,True,True,2,967.0145,123.515,123.8165,4.7865,2.6675,-2.3105,441.558,3317.94,4486.385,412.37,397.495,50.1,49.49,162.25,519.66,513.2729999999999,8.864424366688242,1.1014616278003004,3975.16,5453.3995,535.885,521.3115,54.886500000000005,52.1575,162.25,-114.915,9.564293713501456,0.9547911343145828,0.0,0.0,37.06,446.985,462.47,14.875,0.6100000000000065,15.485000000000008,1032.933
2026-01-31 09:30:00,1762.565,0.0,427.053,81.697,0.0,162.388,0.0,0.0,355.739,4550.546,157.5,355.739,0.0781750146026432,4194.807000000001,2789.442,True,True,True,2,1001.7445,97.165,95.886,6.0685,4.917,-2.37,441.578,3413.45,4580.415,353.71000000000004,337.445,90.775,90.545,164.555,529.98,513.2375,7.367471671090301,1.9761858958289449,4093.3725,5582.1595,450.875,433.331,96.8435,95.462,164.555,-102.315,7.763324085918404,1.7095619771947912,0.0,0.0,35.81999999999999,427.99,444.485,16.265000000000043,0.2300000000000182,16.49500000000006,1043.2175
2026-01-31 10:00:00,1772.251,0.0,434.76,82.676,0.0,166.998,0.0,0.0,321.353,4610.87,166.15,321.353,0.0696946563229932,4289.517,2778.038,True,True,True,2,1029.2845,95.803,90.903,6.2725,6.2215,-2.373,441.6555,3481.795,4639.845,345.08500000000004,328.755,99.07,101.755,166.495,529.98,513.127,7.085232104308911,2.1923506771100385,4179.639999999999,5669.129500000001,440.888,419.658,105.3425,107.9765,166.495,-93.81,7.402360929492141,1.903950149941388,0.0,0.0,35.295,430.51,444.155,16.33000000000004,0.0,16.33000000000004,1043.107
2026-01-31 10:30:00,1774.961,0.0,382.107,80.505,0.0,166.004,0.0,0.0,331.563,4656.365,166.15,331.563,0.0712064024190543,4324.802,2735.14,True,True,True,2,1044.852,87.83500000000001,80.0835,7.334,7.246499999999999,-2.5,441.613,3528.38,4659.25,335.94,318.22,136.685,137.20499999999998,166.175,529.94,513.0425,6.8297706681554775,2.944853729102616,4216.703,5704.102,423.775,398.3035,144.019,144.4515,166.175,-67.66,6.982818095085902,2.5323789148532767,0.0,0.0,35.525000000000006,455.425,472.625,17.71999999999997,0.0,17.71999999999997,1042.9825
2026-01-31 11:00:00,1788.053,0.0,350.899,82.676,7.541,165.633,0.0,0.0,294.106,4654.394,171.46,294.106,0.0631888920448075,4360.2880000000005,2688.9080000000004,True,True,True,2,1059.0945000000002,67.9085,62.8035,10.2885,10.737,-2.489,441.644,3557.805,4655.775,308.04,288.785,175.865,172.78,166.16500000000002,529.895,513.1105,6.202730198384407,3.711143660832851,4227.6665,5714.869500000001,375.9485,351.5885,186.1535,183.517,166.16500000000002,-34.585,6.152184157988944,3.21117079021876,0.0,0.0,35.540000000000006,461.565,483.905,19.254999999999995,3.085000000000008,22.340000000000003,1043.0055
2026-01-31 11:30:00,1756.97,0.0,396.18,78.903,5.565,166.309,0.0,0.0,301.619,4649.95,171.46,301.619,0.0648649985483715,4348.331,2705.546,True,True,True,2,1066.5410000000002,57.0745,51.015,11.3935,12.156,-2.361,441.569,3561.355,4633.76,310.525,287.365,235.4,202.54,166.18,529.9,513.213,6.201415590149469,4.371786551551452,4213.531499999999,5700.301,367.5995,338.38,246.7935,214.69600000000003,166.18,-8.95,5.935960529708321,3.766952105285646,0.0,0.0,36.255,489.905,545.925,23.159999999999968,32.85999999999996,56.019999999999925,1043.1129999999998
2026-01-31 12:00:00,1752.455,0.0,395.175,78.694,5.633,166.62,0.0,0.0,293.353,4613.575,172.32,293.353,0.0635847471862926,4320.222,2691.9300000000003,True,True,True,2,1070.7855,40.472,33.847,11.391,12.81,-2.374,441.69,3573.445,4626.0,356.20500000000004,335.605,287.14,254.99,166.685,529.92,513.082,7.254409674489604,5.51213749522958,4210.743,5696.7855,396.677,369.452,298.531,267.8,166.685,10.605,6.4849168088652736,4.700923446278925,0.0,0.0,37.975,590.595,643.345,20.600000000000023,32.14999999999998,52.75,1043.002
2026-01-31 12:30:00,1760.68,0.0,397.521,79.185,5.564,166.69,0.0,0.0,366.233,4633.961,172.32,366.233,0.0790323871953173,4267.728,2775.873,True,True,True,2,1072.0320000000002,30.9695,21.076,10.3105,11.0005,-2.3735,441.6005,3605.855,4629.85,409.48,391.78,224.89,222.91,166.57999999999998,529.89,513.154,8.462160675882506,4.814512906796008,4214.086499999999,5701.882,440.4495,412.856,235.2005,233.9105,166.57999999999998,39.66,7.240783279295481,4.102219990515994,0.0,0.0,37.785,614.6899999999999,634.37,17.700000000000045,1.9799999999999895,19.680000000000035,1043.044
2026-01-31 13:00:00,1780.741,0.0,385.793,78.903,7.319,167.213,0.0,0.0,397.044,4626.701,161.25,397.044,0.0858157896955087,4229.657,2817.013,True,True,True,2,1063.165,21.6935,12.921500000000002,9.88,11.167,-2.3805,441.5535,3575.27,4604.73,452.43,434.13,217.355,213.98,166.575,529.88,513.297,9.428925224840064,4.6471770840231725,4179.5005,5667.895,474.1235,447.0515,227.235,225.147,166.575,34.52,7.888379295135631,3.9725787214069954,0.0,0.0,38.4,648.11,669.7850000000001,18.30000000000001,3.375,21.67500000000001,1043.177
2026-01-31 13:30:00,1754.747,0.0,316.005,55.306,5.488,166.368,0.0,0.0,472.537,4573.64,161.25,472.537,0.1033174889147374,4101.103,2770.451,True,True,True,2,1044.6554999999998,18.446,8.967500000000001,13.0995,14.3375,-2.544,441.5625,3516.155,4561.195,541.395,511.88,222.24,209.15,166.535,529.915,513.249,11.223492760132311,4.585754958723855,4117.69,5605.8505000000005,559.841,520.8475,235.3395,223.4875,166.535,18.33,9.292094843201388,3.987054338379339,0.0,0.0,40.14,721.03,763.635,29.514999999999983,13.090000000000003,42.60499999999999,1043.164
2026-01-31 14:00:00,1667.435,0.0,275.414,55.374,0.0,165.74,0.0,0.0,571.894,4534.805,157.96,571.894,0.126112148151905,3962.911,2735.857,True,True,True,2,1032.961,13.968,3.397,10.621,11.2535,-4.974,441.5665,3452.0950000000003,4532.41,596.49,569.535,197.22000000000003,188.2,166.215,529.905,513.0889999999999,12.565557593513269,4.152372018386624,4084.005,5565.371,610.458,572.932,207.841,199.4535,166.215,-21.09,10.294302810827393,3.5838331923788,0.0,0.0,40.72,757.7349999999999,793.71,26.95500000000004,9.02000000000004,35.97500000000008,1042.994
2026-01-31 14:30:00,1635.457,0.0,268.043,55.165,0.0,166.212,0.0,0.0,566.744,4518.039,157.96,566.744,0.1254402629105238,3951.295,2691.6210000000005,True,True,True,2,1025.377,11.722,0.7245,10.1885,9.6985,-2.326,441.562,3356.88,4517.62,616.9300000000001,590.495,180.785,173.505,159.735,529.91,513.223,13.070866994657916,3.840387695386179,4053.499,5542.997,628.652,591.2194999999999,190.9735,183.2035,159.735,-97.415,10.6660021564659,3.304930680591024,0.0,0.0,40.875,764.0,797.715,26.43500000000006,7.280000000000001,33.71500000000006,1043.1329999999998
2026-01-31 15:00:00,1624.154,0.0,227.43,55.165,0.0,150.603,0.0,0.0,553.562,4517.188,182.215,553.562,0.1225457076393543,3963.626,2610.914,True,True,True,2,1027.6645,12.0225,0.407,8.5605,6.8665,-1.9665,441.586,3311.28,4541.93,568.8,552.165,111.93,104.735,150.61,529.905,513.165,12.157233370999238,2.306079684401905,4078.3185,5569.594499999999,580.8225,552.5720000000001,120.4905,111.6015,150.61,-165.875,9.921349097214556,2.003885529430133,0.0,0.0,38.385,656.9,680.73,16.63499999999999,7.195000000000007,23.83,1043.07
2026-01-31 15:30:00,1593.545,0.0,335.127,55.447,0.0,151.094,0.0,0.0,532.305,4562.81,182.215,532.305,0.1166616624404697,4030.505000000001,2667.518,True,True,True,2,1034.8384999999998,12.6565,1.5935,6.886,4.227,-1.9705,441.5515,3338.235,4584.81,527.005,508.1,78.03,74.305,150.335,529.895,513.1514999999999,11.08322692510266,1.62118661846965,4128.8185,5619.6485,539.6614999999999,509.6935,84.916,78.53200000000001,150.335,-181.485,9.07074335983584,1.3979364271019763,0.0,0.0,36.510000000000005,582.405,605.035,18.90500000000003,3.7249999999999934,22.630000000000024,1043.0465
2026-01-31 16:00:00,1731.01,0.0,348.888,55.447,0.0,149.445,0.0,0.0,461.018,4614.872,195.71,461.018,0.0998983287077084,4153.854,2745.808,True,True,True,2,1057.842,13.9235,2.2315,6.3315,3.161,-1.9755,441.592,3447.505,4670.985000000001,438.025,420.565,46.66,43.495,150.115,529.9,513.223,9.006724469955394,0.9322020487926288,4239.0155,5728.827,451.9485,422.7965,52.9915,46.65599999999999,150.115,-158.255,7.382589148747362,0.8153266017674616,0.0,0.0,33.665,464.06,484.685,17.45999999999998,3.164999999999999,20.62499999999998,1043.123
2026-01-31 16:30:00,1734.485,0.0,340.824,55.447,235.552,149.257,0.0,0.0,375.018,4730.208,195.71,375.018,0.0792815030544111,4355.19,2890.583,True,True,True,2,1100.0325,14.7625,2.9015000000000004,5.314500000000001,0.9015,-1.9955,441.527,3586.955,4799.225,354.155,332.35,13.32,12.915,149.74,529.9,513.143,6.928079151343755,0.269835531027797,4409.748,5899.2575,368.9175,335.2515,18.634500000000003,13.8165,149.74,-147.125,5.685637326819451,0.2349465661570585,0.0,0.0,31.730000000000004,345.26500000000004,367.475,21.80499999999995,0.4050000000000011,22.20999999999995,1043.043
2026-01-31 17:00:00,1746.771,0.0,411.952,55.306,203.324,149.941,0.0,0.0,297.28,4876.358,230.955,297.28,0.0609635305693306,4579.078,2864.574,True,True,True,2,1170.719,15.119,3.1420000000000003,4.772,0.0,-0.6904999999999999,441.1715,3812.955,4975.18,324.515,302.47,2.3200000000000003,1.37,150.22,529.95,513.1565,6.080632411161811,0.0276910954612017,4655.818499999999,6145.898999999999,339.634,305.612,7.092,1.37,150.22,-95.81,4.973643101588023,0.0224333277229415,0.0,0.0,32.18,303.84000000000003,326.835,22.04499999999996,0.9500000000000002,22.99499999999996,1043.1065
2026-01-31 17:30:00,1762.413,0.0,413.292,60.676,235.842,150.029,49.207,0.0,299.858,5060.978,230.955,299.858,0.0592490226197387,4761.12,2971.317,True,True,True,2,1209.552,14.3425,1.407,4.717,0.0,88.924,441.128,3958.74,5120.225,328.35,307.77,1.415,0.26,150.07999999999998,529.92,513.2115,6.010857050159987,0.0050724642196276,4748.966,6329.777,342.6925,309.177,6.132,0.26,150.07999999999998,-94.02,4.884472369996328,0.0041037327039534,0.0,0.0,34.51,308.03,329.76500000000004,20.58000000000004,1.155,21.73500000000004,1043.1315
2026-01-31 18:00:00,1720.321,0.0,439.474,55.447,259.432,150.441,28.564,0.0,285.793,5139.295,227.3,285.793,0.0556093783291288,4853.502,2939.472,True,True,True,2,1189.332,13.9195,0.5375,4.717,0.0,51.9925,441.168,3974.31,5120.264999999999,332.52,309.99,1.42,0.675,149.435,529.915,513.1800000000001,6.054720355951228,0.0131839136147682,4767.946,6309.597,346.43949999999995,310.52750000000003,6.137,0.675,149.435,-80.44999999999999,4.922060331493627,0.0106990429236325,0.0,0.0,33.865,310.665,333.94,22.529999999999973,0.7449999999999999,23.274999999999974,1043.095
2026-01-31 18:30:00,1763.541,0.0,444.835,55.306,278.986,149.336,30.22,0.0,352.323,5077.956,227.3,352.323,0.0693828382916275,4725.633,3074.547,True,True,True,2,1150.4615,11.902,0.0,4.717,0.0,6.7355,441.147,3922.61,5039.969999999999,380.21,357.73,1.4249999999999998,0.715,149.24,529.915,513.1645000000001,7.097945765413416,0.0141874113096148,4694.117,6190.431500000001,392.112,357.73,6.142,0.715,149.24,-52.755,5.778857475970163,0.0115508815392801,0.0,0.0,32.865,358.445,381.6350000000001,22.480000000000015,0.7099999999999999,23.19000000000002,1043.0795
2026-01-31 19:00:00,1759.08,0.0,443.495,55.447,276.492,149.532,30.112,0.0,348.746,4983.919,191.455,348.746,0.0699742511866665,4635.173,3062.904,True,True,True,2,1105.944,11.899,0.0,4.717,0.0,-2.4035,441.2445,3788.68,4940.58,382.45,358.685,1.43,0.69,149.37,529.905,513.222,7.261287481892718,0.0139641289099159,4560.6775,6046.524,394.349,358.685,6.146999999999999,0.69,149.37,-88.44999999999999,5.933393257915872,0.0114098128772455,0.0,0.0,31.565,359.375,383.88,23.764999999999983,0.74,24.504999999999985,1043.127
2026-01-31 19:30:00,1757.035,0.0,447.181,55.515,261.995,149.727,1.065,0.0,382.214,4878.313,191.455,382.214,0.0783496261924972,4496.099,3054.732,True,True,True,2,1066.6975,13.4805,0.5175,4.717,0.0,-2.4045,441.25,3638.905,4829.04,412.9500000000001,389.6950000000001,1.455,0.6950000000000001,149.47500000000002,529.9,513.163,8.070909714053814,0.0143890862850441,4410.1615,5895.7375,426.43050000000005,390.2125,6.172,0.6950000000000001,149.47500000000002,-128.035,6.619588398992869,0.0117854992832778,0.0,0.0,31.16,390.39,414.405,23.254999999999995,0.76,24.015,1043.063
2026-01-31 20:00:00,1789.518,0.0,450.196,61.659,62.98,153.187,0.0,0.0,412.502,4783.58,180.59,412.502,0.0862329050627354,4371.078,2930.042,True,True,True,2,1029.992,17.627000000000002,4.7975,4.717,0.0,-2.389,441.2225,3490.99,4730.225,444.14,428.975,1.4,0.685,165.44,529.885,513.2345,9.069561791065585,0.0144787700644144,4276.3575,5760.217000000001,461.76700000000005,433.7725,6.116999999999999,0.685,165.44,-178.78,7.531398345040941,0.0118896082855586,0.0,0.0,32.495,429.66,445.54,15.164999999999964,0.7149999999999999,15.879999999999963,1043.1195
2026-01-31 20:30:00,1698.271,0.0,454.888,70.384,6.663,167.02,0.0,0.0,427.198,4681.139,180.59,427.198,0.0912594135743459,4253.941,2824.4239999999995,True,True,True,2,990.3705,22.6445,10.3005,4.717,0.0,-2.3895,441.198,3355.795,4626.0650000000005,415.24,403.49,1.395,0.685,166.21,529.92,513.1675,8.720988275586327,0.0148047891923361,4131.191000000001,5616.4355,437.8845,413.7905,6.111999999999999,0.685,166.21,-210.025,7.36669240784003,0.0121939151715796,0.0,0.0,32.97,404.175,416.635,11.75,0.71,12.46,1043.0875
2026-01-31 21:00:00,1725.49,0.0,436.1,70.311,14.499,167.251,0.0,0.0,377.409,4578.222,137.165,377.409,0.0824357141265757,4200.813,2791.06,True,True,True,2,947.157,27.689,18.005499999999998,4.717,0.0,-2.398,441.1925,3339.19,4521.805,374.46,367.68,1.415,0.695,166.375,529.905,513.258,8.13081700702363,0.0153712361871492,3982.1695,5468.962,402.149,385.6855000000001,6.132,0.695,166.375,-122.25,7.052258418180981,0.0127093868604109,0.0,0.0,33.349999999999994,368.375,375.875,6.779999999999973,0.7200000000000001,7.499999999999972,1043.163
2026-01-31 21:30:00,1684.45,0.0,429.064,70.384,10.905,166.32,0.0,0.0,360.967,4469.852,137.165,360.967,0.0807559176455954,4108.885,2722.09,True,True,True,2,905.569,32.055499999999995,23.163,4.717,0.0,-10.0015,441.235,3238.965,4400.1900000000005,355.14,343.8,1.42,0.695,166.32999999999998,514.815,513.1715,7.813732665768793,0.0157965685396055,3840.0655,5305.759,387.1955,366.963,6.137,0.695,166.32999999999998,-114.835,6.916968297071688,0.013100648042704,0.0,0.0,33.73,344.495,356.56,11.339999999999977,0.725,12.064999999999976,1027.9865
2026-01-31 22:00:00,1679.924,0.0,427.388,55.515,10.47,166.25,0.0,0.0,338.164,4331.766,121.475,338.164,0.0780660820552172,3993.602,2677.711,True,True,True,2,863.8344999999999,36.703500000000005,28.45,4.717,0.0,-2.3375000000000004,441.353,3243.32,4268.4,370.095,353.1,1.395,0.7050000000000001,166.055,387.64,513.1695,8.27390282667944,0.0165224035589728,3787.5615,5132.2345000000005,406.7985,381.55,6.112,0.7050000000000001,166.055,-105.195,7.436027448310482,0.0137419925360875,0.0,0.0,32.87,353.805,371.49,16.995000000000005,0.69,17.685000000000006,900.8095
2026-01-31 22:30:00,1655.142,0.0,429.064,55.306,10.173,166.323,0.0,0.0,393.379,4194.74,121.475,393.379,0.0937791138425742,3801.361,2709.387,True,True,True,2,819.6904999999999,39.176,35.302,4.717,0.0,-19.694000000000003,419.6145,3251.78,4133.975,416.745,409.685,1.39,0.705,166.245,237.645,513.082,9.91253757334504,0.0170555724971573,3811.5265,4953.665500000001,455.9210000000001,444.987,6.106999999999999,0.705,166.245,-126.015,8.985962627282596,0.0142337088970428,0.0,0.0,31.755,410.39,418.135,7.060000000000002,0.6849999999999999,7.745000000000002,750.727
2026-01-31 23:00:00,1610.341,0.0,441.819,55.447,10.616,166.28,0.0,0.0,439.655,4081.001,117.945,439.655,0.1077321470884226,3641.346000000001,2724.1580000000004,True,True,True,2,775.467,48.534000000000006,46.7305,4.717,0.0,-3.6025,436.642,3251.255,4177.02,469.605,444.53,1.41,0.7,165.995,234.305,513.2165,10.642412937423687,0.0167578409753615,3828.6245,4952.487,518.139,491.2605,6.126999999999999,0.7,165.995,-221.215,9.919991920149004,0.0141337054885484,0.0,0.0,32.69,445.23,471.015,25.075000000000045,0.71,25.785000000000046,747.5215000000001
2026-01-31 23:30:00,1640.965,0.0,434.09,68.29,0.0,165.311,0.0,0.0,458.265,4136.897,117.945,458.265,0.1107750567635597,3678.632,2766.921,True,True,True,2,738.087,61.116,63.914,4.717,0.0,-2.185,441.3445,3274.52,4087.69,507.46,496.12,1.3849999999999998,0.675,165.865,234.675,513.2565,12.140072045026583,0.0165113309209618,3871.479,4825.777,568.576,560.0340000000001,6.101999999999999,0.675,165.865,-285.37,11.60927660276701,0.0139858510367395,0.0,0.0,33.905,496.795,508.845,11.339999999999977,0.7099999999999997,12.049999999999974,747.9314999999999
